id,company_name,website_url,headquarters_location,facility_size_sqft,certifications_held,primary_business_type,materials_handled,contact_email,contact_phone,key_personnel,year_established,thomasnet_profile_url,data_source,last_updated,completeness_status,confidence_level,data_provenance
2,"Fabricon International, Inc",https://www.fabriconintl.com/,"Beaumont, TX 77720",Size not specified,"[""ASME""]",Custom Manufacturer,"[""carbon steel"", ""stainless steel"", ""titanium"", ""Monel\u00ae"", ""Hastelloy\u00ae"", ""Inconel\u00ae"", ""nickel alloys""]",Email not provided,630.629.9440,[],1976,https://www.thomasnet.com/suppliers/southern-texas/all-cities/asme-code-pressure-vessels-91721100,Thomasnet,2026-06-17 04:44:27,verified,partial,"{""company_name"": {""source"": ""Thomasnet"", ""date"": ""2026-06-17""}, ""website_url"": {""source"": ""Thomasnet"", ""date"": ""2026-06-17""}, ""headquarters_location"": {""source"": ""Thomasnet"", ""date"": ""2026-06-17""}, ""facility_size_sqft"": {""source"": ""Thomasnet"", ""date"": ""2026-06-17""}, ""primary_business_type"": {""source"": ""Thomasnet"", ""date"": ""2026-06-17""}, ""contact_email"": {""source"": ""Thomasnet"", ""date"": ""2026-06-17""}, ""contact_phone"": {""source"": ""Thomasnet"", ""date"": ""2026-06-17""}, ""year_established"": {""source"": ""Thomasnet"", ""date"": ""2026-06-17""}, ""thomasnet_profile_url"": {""source"": ""Thomasnet"", ""date"": ""2026-06-17""}, ""certifications_held"": {""source"": ""Thomasnet"", ""date"": ""2026-06-17""}, ""materials_handled"": {""source"": ""Thomasnet"", ""date"": ""2026-06-17""}}"
3,"Becker & Associates, Inc",http://catalog.beckerandassociates.com/,"East Dundee, IL 60118",,[],Distributor,"[""Absorbents"", ""Absorbents/Wipes"", ""Air Intake Filters"", ""Aircraft Refueling Equipment"", ""Aviation Hose Reels"", ""Aviation Refueling Equipment"", ""Aviation Refueling Nozzles"", ""Aviation equipment"", ""Bag Filters"", ""Breathers"", ""Carbon Filters"", ""Clay Filters"", ""Clay Treators"", ""Coalescer/Separator"", ""Desicant"", ""Filter Vessels"", ""Filter Vessels & Accessories"", ""Filters"", ""Fuel Monitors"", ""Fuel Quality Control Testing Equipment"", ""Hose Reels"", ""Hydraulic Filters"", ""Industrial filters"", ""Liquid/Liquid Filter Vessels"", ""Meters & Registers"", ""Natural Gas Filters"", ""Power generation filters"", ""Q-Cel Absorbents"", ""Refueling Equipment"", ""Repair Service for Nozzles and Couplers"", ""Replacement Cartridges"", ""Single Stage Coalescers"", ""Sintered Stainless Steel Filter Elements"", ""Spill Kits"", ""Stainless Steel"", ""String Wound Filters"", ""Synthetic Filter Elements"", ""Water Absorbent Filters""]",,(630) 629-9440,[],1937,https://www.thomasnet.com/company/becker-associates-inc-453572/catalog/category/2283-1129,Thomasnet,2026-06-17 05:10:02,verified,partial,"{""company_name"": {""source"": ""Thomasnet"", ""date"": ""2026-06-17""}, ""website_url"": {""source"": ""Thomasnet"", ""date"": ""2026-06-17""}, ""headquarters_location"": {""source"": ""Thomasnet"", ""date"": ""2026-06-17""}, ""primary_business_type"": {""source"": ""Thomasnet"", ""date"": ""2026-06-17""}, ""contact_phone"": {""source"": ""Thomasnet"", ""date"": ""2026-06-17""}, ""year_established"": {""source"": ""Thomasnet"", ""date"": ""2026-06-17""}, ""thomasnet_profile_url"": {""source"": ""Thomasnet"", ""date"": ""2026-06-17""}, ""materials_handled"": {""source"": ""Thomasnet"", ""date"": ""2026-06-17""}}"
4,"Base Construction, Inc",http://www.BaseconstructionCA.com,"Buena Park, CA 90621",,[],Industrial Contracting Services,"[""Concrete"", ""Electrical components"", ""Insulated metal panels (IMP)"", ""Piping"", ""Plastic"", ""Process piping"", ""Steel"", ""Structural steel""]",Not provided,949-387-3471,[],1998,https://www.thomasnet.com/suppliers/usa/construction-management-services-1135,Thomasnet,2026-06-17 04:44:27,verified,partial,"{""company_name"": {""source"": ""Thomasnet"", ""date"": ""2026-06-17""}, ""website_url"": {""source"": ""Thomasnet"", ""date"": ""2026-06-17""}, ""headquarters_location"": {""source"": ""Thomasnet"", ""date"": ""2026-06-17""}, ""facility_size_sqft"": {""source"": ""Thomasnet"", ""date"": ""2026-06-17""}, ""primary_business_type"": {""source"": ""Thomasnet"", ""date"": ""2026-06-17""}, ""contact_email"": {""source"": ""Thomasnet"", ""date"": ""2026-06-17""}, ""contact_phone"": {""source"": ""Thomasnet"", ""date"": ""2026-06-17""}, ""year_established"": {""source"": ""Thomasnet"", ""date"": ""2026-06-17""}, ""thomasnet_profile_url"": {""source"": ""Thomasnet"", ""date"": ""2026-06-17""}, ""materials_handled"": {""source"": ""Thomasnet"", ""date"": ""2026-06-17""}}"
5,McNeil Inc. - McNeil Sales & Service Inc,https://mcneilusa.com/,"Robbinsville, NJ 08691",not specified,"[""ASME"", ""ISO 9000"", ""ISO 45001""]",Custom Manufacturer,"[""Heat management"", ""Refractory construction"", ""Installation services""]",not specified,6098907007,[],1937,https://www.thomasnet.com/suppliers/south-carolina/all-cities/industrial-contractors-6959,Thomasnet,2026-06-17 04:38:42,verified,partial,"{""company_name"": {""source"": ""Thomasnet"", ""date"": ""2026-06-17""}, ""website_url"": {""source"": ""Thomasnet"", ""date"": ""2026-06-17""}, ""headquarters_location"": {""source"": ""Thomasnet"", ""date"": ""2026-06-17""}, ""facility_size_sqft"": {""source"": ""Thomasnet"", ""date"": ""2026-06-17""}, ""primary_business_type"": {""source"": ""Thomasnet"", ""date"": ""2026-06-17""}, ""contact_email"": {""source"": ""Thomasnet"", ""date"": ""2026-06-17""}, ""contact_phone"": {""source"": ""Thomasnet"", ""date"": ""2026-06-17""}, ""year_established"": {""source"": ""Thomasnet"", ""date"": ""2026-06-17""}, ""thomasnet_profile_url"": {""source"": ""Thomasnet"", ""date"": ""2026-06-17""}, ""certifications_held"": {""source"": ""Thomasnet"", ""date"": ""2026-06-17""}, ""materials_handled"": {""source"": ""Thomasnet"", ""date"": ""2026-06-17""}}"
7,"NDT Specialists, Inc",https://www.ndtspecialists.com/industries-served/weld-quality,"Oak Creek, WI 53154","30,000","[""Mil-Spec"", ""ASME"", ""AWS"", ""API"", ""ASTM""]",Service Company,"[""Automotive"", ""Casting"", ""Casting / Forgings"", ""Food & Non-Industrial Applications"", ""Forgings"", ""Foundry Applications"", ""Manufactured Items"", ""Metal Fabrication & Welding Applications"", ""Metal Rolls"", ""Metal Rolls / Plates"", ""Pipes"", ""Plastic"", ""Plastics"", ""Plates"", ""Pressure Vessels"", ""Sintered Metal Products"", ""Structural"", ""Tanks / Pressure Vessels"", ""Weld Quality"", ""Weldments""]",,724.348.6631,[],1988,https://www.thomasnet.com/suppliers/usa/welder-certification-testing-services-84865005,Thomasnet,2026-06-17 05:01:47,verified,partial,"{""company_name"": {""source"": ""Thomasnet"", ""date"": ""2026-06-17""}, ""website_url"": {""source"": ""Thomasnet"", ""date"": ""2026-06-17""}, ""headquarters_location"": {""source"": ""Thomasnet"", ""date"": ""2026-06-17""}, ""facility_size_sqft"": {""source"": ""Thomasnet"", ""date"": ""2026-06-17""}, ""primary_business_type"": {""source"": ""Thomasnet"", ""date"": ""2026-06-17""}, ""contact_phone"": {""source"": ""Thomasnet"", ""date"": ""2026-06-17""}, ""year_established"": {""source"": ""Thomasnet"", ""date"": ""2026-06-17""}, ""thomasnet_profile_url"": {""source"": ""Thomasnet"", ""date"": ""2026-06-17""}, ""certifications_held"": {""source"": ""Thomasnet"", ""date"": ""2026-06-17""}, ""materials_handled"": {""source"": ""Thomasnet"", ""date"": ""2026-06-17""}}"
8,"Walter Long Manufacturing Co., Inc",https://www.walterlongmanufacturing.com/index.html,"Finleyville, PA 15332","30,000 sq ft",[],Custom Manufacturer,"[""abrasion resistant plate"", ""aluminum"", ""carbon steel"", ""stainless steel""]",ca@asme.org,(724) 348-6631,"[""Robert Long, VP""]",1898,https://www.thomasnet.com/company/walter-long-manufacturing-co-inc-160138/profile,Thomasnet,2026-06-17 04:33:45,verified,partial,"{""company_name"": {""source"": ""Thomasnet"", ""date"": ""2026-06-17""}, ""website_url"": {""source"": ""Thomasnet"", ""date"": ""2026-06-17""}, ""headquarters_location"": {""source"": ""Thomasnet"", ""date"": ""2026-06-17""}, ""facility_size_sqft"": {""source"": ""Thomasnet"", ""date"": ""2026-06-17""}, ""primary_business_type"": {""source"": ""Thomasnet"", ""date"": ""2026-06-17""}, ""contact_email"": {""source"": ""Thomasnet"", ""date"": ""2026-06-17""}, ""contact_phone"": {""source"": ""Thomasnet"", ""date"": ""2026-06-17""}, ""year_established"": {""source"": ""Thomasnet"", ""date"": ""2026-06-17""}, ""thomasnet_profile_url"": {""source"": ""Thomasnet"", ""date"": ""2026-06-17""}, ""certifications_held"": {""source"": ""Thomasnet"", ""date"": ""2026-06-17""}, ""materials_handled"": {""source"": ""Thomasnet"", ""date"": ""2026-06-17""}, ""key_personnel"": {""source"": ""Thomasnet"", ""date"": ""2026-06-17""}}"
9,"Loper and Slag, LLC",https://loperandslag.com/,"Portland, OR 97227","200,000","[""ASTM A1097"", ""ASTM A139"", ""ASTM A252"", ""AWWA C200""]",Custom Manufacturer,"[""Steel Pipe"", ""metal"", ""wood""]",Not provided,(503) 473-8515,"[""Jayme Bowens, Project Mgr."", ""Not specified""]",2018,https://www.thomasnet.com/company/loper-and-slag-llc-30970168/profile,Thomasnet,2026-06-17 04:43:43,verified,partial,"{""company_name"": {""source"": ""Thomasnet"", ""date"": ""2026-06-17""}, ""website_url"": {""source"": ""Thomasnet"", ""date"": ""2026-06-17""}, ""headquarters_location"": {""source"": ""Thomasnet"", ""date"": ""2026-06-17""}, ""facility_size_sqft"": {""source"": ""Thomasnet"", ""date"": ""2026-06-17""}, ""primary_business_type"": {""source"": ""Thomasnet"", ""date"": ""2026-06-17""}, ""contact_email"": {""source"": ""Thomasnet"", ""date"": ""2026-06-17""}, ""contact_phone"": {""source"": ""Thomasnet"", ""date"": ""2026-06-17""}, ""year_established"": {""source"": ""Thomasnet"", ""date"": ""2026-06-17""}, ""thomasnet_profile_url"": {""source"": ""Thomasnet"", ""date"": ""2026-06-17""}, ""certifications_held"": {""source"": ""Thomasnet"", ""date"": ""2026-06-17""}, ""materials_handled"": {""source"": ""Thomasnet"", ""date"": ""2026-06-17""}, ""key_personnel"": {""source"": ""Thomasnet"", ""date"": ""2026-06-17""}}"
47,Hanwha Cimarron,https://hanwhacimarron.com,"Huntsville, AL",,[],Energy Storage Solutions,"[""Fuel"", ""Gas"", ""Plastics"", ""Powders"", ""Sludges"", ""Slurries""]",,405-376-2400,[],,https://www.thomasnet.com/company/hanwha-cimarron-30944047/profile,Thomasnet:asme-code-pressure-vessels:alabama,2026-06-17 04:48:20,verified,partial,"{""company_name"": {""source"": ""Thomasnet:asme-code-pressure-vessels:alabama"", ""date"": ""2026-06-17""}, ""website_url"": {""source"": ""Thomasnet:asme-code-pressure-vessels:alabama"", ""date"": ""2026-06-17""}, ""headquarters_location"": {""source"": ""Thomasnet:asme-code-pressure-vessels:alabama"", ""date"": ""2026-06-17""}, ""facility_size_sqft"": {""source"": ""Thomasnet:asme-code-pressure-vessels:alabama"", ""date"": ""2026-06-17""}, ""primary_business_type"": {""source"": ""Thomasnet:asme-code-pressure-vessels:alabama"", ""date"": ""2026-06-17""}, ""contact_email"": {""source"": ""Thomasnet:asme-code-pressure-vessels:alabama"", ""date"": ""2026-06-17""}, ""contact_phone"": {""source"": ""Thomasnet:asme-code-pressure-vessels:alabama"", ""date"": ""2026-06-17""}, ""year_established"": {""source"": ""Thomasnet:asme-code-pressure-vessels:alabama"", ""date"": ""2026-06-17""}, ""thomasnet_profile_url"": {""source"": ""Thomasnet:asme-code-pressure-vessels:alabama"", ""date"": ""2026-06-17""}, ""materials_handled"": {""source"": ""Thomasnet:asme-code-pressure-vessels:alabama"", ""date"": ""2026-06-17""}}"
132,Alabama Heat Exchangers,https://braskinc.com/,"Pearland, TX","200,000 sq ft","[""TEMA Member""]",Heat Exchanger Manufacturer,"[""Carbon Steel"", ""Helixchangers"", ""Helixchangers\u00ae"", ""High Pressure Exchangers"", ""Shell & Tube Heat Exchangers"", ""Shell and Tube Heat Exchangers"", ""Stainless Steel"", ""Transfer Line Exchanger"", ""Transfer Line Exchanger Revamps""]",,,[],1974,,TEMA,2026-06-17 05:02:51,verified,verified,"{""company_name"": {""source"": ""TEMA"", ""date"": ""2026-06-17""}, ""website_url"": {""source"": ""TEMA"", ""date"": ""2026-06-17""}, ""headquarters_location"": {""source"": ""TEMA"", ""date"": ""2026-06-17""}, ""facility_size_sqft"": {""source"": ""TEMA"", ""date"": ""2026-06-17""}, ""primary_business_type"": {""source"": ""TEMA"", ""date"": ""2026-06-17""}, ""year_established"": {""source"": ""TEMA"", ""date"": ""2026-06-17""}, ""certifications_held"": {""source"": ""TEMA"", ""date"": ""2026-06-17""}, ""materials_handled"": {""source"": ""TEMA"", ""date"": ""2026-06-17""}}"
133,"Brask Inc, The Heat Exchanger People",https://nikkisoceig.com/,New Jersey,,"[""ASME"", ""DOE"", ""NUPIC"", ""TEMA Member""]",Heat Exchanger Manufacturer,"[""Carbon Steel"", ""Stainless Steel"", ""corrosion resistant alloys""]",,6788383678,[],,,TEMA,2026-06-17 04:32:26,verified,verified,"{""company_name"": {""source"": ""TEMA"", ""date"": ""2026-06-17""}, ""website_url"": {""source"": ""TEMA"", ""date"": ""2026-06-17""}, ""headquarters_location"": {""source"": ""TEMA"", ""date"": ""2026-06-17""}, ""primary_business_type"": {""source"": ""TEMA"", ""date"": ""2026-06-17""}, ""contact_phone"": {""source"": ""TEMA"", ""date"": ""2026-06-17""}, ""year_established"": {""source"": ""TEMA"", ""date"": ""2026-06-17""}, ""certifications_held"": {""source"": ""TEMA"", ""date"": ""2026-06-17""}, ""materials_handled"": {""source"": ""TEMA"", ""date"": ""2026-06-17""}}"
134,Harris Thermal Transfer Products Logo,https://www.htequip.com/,Americas,,"[""TEMA Member""]",Heat Exchanger Manufacturer,"[""Carbon Steel"", ""Stainless Steel""]",,,[],1974,,TEMA,2026-06-17 04:52:04,verified,verified,"{""company_name"": {""source"": ""TEMA"", ""date"": ""2026-06-17""}, ""website_url"": {""source"": ""TEMA"", ""date"": ""2026-06-17""}, ""headquarters_location"": {""source"": ""TEMA"", ""date"": ""2026-06-17""}, ""facility_size_sqft"": {""source"": ""TEMA"", ""date"": ""2026-06-17""}, ""primary_business_type"": {""source"": ""TEMA"", ""date"": ""2026-06-17""}, ""contact_email"": {""source"": ""TEMA"", ""date"": ""2026-06-17""}, ""contact_phone"": {""source"": ""TEMA"", ""date"": ""2026-06-17""}, ""year_established"": {""source"": ""TEMA"", ""date"": ""2026-06-17""}, ""certifications_held"": {""source"": ""TEMA"", ""date"": ""2026-06-17""}, ""materials_handled"": {""source"": ""TEMA"", ""date"": ""2026-06-17""}}"
135,[![](https://tema.org/wp-content/uploads/2025/12/Metalforms-A-Transtech-Company-Logo-V2.png)](http://www.metalformshx.com/),http://www.josephoat.com/,New Jersey,,"[""ASME"", ""DOE"", ""NUPIC"", ""TEMA Member""]",Heat Exchanger Manufacturer,"[""Carbon Steel"", ""Chemicals"", ""Columns"", ""Corrosion resistant alloys"", ""Heat exchangers"", ""Nuclear materials"", ""Petrochemicals"", ""Pressure vessels"", ""Radioactive materials"", ""Radioactive waste"", ""Reactors"", ""Stainless Steel""]",,16648263683,"[""Not specified""]",1966,,TEMA,2026-06-17 04:43:43,verified,verified,"{""company_name"": {""source"": ""TEMA"", ""date"": ""2026-06-17""}, ""website_url"": {""source"": ""TEMA"", ""date"": ""2026-06-17""}, ""headquarters_location"": {""source"": ""TEMA"", ""date"": ""2026-06-17""}, ""facility_size_sqft"": {""source"": ""TEMA"", ""date"": ""2026-06-17""}, ""primary_business_type"": {""source"": ""TEMA"", ""date"": ""2026-06-17""}, ""contact_email"": {""source"": ""TEMA"", ""date"": ""2026-06-17""}, ""contact_phone"": {""source"": ""TEMA"", ""date"": ""2026-06-17""}, ""year_established"": {""source"": ""TEMA"", ""date"": ""2026-06-17""}, ""certifications_held"": {""source"": ""TEMA"", ""date"": ""2026-06-17""}, ""materials_handled"": {""source"": ""TEMA"", ""date"": ""2026-06-17""}, ""key_personnel"": {""source"": ""TEMA"", ""date"": ""2026-06-17""}}"
139,"American Exchanger Services, Inc",https://amexservices.com/,"W Wisconsin St Hartford, WI",,"[""HEI Member""]",Heat Exchange Manufacturer,"[""Carbon Steel"", ""Stainless Steel""]",,262.670.6625,[],1917,,HEI,2026-06-17 05:14:31,verified,verified,"{""company_name"": {""source"": ""HEI"", ""date"": ""2026-06-17""}, ""website_url"": {""source"": ""HEI"", ""date"": ""2026-06-17""}, ""headquarters_location"": {""source"": ""HEI"", ""date"": ""2026-06-17""}, ""primary_business_type"": {""source"": ""HEI"", ""date"": ""2026-06-17""}, ""contact_phone"": {""source"": ""HEI"", ""date"": ""2026-06-17""}, ""certifications_held"": {""source"": ""HEI"", ""date"": ""2026-06-17""}, ""materials_handled"": {""source"": ""HEI"", ""date"": ""2026-06-17""}}"
141,"Croll Reynolds Company, Inc",https://croll.com/,"Six Campus Drive Parsippany, NJ",,"[""HEI Member""]",Heat Exchange Manufacturer,"[""Carbon Steel"", ""Stainless Steel""]",,908.232.4202,[],1917,,HEI,2026-06-17 05:14:31,verified,verified,"{""company_name"": {""source"": ""HEI"", ""date"": ""2026-06-17""}, ""website_url"": {""source"": ""HEI"", ""date"": ""2026-06-17""}, ""headquarters_location"": {""source"": ""HEI"", ""date"": ""2026-06-17""}, ""primary_business_type"": {""source"": ""HEI"", ""date"": ""2026-06-17""}, ""contact_phone"": {""source"": ""HEI"", ""date"": ""2026-06-17""}, ""certifications_held"": {""source"": ""HEI"", ""date"": ""2026-06-17""}, ""materials_handled"": {""source"": ""HEI"", ""date"": ""2026-06-17""}}"
142,"Six Campus Drive Parsippany, NJ 7056",https://croll.com/,"W Front Street Florence, NJ",,"[""HEI Member""]",Heat Exchange Manufacturer,"[""Carbon Steel"", ""Stainless Steel""]",,908.232.4202,[],1917,,HEI,2026-06-17 05:14:31,verified,verified,"{""company_name"": {""source"": ""HEI"", ""date"": ""2026-06-17""}, ""website_url"": {""source"": ""HEI"", ""date"": ""2026-06-17""}, ""headquarters_location"": {""source"": ""HEI"", ""date"": ""2026-06-17""}, ""primary_business_type"": {""source"": ""HEI"", ""date"": ""2026-06-17""}, ""contact_phone"": {""source"": ""HEI"", ""date"": ""2026-06-17""}, ""certifications_held"": {""source"": ""HEI"", ""date"": ""2026-06-17""}, ""materials_handled"": {""source"": ""HEI"", ""date"": ""2026-06-17""}}"
143,DC Fabricators Inc,https://www.dcfab.com/,"W Front Street Florence, NJ",,"[""HEI Member""]",Heat Exchange Manufacturer,"[""Carbon Steel"", ""Stainless Steel""]",,609.499.3000,[],,,HEI,2026-06-17 05:14:31,verified,verified,"{""company_name"": {""source"": ""HEI"", ""date"": ""2026-06-17""}, ""website_url"": {""source"": ""HEI"", ""date"": ""2026-06-17""}, ""headquarters_location"": {""source"": ""HEI"", ""date"": ""2026-06-17""}, ""primary_business_type"": {""source"": ""HEI"", ""date"": ""2026-06-17""}, ""contact_phone"": {""source"": ""HEI"", ""date"": ""2026-06-17""}, ""certifications_held"": {""source"": ""HEI"", ""date"": ""2026-06-17""}, ""materials_handled"": {""source"": ""HEI"", ""date"": ""2026-06-17""}}"
145,Gardner Denver Nash,https://www.nashpumps.com/en-us/,"Simko Blvd Charleroi, PA",,"[""HEI Member""]",Heat Exchange Manufacturer,"[""Carbon Steel"", ""Stainless Steel""]",,724.239.1548,[],,,HEI,2026-06-17 05:14:31,verified,verified,"{""company_name"": {""source"": ""HEI"", ""date"": ""2026-06-17""}, ""website_url"": {""source"": ""HEI"", ""date"": ""2026-06-17""}, ""headquarters_location"": {""source"": ""HEI"", ""date"": ""2026-06-17""}, ""primary_business_type"": {""source"": ""HEI"", ""date"": ""2026-06-17""}, ""contact_phone"": {""source"": ""HEI"", ""date"": ""2026-06-17""}, ""certifications_held"": {""source"": ""HEI"", ""date"": ""2026-06-17""}, ""materials_handled"": {""source"": ""HEI"", ""date"": ""2026-06-17""}}"
146,"Accounting 200 Simko Blvd Charleroi, PA 15022",https://www.nashpumps.com/en-us/,"Florence Avenue Batavia, NY",,"[""HEI Member""]",Heat Exchange Manufacturer,"[""Carbon Steel"", ""Stainless Steel""]",,724.239.1548,[],1989,,HEI,2026-06-17 05:14:31,verified,verified,"{""company_name"": {""source"": ""HEI"", ""date"": ""2026-06-17""}, ""website_url"": {""source"": ""HEI"", ""date"": ""2026-06-17""}, ""headquarters_location"": {""source"": ""HEI"", ""date"": ""2026-06-17""}, ""primary_business_type"": {""source"": ""HEI"", ""date"": ""2026-06-17""}, ""contact_phone"": {""source"": ""HEI"", ""date"": ""2026-06-17""}, ""certifications_held"": {""source"": ""HEI"", ""date"": ""2026-06-17""}, ""materials_handled"": {""source"": ""HEI"", ""date"": ""2026-06-17""}}"
147,Graham Corporation,https://grahamcorp.com/,"Florence Avenue Batavia, NY",,"[""HEI Member""]",Heat Exchange Manufacturer,"[""Carbon Steel"", ""Stainless Steel""]",,585.343.2216,[],,,HEI,2026-06-17 05:14:31,verified,verified,"{""company_name"": {""source"": ""HEI"", ""date"": ""2026-06-17""}, ""website_url"": {""source"": ""HEI"", ""date"": ""2026-06-17""}, ""headquarters_location"": {""source"": ""HEI"", ""date"": ""2026-06-17""}, ""primary_business_type"": {""source"": ""HEI"", ""date"": ""2026-06-17""}, ""contact_phone"": {""source"": ""HEI"", ""date"": ""2026-06-17""}, ""certifications_held"": {""source"": ""HEI"", ""date"": ""2026-06-17""}, ""materials_handled"": {""source"": ""HEI"", ""date"": ""2026-06-17""}}"
149,Holtec International,https://holtecinternational.com/,"Holtec Blvd Camden, NJ",,"[""HEI Member""]",Heat Exchange Manufacturer,"[""Carbon Steel"", ""Stainless Steel""]",,,[],1989,,HEI,2026-06-17 05:14:31,verified,verified,"{""company_name"": {""source"": ""HEI"", ""date"": ""2026-06-17""}, ""website_url"": {""source"": ""HEI"", ""date"": ""2026-06-17""}, ""headquarters_location"": {""source"": ""HEI"", ""date"": ""2026-06-17""}, ""primary_business_type"": {""source"": ""HEI"", ""date"": ""2026-06-17""}, ""certifications_held"": {""source"": ""HEI"", ""date"": ""2026-06-17""}, ""materials_handled"": {""source"": ""HEI"", ""date"": ""2026-06-17""}}"
151,Kansas City Deaerator Company,http://www.deaerator.com,"Street Stilwell, KS",,"[""HEI Member""]",Heat Exchange Manufacturer,"[""Carbon Steel"", ""Stainless Steel""]",,913.338.2111,[],1989,,HEI,2026-06-17 05:14:31,verified,verified,"{""company_name"": {""source"": ""HEI"", ""date"": ""2026-06-17""}, ""website_url"": {""source"": ""HEI"", ""date"": ""2026-06-17""}, ""headquarters_location"": {""source"": ""HEI"", ""date"": ""2026-06-17""}, ""primary_business_type"": {""source"": ""HEI"", ""date"": ""2026-06-17""}, ""contact_phone"": {""source"": ""HEI"", ""date"": ""2026-06-17""}, ""certifications_held"": {""source"": ""HEI"", ""date"": ""2026-06-17""}, ""materials_handled"": {""source"": ""HEI"", ""date"": ""2026-06-17""}}"
153,"Kelvion, Inc",http://www.kelvion.com,"West Channel Road Catoosa, OK",,"[""HEI Member""]",Heat Exchange Manufacturer,"[""Carbon Steel"", ""Stainless Steel""]",,7673981339,[],,,HEI,2026-06-17 05:14:31,verified,verified,"{""company_name"": {""source"": ""HEI"", ""date"": ""2026-06-17""}, ""website_url"": {""source"": ""HEI"", ""date"": ""2026-06-17""}, ""headquarters_location"": {""source"": ""HEI"", ""date"": ""2026-06-17""}, ""primary_business_type"": {""source"": ""HEI"", ""date"": ""2026-06-17""}, ""certifications_held"": {""source"": ""HEI"", ""date"": ""2026-06-17""}, ""materials_handled"": {""source"": ""HEI"", ""date"": ""2026-06-17""}}"
154,"Accounting 5202 West Channel Road Catoosa, OK 74015",http://www.kelvion.com,"Cherry Hill, NJ",,"[""HEI Member""]",Heat Exchange Manufacturer,"[""Carbon Steel"", ""Stainless Steel""]",,856.470.1504,[],1987,,HEI,2026-06-17 05:14:31,verified,verified,"{""company_name"": {""source"": ""HEI"", ""date"": ""2026-06-17""}, ""website_url"": {""source"": ""HEI"", ""date"": ""2026-06-17""}, ""headquarters_location"": {""source"": ""HEI"", ""date"": ""2026-06-17""}, ""primary_business_type"": {""source"": ""HEI"", ""date"": ""2026-06-17""}, ""contact_phone"": {""source"": ""HEI"", ""date"": ""2026-06-17""}, ""certifications_held"": {""source"": ""HEI"", ""date"": ""2026-06-17""}, ""materials_handled"": {""source"": ""HEI"", ""date"": ""2026-06-17""}}"
155,Maarky Thermal Systems,https://maarky.com,"Cherry Hill, NJ",,"[""HEI Member""]",Heat Exchange Manufacturer,"[""Carbon Steel"", ""Stainless Steel""]",JPasquariello@BabcockPower.com,856.470.1504,[],,,HEI,2026-06-17 05:14:31,verified,verified,"{""company_name"": {""source"": ""HEI"", ""date"": ""2026-06-17""}, ""website_url"": {""source"": ""HEI"", ""date"": ""2026-06-17""}, ""headquarters_location"": {""source"": ""HEI"", ""date"": ""2026-06-17""}, ""primary_business_type"": {""source"": ""HEI"", ""date"": ""2026-06-17""}, ""contact_phone"": {""source"": ""HEI"", ""date"": ""2026-06-17""}, ""certifications_held"": {""source"": ""HEI"", ""date"": ""2026-06-17""}, ""materials_handled"": {""source"": ""HEI"", ""date"": ""2026-06-17""}}"
157,SPG Dry Cooling,https://spgdrycooling.com/,"Bridgewater, NJ",,"[""HEI Member""]",Heat Exchange Manufacturer,"[""Carbon Steel"", ""Stainless Steel""]",JPasquariello@BabcockPower.com,913.664.7515,[],,,HEI,2026-06-17 05:14:31,verified,verified,"{""company_name"": {""source"": ""HEI"", ""date"": ""2026-06-17""}, ""website_url"": {""source"": ""HEI"", ""date"": ""2026-06-17""}, ""headquarters_location"": {""source"": ""HEI"", ""date"": ""2026-06-17""}, ""primary_business_type"": {""source"": ""HEI"", ""date"": ""2026-06-17""}, ""contact_phone"": {""source"": ""HEI"", ""date"": ""2026-06-17""}, ""certifications_held"": {""source"": ""HEI"", ""date"": ""2026-06-17""}, ""materials_handled"": {""source"": ""HEI"", ""date"": ""2026-06-17""}}"
159,Sterling Deaerator Company,https://www.sterlingdeaerator.com/,"Cumming, GA",,"[""HEI Member""]",Heat Exchange Manufacturer,"[""Carbon Steel"", ""Stainless Steel""]",,770.205.1969,[],1987,,HEI,2026-06-17 05:14:31,verified,verified,"{""company_name"": {""source"": ""HEI"", ""date"": ""2026-06-17""}, ""website_url"": {""source"": ""HEI"", ""date"": ""2026-06-17""}, ""headquarters_location"": {""source"": ""HEI"", ""date"": ""2026-06-17""}, ""primary_business_type"": {""source"": ""HEI"", ""date"": ""2026-06-17""}, ""contact_phone"": {""source"": ""HEI"", ""date"": ""2026-06-17""}, ""certifications_held"": {""source"": ""HEI"", ""date"": ""2026-06-17""}, ""materials_handled"": {""source"": ""HEI"", ""date"": ""2026-06-17""}}"
161,Thermal Engineering Int’l (USA) Inc,https://www.babcockpower.com/tei/,"La Palma, CA",,"[""HEI Member""]",Heat Exchange Manufacturer,"[""Carbon Steel"", ""Stainless Steel""]",jpasquariello@babcockpower.com,323.726.0641,[],,,HEI,2026-06-17 05:14:31,verified,verified,"{""company_name"": {""source"": ""HEI"", ""date"": ""2026-06-17""}, ""website_url"": {""source"": ""HEI"", ""date"": ""2026-06-17""}, ""headquarters_location"": {""source"": ""HEI"", ""date"": ""2026-06-17""}, ""primary_business_type"": {""source"": ""HEI"", ""date"": ""2026-06-17""}, ""contact_phone"": {""source"": ""HEI"", ""date"": ""2026-06-17""}, ""certifications_held"": {""source"": ""HEI"", ""date"": ""2026-06-17""}, ""materials_handled"": {""source"": ""HEI"", ""date"": ""2026-06-17""}}"
178,Contact Kimberly MacLaren to see how you can attend our Annual Meeting,https://conveyorequipcaptivate.growthzonecms.com/,Americas,,"[""CEMA Member""]",Conveyor Equipment Manufacturer,[],kim@cemanet.org,,[],1933,,CEMA,2026-06-17 04:43:43,verified,verified,"{""company_name"": {""source"": ""CEMA"", ""date"": ""2026-06-17""}, ""website_url"": {""source"": ""CEMA"", ""date"": ""2026-06-17""}, ""headquarters_location"": {""source"": ""CEMA"", ""date"": ""2026-06-17""}, ""primary_business_type"": {""source"": ""CEMA"", ""date"": ""2026-06-17""}, ""contact_email"": {""source"": ""CEMA"", ""date"": ""2026-06-17""}, ""year_established"": {""source"": ""CEMA"", ""date"": ""2026-06-17""}, ""certifications_held"": {""source"": ""CEMA"", ""date"": ""2026-06-17""}}"
179,CEMA Members in the NEWs – 2019 RECAP,https://conveyorequipcaptivate.growthzonecms.com/,Americas,,"[""CEMA Member""]",Conveyor Equipment Manufacturer,[],kim@cemanet.org,,[],1933,,CEMA,2026-06-17 04:32:50,verified,verified,"{""company_name"": {""source"": ""CEMA"", ""date"": ""2026-06-17""}, ""website_url"": {""source"": ""CEMA"", ""date"": ""2026-06-17""}, ""headquarters_location"": {""source"": ""CEMA"", ""date"": ""2026-06-17""}, ""primary_business_type"": {""source"": ""CEMA"", ""date"": ""2026-06-17""}, ""contact_email"": {""source"": ""CEMA"", ""date"": ""2026-06-17""}, ""year_established"": {""source"": ""CEMA"", ""date"": ""2026-06-17""}, ""certifications_held"": {""source"": ""CEMA"", ""date"": ""2026-06-17""}}"
180,"CEMA Member’s if you want your news in the CEMA Newsletter, sendby the 15th of each month to kim@cemanet.org",https://conveyorequipcaptivate.growthzonecms.com/,Americas,,"[""CEMA Member""]",Conveyor Equipment Manufacturer,[],,,[],1933,,CEMA,2026-06-17 04:46:14,verified,verified,"{""company_name"": {""source"": ""CEMA"", ""date"": ""2026-06-17""}, ""website_url"": {""source"": ""CEMA"", ""date"": ""2026-06-17""}, ""headquarters_location"": {""source"": ""CEMA"", ""date"": ""2026-06-17""}, ""facility_size_sqft"": {""source"": ""CEMA"", ""date"": ""2026-06-17""}, ""primary_business_type"": {""source"": ""CEMA"", ""date"": ""2026-06-17""}, ""contact_email"": {""source"": ""CEMA"", ""date"": ""2026-06-17""}, ""contact_phone"": {""source"": ""CEMA"", ""date"": ""2026-06-17""}, ""year_established"": {""source"": ""CEMA"", ""date"": ""2026-06-17""}, ""certifications_held"": {""source"": ""CEMA"", ""date"": ""2026-06-17""}}"
185,"Spartan, Inc",,"Bakersfield, CA",,"[""STI/SPFA Member""]",Steel Tank / Pipe Fabricator,"[""Carbon Steel"", ""Steel""]",,661-327-1205,[],,,STI-SPFA,2026-06-17 03:41:58,verified,partial,{}
187,"Bakersfield, CA 93301-2137",http://spartaninc.net/,"BAKERSFIELD, CA",,"[""STI/SPFA Member""]",Steel Tank / Pipe Fabricator,"[""Carbon Steel"", ""Custom Fabrication"", ""Field Erected Tanks"", ""Fireguard Fuel Tanks"", ""GEN-TANKS"", ""Piping"", ""Piping Design and Installation"", ""Pressure Vessels"", ""Repair and Maintenance"", ""Shop Storage Tanks"", ""Steel"", ""custom fabrication"", ""field erected tanks"", ""installation"", ""maintenance"", ""piping design"", ""piping design and installation"", ""pressure vessels"", ""repair"", ""repair and maintenance"", ""shop storage tank"", ""shop storage tanks"", ""storage tanks""]",,661-327-1205,[],2026,,STI-SPFA,2026-06-17 05:01:47,verified,verified,"{""company_name"": {""source"": ""STI-SPFA"", ""date"": ""2026-06-17""}, ""website_url"": {""source"": ""STI-SPFA"", ""date"": ""2026-06-17""}, ""headquarters_location"": {""source"": ""STI-SPFA"", ""date"": ""2026-06-17""}, ""primary_business_type"": {""source"": ""STI-SPFA"", ""date"": ""2026-06-17""}, ""contact_phone"": {""source"": ""STI-SPFA"", ""date"": ""2026-06-17""}, ""year_established"": {""source"": ""STI-SPFA"", ""date"": ""2026-06-17""}, ""certifications_held"": {""source"": ""STI-SPFA"", ""date"": ""2026-06-17""}, ""materials_handled"": {""source"": ""STI-SPFA"", ""date"": ""2026-06-17""}}"
190,Morrison Bros. Co,,"Dubuque, IA",,"[""STI/SPFA Member""]",Steel Tank / Pipe Fabricator,"[""Carbon Steel"", ""Steel""]",,563-583-5701,[],,,STI-SPFA,2026-06-17 03:41:58,verified,partial,{}
192,"Dubuque, IA 52001-2378",https://www.morbros.com/,,,"[""STI/SPFA Member"", ""UL 2583""]",Steel Tank / Pipe Fabricator,"[""Carbon Steel"", ""Fuel storage components"", ""Integrated fuel storage components"", ""Steel""]",,563-583-5701,"[""Not specified""]",,,STI-SPFA,2026-06-17 05:08:02,verified,verified,"{""company_name"": {""source"": ""STI-SPFA"", ""date"": ""2026-06-17""}, ""website_url"": {""source"": ""STI-SPFA"", ""date"": ""2026-06-17""}, ""headquarters_location"": {""source"": ""STI-SPFA"", ""date"": ""2026-06-17""}, ""facility_size_sqft"": {""source"": ""STI-SPFA"", ""date"": ""2026-06-17""}, ""primary_business_type"": {""source"": ""STI-SPFA"", ""date"": ""2026-06-17""}, ""contact_email"": {""source"": ""STI-SPFA"", ""date"": ""2026-06-17""}, ""contact_phone"": {""source"": ""STI-SPFA"", ""date"": ""2026-06-17""}, ""year_established"": {""source"": ""STI-SPFA"", ""date"": ""2026-06-17""}, ""certifications_held"": {""source"": ""STI-SPFA"", ""date"": ""2026-06-17""}, ""materials_handled"": {""source"": ""STI-SPFA"", ""date"": ""2026-06-17""}, ""key_personnel"": {""source"": ""STI-SPFA"", ""date"": ""2026-06-17""}}"
197,Garzo Inc dba Engine & Compressor Accessories,,"Waller, TX",,"[""STI/SPFA Member""]",Steel Tank / Pipe Fabricator,"[""Carbon Steel"", ""Steel""]",,713-466-8679,[],,,STI-SPFA,2026-06-17 03:41:58,verified,partial,{}
199,"Waller, TX 77484-8173",https://www.daytank.com/,Unknown,Unknown,"[""EGSA"", ""STI/SPFA Member"", ""Underwriters Labs""]",Steel Tank / Pipe Fabricator,"[""Automatic Day Tanks"", ""Automatic day tanks"", ""Carbon Steel"", ""Containment materials"", ""Economy Automatic Day Tanks"", ""Economy automatic day tanks"", ""Enclosures"", ""Fuel"", ""Fuel Tanks"", ""Fuel tanks"", ""Generator Base Tanks"", ""Generator base tanks"", ""Meter Panels"", ""Meter panels"", ""Pump Sets"", ""Secondary Containment Tanks"", ""Secondary containment day tanks"", ""Secondary containment tanks"", ""Steel""]",Unknown,713-466-8679,"[""Unknown""]",2000,,STI-SPFA,2026-06-17 04:57:45,verified,verified,"{""company_name"": {""source"": ""STI-SPFA"", ""date"": ""2026-06-17""}, ""website_url"": {""source"": ""STI-SPFA"", ""date"": ""2026-06-17""}, ""headquarters_location"": {""source"": ""STI-SPFA"", ""date"": ""2026-06-17""}, ""facility_size_sqft"": {""source"": ""STI-SPFA"", ""date"": ""2026-06-17""}, ""primary_business_type"": {""source"": ""STI-SPFA"", ""date"": ""2026-06-17""}, ""contact_email"": {""source"": ""STI-SPFA"", ""date"": ""2026-06-17""}, ""contact_phone"": {""source"": ""STI-SPFA"", ""date"": ""2026-06-17""}, ""year_established"": {""source"": ""STI-SPFA"", ""date"": ""2026-06-17""}, ""certifications_held"": {""source"": ""STI-SPFA"", ""date"": ""2026-06-17""}, ""materials_handled"": {""source"": ""STI-SPFA"", ""date"": ""2026-06-17""}, ""key_personnel"": {""source"": ""STI-SPFA"", ""date"": ""2026-06-17""}}"
202,"Long Industries, Inc",,"Buffalo, TX",,"[""STI/SPFA Member""]",Steel Tank / Pipe Fabricator,"[""Carbon Steel"", ""Steel""]",,903-389-3263,[],,,STI-SPFA,2026-06-17 03:41:58,verified,partial,{}
204,"Buffalo, TX 75831-6858",https://longindustries.us/,"105 FCR 413, Buffalo, Texas 75831","300,000 sq ft","[""STI/SPFA Member""]",Steel Tank / Pipe Fabricator,"[""API storage tanks"", ""ASME pressure vessels"", ""Carbon Steel"", ""Steel""]",,903-389-3263,[],,,STI-SPFA,2026-06-17 04:52:04,verified,verified,"{""company_name"": {""source"": ""STI-SPFA"", ""date"": ""2026-06-17""}, ""website_url"": {""source"": ""STI-SPFA"", ""date"": ""2026-06-17""}, ""headquarters_location"": {""source"": ""STI-SPFA"", ""date"": ""2026-06-17""}, ""facility_size_sqft"": {""source"": ""STI-SPFA"", ""date"": ""2026-06-17""}, ""primary_business_type"": {""source"": ""STI-SPFA"", ""date"": ""2026-06-17""}, ""contact_phone"": {""source"": ""STI-SPFA"", ""date"": ""2026-06-17""}, ""certifications_held"": {""source"": ""STI-SPFA"", ""date"": ""2026-06-17""}, ""materials_handled"": {""source"": ""STI-SPFA"", ""date"": ""2026-06-17""}}"
208,"Tomago, New South Wales 2322",https://www.tanksolutions.com.au/,Australia,,"[""Authorization to Apply the UL Mark"", ""Employee Certificate working on Fuel Sites"", ""ISO Accreditation"", ""Membership Australian Industry Group"", ""Membership PEI"", ""Membership PEI 2018"", ""Membership STI Fireguard"", ""Membership STI Steel Tanks"", ""STI Steel Tanks Membership"", ""STI/SPFA Member""]",Steel Tank / Pipe Fabricator,"[""Carbon Steel"", ""Chemical"", ""FRP"", ""Fiberglass"", ""Fuel"", ""Steel"", ""Waste Water"", ""Water""]",,6124964827,"[""Manufacturing Team"", ""Sales Team""]",,,STI-SPFA,2026-06-17 04:42:20,verified,verified,"{""company_name"": {""source"": ""STI-SPFA"", ""date"": ""2026-06-17""}, ""website_url"": {""source"": ""STI-SPFA"", ""date"": ""2026-06-17""}, ""headquarters_location"": {""source"": ""STI-SPFA"", ""date"": ""2026-06-17""}, ""facility_size_sqft"": {""source"": ""STI-SPFA"", ""date"": ""2026-06-17""}, ""primary_business_type"": {""source"": ""STI-SPFA"", ""date"": ""2026-06-17""}, ""contact_email"": {""source"": ""STI-SPFA"", ""date"": ""2026-06-17""}, ""contact_phone"": {""source"": ""STI-SPFA"", ""date"": ""2026-06-17""}, ""year_established"": {""source"": ""STI-SPFA"", ""date"": ""2026-06-17""}, ""certifications_held"": {""source"": ""STI-SPFA"", ""date"": ""2026-06-17""}, ""materials_handled"": {""source"": ""STI-SPFA"", ""date"": ""2026-06-17""}, ""key_personnel"": {""source"": ""STI-SPFA"", ""date"": ""2026-06-17""}}"
209,Ward Vessel & Exchanger Corp. (Charlotte),,"Charlotte, NC",,"[""STI/SPFA Member""]",Steel Tank / Pipe Fabricator,"[""Carbon Steel"", ""Steel""]",,704-568-3001,[],,,STI-SPFA,2026-06-17 03:41:58,verified,partial,{}
211,"Charlotte, NC 28215-5101",https://www.wardvesselandexchanger.com/,"Charlotte, NC",,"[""ASME"", ""ASME (American Society of Mechanical Engineers)"", ""ASME Code: Section VIII, Division 1"", ""LCA"", ""LCA (Louisiana Chemical Association)"", ""MTI"", ""MTI (Materials Technology Institute)"", ""STI/SPFA"", ""STI/SPFA (Steel Tank Institute/Steel Plate Fabricators Association)"", ""STI/SPFA Member"", ""TCC"", ""TCC (Texas Chemical Council)"", ""TEMA"", ""TEMA (Tubular Exchanger Manufacturers Association)""]",Steel Tank / Pipe Fabricator,"[""Carbon Steel"", ""Chemical"", ""Columns"", ""Food/Beverage"", ""Food/beverage industry"", ""Pharmaceutical"", ""Pharmaceutical industry"", ""Power"", ""Power industry"", ""Pressure vessels"", ""Process equipment for chemical industry"", ""Pulp/Paper"", ""Pulp/paper industry"", ""Pure Water"", ""Pure water industry"", ""Refinery"", ""Refinery industry"", ""Shell and tube heat exchangers"", ""Steel"", ""chemical"", ""chemicals"", ""food/beverage"", ""heat exchangers"", ""pharmaceutical"", ""pharmaceuticals"", ""power"", ""pressure vessels"", ""pulp/paper"", ""pure water"", ""refinery"", ""towers""]",,704-568-3001,"[""Jon Ward"", ""Mike Pischke""]",,,STI-SPFA,2026-06-17 05:01:00,verified,verified,"{""company_name"": {""source"": ""STI-SPFA"", ""date"": ""2026-06-17""}, ""website_url"": {""source"": ""STI-SPFA"", ""date"": ""2026-06-17""}, ""headquarters_location"": {""source"": ""STI-SPFA"", ""date"": ""2026-06-17""}, ""primary_business_type"": {""source"": ""STI-SPFA"", ""date"": ""2026-06-17""}, ""contact_phone"": {""source"": ""STI-SPFA"", ""date"": ""2026-06-17""}, ""certifications_held"": {""source"": ""STI-SPFA"", ""date"": ""2026-06-17""}, ""materials_handled"": {""source"": ""STI-SPFA"", ""date"": ""2026-06-17""}, ""key_personnel"": {""source"": ""STI-SPFA"", ""date"": ""2026-06-17""}}"
212,Pressure Vessel & Special Products Fabricator,https://assets-002.noviams.com/novi-file-uploads/stispfa/members/american-spiralweld-pipe-logo-11824-1.jpg,"Columbia, SC",,"[""ASTM A1097"", ""ASTM A139"", ""ASTM A252"", ""AWWA C200"", ""STI/SPFA Member""]",Steel Tank / Pipe Fabricator,"[""Carbon Steel"", ""Steel"", ""Steel pipe""]",,,[],,,STI-SPFA,2026-06-17 04:32:26,verified,verified,"{""company_name"": {""source"": ""STI-SPFA"", ""date"": ""2026-06-17""}, ""website_url"": {""source"": ""STI-SPFA"", ""date"": ""2026-06-17""}, ""headquarters_location"": {""source"": ""STI-SPFA"", ""date"": ""2026-06-17""}, ""facility_size_sqft"": {""source"": ""STI-SPFA"", ""date"": ""2026-06-17""}, ""primary_business_type"": {""source"": ""STI-SPFA"", ""date"": ""2026-06-17""}, ""contact_email"": {""source"": ""STI-SPFA"", ""date"": ""2026-06-17""}, ""contact_phone"": {""source"": ""STI-SPFA"", ""date"": ""2026-06-17""}, ""year_established"": {""source"": ""STI-SPFA"", ""date"": ""2026-06-17""}, ""certifications_held"": {""source"": ""STI-SPFA"", ""date"": ""2026-06-17""}, ""materials_handled"": {""source"": ""STI-SPFA"", ""date"": ""2026-06-17""}}"
213,"American Spiralweld Pipe Company, LLC (Columbia)",,"Columbia, SC",,"[""STI/SPFA Member""]",Steel Tank / Pipe Fabricator,"[""Carbon Steel"", ""Steel""]",,205-325-7052,[],,,STI-SPFA,2026-06-17 03:41:58,verified,partial,{}
215,"Columbia, SC 29209-5084",https://www.american-usa.com/products/spiral-welded-steel-pipe,United States,,"[""STI/SPFA Member""]",Steel Tank / Pipe Fabricator,"[""Carbon Steel"", ""Steel"", ""steel""]",Not provided,205-325-7052,[],,,STI-SPFA,2026-06-17 04:45:04,verified,verified,"{""company_name"": {""source"": ""STI-SPFA"", ""date"": ""2026-06-17""}, ""website_url"": {""source"": ""STI-SPFA"", ""date"": ""2026-06-17""}, ""headquarters_location"": {""source"": ""STI-SPFA"", ""date"": ""2026-06-17""}, ""facility_size_sqft"": {""source"": ""STI-SPFA"", ""date"": ""2026-06-17""}, ""primary_business_type"": {""source"": ""STI-SPFA"", ""date"": ""2026-06-17""}, ""contact_email"": {""source"": ""STI-SPFA"", ""date"": ""2026-06-17""}, ""contact_phone"": {""source"": ""STI-SPFA"", ""date"": ""2026-06-17""}, ""year_established"": {""source"": ""STI-SPFA"", ""date"": ""2026-06-17""}, ""certifications_held"": {""source"": ""STI-SPFA"", ""date"": ""2026-06-17""}, ""materials_handled"": {""source"": ""STI-SPFA"", ""date"": ""2026-06-17""}}"
219,Southern Heat Exchanger,,"Tuscaloosa, AL",,"[""STI/SPFA Member""]",Steel Tank / Pipe Fabricator,"[""Carbon Steel"", ""Steel""]",,205-345-5335,[],,,STI-SPFA,2026-06-17 03:41:58,verified,partial,{}
221,"Tuscaloosa, AL 35405-3906",https://www.sheco.com/,"Sioux Falls, South Dakota",not specified,"[""STI/SPFA Member""]",Steel Tank / Pipe Fabricator,"[""Carbon Steel"", ""Steel"", ""steel""]",not specified,205-345-5335,[],,,STI-SPFA,2026-06-17 04:32:26,verified,verified,"{""company_name"": {""source"": ""STI-SPFA"", ""date"": ""2026-06-17""}, ""website_url"": {""source"": ""STI-SPFA"", ""date"": ""2026-06-17""}, ""headquarters_location"": {""source"": ""STI-SPFA"", ""date"": ""2026-06-17""}, ""facility_size_sqft"": {""source"": ""STI-SPFA"", ""date"": ""2026-06-17""}, ""primary_business_type"": {""source"": ""STI-SPFA"", ""date"": ""2026-06-17""}, ""contact_email"": {""source"": ""STI-SPFA"", ""date"": ""2026-06-17""}, ""contact_phone"": {""source"": ""STI-SPFA"", ""date"": ""2026-06-17""}, ""year_established"": {""source"": ""STI-SPFA"", ""date"": ""2026-06-17""}, ""certifications_held"": {""source"": ""STI-SPFA"", ""date"": ""2026-06-17""}, ""materials_handled"": {""source"": ""STI-SPFA"", ""date"": ""2026-06-17""}}"
224,Samuel Pressure Vessel Group,,"Marinette, WI",,"[""STI/SPFA Member""]",Steel Tank / Pipe Fabricator,"[""Carbon Steel"", ""Steel""]",,715-735-9311,[],,,STI-SPFA,2026-06-17 03:41:58,verified,partial,{}
226,"Marinette, WI 54143-3711",http://www.samuelpressurevesselgroup.com/,"Birmingham, AL",not specified,"[""STI/SPFA Member""]",Steel Tank / Pipe Fabricator,"[""Aluminum"", ""Carbon Steel"", ""Steel""]",not specified,715-735-9311,[],1855,,STI-SPFA,2026-06-17 04:31:20,verified,verified,"{""company_name"": {""source"": ""STI-SPFA"", ""date"": ""2026-06-17""}, ""website_url"": {""source"": ""STI-SPFA"", ""date"": ""2026-06-17""}, ""headquarters_location"": {""source"": ""STI-SPFA"", ""date"": ""2026-06-17""}, ""facility_size_sqft"": {""source"": ""STI-SPFA"", ""date"": ""2026-06-17""}, ""primary_business_type"": {""source"": ""STI-SPFA"", ""date"": ""2026-06-17""}, ""contact_email"": {""source"": ""STI-SPFA"", ""date"": ""2026-06-17""}, ""contact_phone"": {""source"": ""STI-SPFA"", ""date"": ""2026-06-17""}, ""year_established"": {""source"": ""STI-SPFA"", ""date"": ""2026-06-17""}, ""certifications_held"": {""source"": ""STI-SPFA"", ""date"": ""2026-06-17""}, ""materials_handled"": {""source"": ""STI-SPFA"", ""date"": ""2026-06-17""}}"
228,"Sioux Falls, SD 57104",https://maguirewater.com/,"Pine Bluff, Arkansas","56,320","[""STI/SPFA Member"", ""UL 2583""]",Steel Tank / Pipe Fabricator,"[""Carbon Steel"", ""Steel"", ""Water"", ""steel""]",Not Specified,605-334-9749,[],1858,,STI-SPFA,2026-06-17 04:45:04,verified,verified,"{""company_name"": {""source"": ""STI-SPFA"", ""date"": ""2026-06-17""}, ""website_url"": {""source"": ""STI-SPFA"", ""date"": ""2026-06-17""}, ""headquarters_location"": {""source"": ""STI-SPFA"", ""date"": ""2026-06-17""}, ""facility_size_sqft"": {""source"": ""STI-SPFA"", ""date"": ""2026-06-17""}, ""primary_business_type"": {""source"": ""STI-SPFA"", ""date"": ""2026-06-17""}, ""contact_email"": {""source"": ""STI-SPFA"", ""date"": ""2026-06-17""}, ""contact_phone"": {""source"": ""STI-SPFA"", ""date"": ""2026-06-17""}, ""year_established"": {""source"": ""STI-SPFA"", ""date"": ""2026-06-17""}, ""certifications_held"": {""source"": ""STI-SPFA"", ""date"": ""2026-06-17""}, ""materials_handled"": {""source"": ""STI-SPFA"", ""date"": ""2026-06-17""}}"
233,"Pine Bluff, AR 71601-4768",https://www.strongseal.com/,"Military Academy in Columbia, TN",,"[""STI/SPFA Member""]",Steel Tank / Pipe Fabricator,"[""Carbon Steel"", ""Custom fabrication"", ""Field erected tanks"", ""Fireguard Fuel Tanks"", ""GEN-TANKS"", ""Piping design and installation"", ""Pressure vessels"", ""Repair and maintenance"", ""Shop storage tanks"", ""Steel""]",info@strongseal.com,870-535-7617,[],1959,,STI-SPFA,2026-06-17 04:31:20,verified,verified,"{""company_name"": {""source"": ""STI-SPFA"", ""date"": ""2026-06-17""}, ""website_url"": {""source"": ""STI-SPFA"", ""date"": ""2026-06-17""}, ""headquarters_location"": {""source"": ""STI-SPFA"", ""date"": ""2026-06-17""}, ""primary_business_type"": {""source"": ""STI-SPFA"", ""date"": ""2026-06-17""}, ""contact_email"": {""source"": ""STI-SPFA"", ""date"": ""2026-06-17""}, ""contact_phone"": {""source"": ""STI-SPFA"", ""date"": ""2026-06-17""}, ""year_established"": {""source"": ""STI-SPFA"", ""date"": ""2026-06-17""}, ""certifications_held"": {""source"": ""STI-SPFA"", ""date"": ""2026-06-17""}, ""materials_handled"": {""source"": ""STI-SPFA"", ""date"": ""2026-06-17""}}"
434,"Spartan, Inc.'s website",http://spartaninc.net/,"Dubuque, IA",,"[""STI/SPFA Member""]",Steel Tank / Pipe Fabricator,"[""Carbon Steel"", ""Custom Fabrication"", ""Custom fabrication"", ""Field Erected Tanks"", ""Field erected tanks"", ""Fireguard Fuel Tanks"", ""GEN-TANKS"", ""Installation"", ""Maintenance"", ""Piping"", ""Piping Design"", ""Pressure Vessels"", ""Pressure vessels"", ""Repair"", ""Shop Storage Tanks"", ""Steel"", ""Storage tanks"", ""custom fabrication"", ""custom shop storage tanks"", ""field erected tanks"", ""installation"", ""maintenance"", ""piping"", ""piping design"", ""piping design and installation"", ""pressure vessels"", ""repair"", ""repair and maintenance"", ""shop storage tanks"", ""storage tanks""]",,6613271205,[],,,STI-SPFA,2026-06-17 05:03:32,verified,verified,"{""company_name"": {""source"": ""STI-SPFA"", ""date"": ""2026-06-17""}, ""website_url"": {""source"": ""STI-SPFA"", ""date"": ""2026-06-17""}, ""headquarters_location"": {""source"": ""STI-SPFA"", ""date"": ""2026-06-17""}, ""primary_business_type"": {""source"": ""STI-SPFA"", ""date"": ""2026-06-17""}, ""contact_phone"": {""source"": ""STI-SPFA"", ""date"": ""2026-06-17""}, ""year_established"": {""source"": ""STI-SPFA"", ""date"": ""2026-06-17""}, ""certifications_held"": {""source"": ""STI-SPFA"", ""date"": ""2026-06-17""}, ""materials_handled"": {""source"": ""STI-SPFA"", ""date"": ""2026-06-17""}}"
445,Garzo Inc dba Engine & Compressor Accessories's website,https://www.daytank.com/,"Charlotte, NC and Houston, TX","300,000","[""ASME"", ""ASME Code: Section VIII, Division 1"", ""EGSA"", ""LCA"", ""MTI"", ""STI/SPFA"", ""STI/SPFA Member"", ""TCC"", ""TEMA"", ""Underwriters Labs""]",Steel Tank / Pipe Fabricator,"[""Automatic Day Tanks"", ""Carbon Steel"", ""Economy Automatic Day Tanks"", ""Fuel"", ""Fuel Tanks"", ""Generator Base Tanks"", ""Meter Panels"", ""Secondary Containment Day Tanks"", ""Secondary Containment Tanks"", ""Steel"", ""automatic day tanks"", ""chemical"", ""economy automatic day tanks"", ""food/beverage"", ""fuel"", ""fuel tanks"", ""generator base tanks"", ""meter panels"", ""pharmaceutical"", ""power"", ""pulp/paper"", ""pure water"", ""refinery"", ""secondary containment (double wall) day tanks"", ""secondary containment day tanks"", ""secondary containment tanks"", ""slim day tanks"", ""water""]",,951-903-8002,[],2000,,STI-SPFA,2026-06-17 05:01:47,verified,verified,"{""company_name"": {""source"": ""STI-SPFA"", ""date"": ""2026-06-17""}, ""website_url"": {""source"": ""STI-SPFA"", ""date"": ""2026-06-17""}, ""headquarters_location"": {""source"": ""STI-SPFA"", ""date"": ""2026-06-17""}, ""facility_size_sqft"": {""source"": ""STI-SPFA"", ""date"": ""2026-06-17""}, ""primary_business_type"": {""source"": ""STI-SPFA"", ""date"": ""2026-06-17""}, ""contact_phone"": {""source"": ""STI-SPFA"", ""date"": ""2026-06-17""}, ""year_established"": {""source"": ""STI-SPFA"", ""date"": ""2026-06-17""}, ""certifications_held"": {""source"": ""STI-SPFA"", ""date"": ""2026-06-17""}, ""materials_handled"": {""source"": ""STI-SPFA"", ""date"": ""2026-06-17""}}"
449,"Long Industries, Inc.'s website",https://longindustries.us/,"105 FCR 413, Buffalo, Texas 75831","300,000 sq ft","[""STI/SPFA Member""]",Steel Tank / Pipe Fabricator,"[""Carbon Steel"", ""Steel""]",,+19033893263,[],,,STI-SPFA,2026-06-17 04:32:50,verified,verified,"{""company_name"": {""source"": ""STI-SPFA"", ""date"": ""2026-06-17""}, ""website_url"": {""source"": ""STI-SPFA"", ""date"": ""2026-06-17""}, ""headquarters_location"": {""source"": ""STI-SPFA"", ""date"": ""2026-06-17""}, ""facility_size_sqft"": {""source"": ""STI-SPFA"", ""date"": ""2026-06-17""}, ""primary_business_type"": {""source"": ""STI-SPFA"", ""date"": ""2026-06-17""}, ""contact_phone"": {""source"": ""STI-SPFA"", ""date"": ""2026-06-17""}, ""certifications_held"": {""source"": ""STI-SPFA"", ""date"": ""2026-06-17""}, ""materials_handled"": {""source"": ""STI-SPFA"", ""date"": ""2026-06-17""}}"
451,Tank Solutions (Lesweek Pty Ltd.) Fibre's website,https://www.tanksolutions.com.au/,"Charlotte, NC",,"[""Authorization to Apply the UL Mark"", ""Employee Certificate working on Fuel Sites"", ""ISO Accreditation"", ""Membership Australian Industry Group"", ""Membership PEI 2018"", ""Membership STI Fireguard"", ""Membership STI Steel Tanks"", ""STI/SPFA Member""]",Steel Tank / Pipe Fabricator,"[""Carbon Steel"", ""Chemical"", ""FRP"", ""Fiberglass"", ""Fuel"", ""Steel"", ""Waste"", ""Water""]",,,[],,,STI-SPFA,2026-06-17 04:32:50,verified,verified,"{""company_name"": {""source"": ""STI-SPFA"", ""date"": ""2026-06-17""}, ""website_url"": {""source"": ""STI-SPFA"", ""date"": ""2026-06-17""}, ""headquarters_location"": {""source"": ""STI-SPFA"", ""date"": ""2026-06-17""}, ""primary_business_type"": {""source"": ""STI-SPFA"", ""date"": ""2026-06-17""}, ""year_established"": {""source"": ""STI-SPFA"", ""date"": ""2026-06-17""}, ""certifications_held"": {""source"": ""STI-SPFA"", ""date"": ""2026-06-17""}, ""materials_handled"": {""source"": ""STI-SPFA"", ""date"": ""2026-06-17""}}"
454,Ward Vessel & Exchanger Corp. (Charlotte)'s website,https://www.wardvesselandexchanger.com/,"Columbia, SC",,"[""ASME"", ""ASME (American Society of Mechanical Engineers)"", ""ASME Code"", ""ASME Code Section VIII, Division 1"", ""ASME Code: Section VIII, Division 1"", ""American Society of Mechanical Engineers (ASME)"", ""LCA"", ""LCA (Louisiana Chemical Association)"", ""Louisiana Chemical Association (LCA)"", ""MTI"", ""MTI (Materials Technology Institute)"", ""Materials Technology Institute (MTI)"", ""STI/SPFA"", ""STI/SPFA (Steel Tank Institute/Steel Plate Fabricators Association)"", ""STI/SPFA Member"", ""Steel Tank Institute/Steel Plate Fabricators Association (STI/SPFA)"", ""TCC"", ""TCC (Texas Chemical Council)"", ""TEMA"", ""TEMA (Tubular Exchanger Manufacturers Association)"", ""Texas Chemical Council (TCC)"", ""Tubular Exchanger Manufacturers Association (TEMA)""]",Steel Tank / Pipe Fabricator,"[""Carbon Steel"", ""Chemical"", ""Food/Beverage"", ""Pharmaceutical"", ""Power"", ""Pressure vessels"", ""Pulp/Paper"", ""Pure Water"", ""Refinery"", ""Shell and tube heat exchangers"", ""Steel"", ""chemical"", ""food/beverage"", ""food/beverage industry"", ""pharmaceutical"", ""pharmaceutical industry"", ""power"", ""power industry"", ""process equipment for the chemical industry"", ""pulp/paper"", ""pulp/paper industry"", ""pure water"", ""pure water industry"", ""refinery"", ""refinery industry""]",,205-345-5335,"[""Mike Pischke""]",,,STI-SPFA,2026-06-17 05:10:02,verified,verified,"{""company_name"": {""source"": ""STI-SPFA"", ""date"": ""2026-06-17""}, ""website_url"": {""source"": ""STI-SPFA"", ""date"": ""2026-06-17""}, ""headquarters_location"": {""source"": ""STI-SPFA"", ""date"": ""2026-06-17""}, ""primary_business_type"": {""source"": ""STI-SPFA"", ""date"": ""2026-06-17""}, ""contact_phone"": {""source"": ""STI-SPFA"", ""date"": ""2026-06-17""}, ""certifications_held"": {""source"": ""STI-SPFA"", ""date"": ""2026-06-17""}, ""materials_handled"": {""source"": ""STI-SPFA"", ""date"": ""2026-06-17""}, ""key_personnel"": {""source"": ""STI-SPFA"", ""date"": ""2026-06-17""}}"
458,"American Spiralweld Pipe Company, LLC (Columbia)'s website",https://www.american-usa.com/products/spiral-welded-steel-pipe,United States,,"[""ASTM A1097"", ""ASTM A139"", ""ASTM A252"", ""AWWA C200"", ""STI/SPFA Member""]",Steel Tank / Pipe Fabricator,"[""Carbon Steel"", ""Steel"", ""Steel pipe""]",Not provided,913-645-9140,[],,,STI-SPFA,2026-06-17 04:31:16,verified,verified,"{""company_name"": {""source"": ""STI-SPFA"", ""date"": ""2026-06-17""}, ""website_url"": {""source"": ""STI-SPFA"", ""date"": ""2026-06-17""}, ""headquarters_location"": {""source"": ""STI-SPFA"", ""date"": ""2026-06-17""}, ""facility_size_sqft"": {""source"": ""STI-SPFA"", ""date"": ""2026-06-17""}, ""primary_business_type"": {""source"": ""STI-SPFA"", ""date"": ""2026-06-17""}, ""contact_email"": {""source"": ""STI-SPFA"", ""date"": ""2026-06-17""}, ""contact_phone"": {""source"": ""STI-SPFA"", ""date"": ""2026-06-17""}, ""year_established"": {""source"": ""STI-SPFA"", ""date"": ""2026-06-17""}, ""certifications_held"": {""source"": ""STI-SPFA"", ""date"": ""2026-06-17""}, ""materials_handled"": {""source"": ""STI-SPFA"", ""date"": ""2026-06-17""}}"
469,Samuel Pressure Vessel Group's website,http://www.samuelpressurevesselgroup.com/,"Sioux Falls, SD",,"[""STI/SPFA Member""]",Steel Tank / Pipe Fabricator,"[""Aluminum"", ""Carbon Steel"", ""Steel""]",Not provided,17157804614,[],1855,,STI-SPFA,2026-06-17 04:31:16,verified,verified,"{""company_name"": {""source"": ""STI-SPFA"", ""date"": ""2026-06-17""}, ""website_url"": {""source"": ""STI-SPFA"", ""date"": ""2026-06-17""}, ""headquarters_location"": {""source"": ""STI-SPFA"", ""date"": ""2026-06-17""}, ""facility_size_sqft"": {""source"": ""STI-SPFA"", ""date"": ""2026-06-17""}, ""primary_business_type"": {""source"": ""STI-SPFA"", ""date"": ""2026-06-17""}, ""contact_email"": {""source"": ""STI-SPFA"", ""date"": ""2026-06-17""}, ""contact_phone"": {""source"": ""STI-SPFA"", ""date"": ""2026-06-17""}, ""year_established"": {""source"": ""STI-SPFA"", ""date"": ""2026-06-17""}, ""certifications_held"": {""source"": ""STI-SPFA"", ""date"": ""2026-06-17""}, ""materials_handled"": {""source"": ""STI-SPFA"", ""date"": ""2026-06-17""}}"
471,Maguire's website,https://maguirewater.com/,"Pine Bluff, AR",,"[""STI/SPFA Member""]",Steel Tank / Pipe Fabricator,"[""Carbon Steel"", ""Conveyor Belts"", ""Steel"", ""Steel Cord Belts"", ""Textile Belts""]",,,[],,,STI-SPFA,2026-06-17 04:42:27,verified,verified,"{""company_name"": {""source"": ""STI-SPFA"", ""date"": ""2026-06-17""}, ""website_url"": {""source"": ""STI-SPFA"", ""date"": ""2026-06-17""}, ""headquarters_location"": {""source"": ""STI-SPFA"", ""date"": ""2026-06-17""}, ""facility_size_sqft"": {""source"": ""STI-SPFA"", ""date"": ""2026-06-17""}, ""primary_business_type"": {""source"": ""STI-SPFA"", ""date"": ""2026-06-17""}, ""contact_email"": {""source"": ""STI-SPFA"", ""date"": ""2026-06-17""}, ""contact_phone"": {""source"": ""STI-SPFA"", ""date"": ""2026-06-17""}, ""year_established"": {""source"": ""STI-SPFA"", ""date"": ""2026-06-17""}, ""certifications_held"": {""source"": ""STI-SPFA"", ""date"": ""2026-06-17""}, ""materials_handled"": {""source"": ""STI-SPFA"", ""date"": ""2026-06-17""}}"
611,NSK Corporation,https://www.nsk.com/products/bearing-units/ball-bearing-units/,"Goss Road Ann Arbor, MI",,"[""CEMA Member""]",Conveyor Equipment Manufacturer,[],fabiana.maggico@nsk.com,17234966657,[],,,CEMA wp-json,2026-06-17 05:14:18,verified,verified,"{""company_name"": {""source"": ""CEMA wp-json"", ""date"": ""2026-06-17""}, ""website_url"": {""source"": ""CEMA wp-json"", ""date"": ""2026-06-17""}, ""headquarters_location"": {""source"": ""CEMA wp-json"", ""date"": ""2026-06-17""}, ""primary_business_type"": {""source"": ""CEMA wp-json"", ""date"": ""2026-06-17""}, ""contact_email"": {""source"": ""CEMA wp-json"", ""date"": ""2026-06-17""}, ""contact_phone"": {""source"": ""CEMA wp-json"", ""date"": ""2026-06-17""}, ""certifications_held"": {""source"": ""CEMA wp-json"", ""date"": ""2026-06-17""}}"
612,OMCO SUMO,https://omcosumo.com/solutions/bearings/,"Armour Road Oconomowoc, WI",,"[""CEMA Member""]",Conveyor Equipment Manufacturer,[],info@omcosumo.com,17223658872,[],,,CEMA wp-json,2026-06-17 05:14:18,verified,verified,"{""company_name"": {""source"": ""CEMA wp-json"", ""date"": ""2026-06-17""}, ""website_url"": {""source"": ""CEMA wp-json"", ""date"": ""2026-06-17""}, ""headquarters_location"": {""source"": ""CEMA wp-json"", ""date"": ""2026-06-17""}, ""primary_business_type"": {""source"": ""CEMA wp-json"", ""date"": ""2026-06-17""}, ""contact_email"": {""source"": ""CEMA wp-json"", ""date"": ""2026-06-17""}, ""contact_phone"": {""source"": ""CEMA wp-json"", ""date"": ""2026-06-17""}, ""certifications_held"": {""source"": ""CEMA wp-json"", ""date"": ""2026-06-17""}}"
613,"STASSKOL, Inc",https://www.stasskol.de/en/mixer-seals-sdf-series/,"East Summitry Circle Katy, TX",,"[""CEMA Member""]",Conveyor Equipment Manufacturer,[],info@stasskol.de,17163256163,[],,,CEMA wp-json,2026-06-17 05:14:18,verified,verified,"{""company_name"": {""source"": ""CEMA wp-json"", ""date"": ""2026-06-17""}, ""website_url"": {""source"": ""CEMA wp-json"", ""date"": ""2026-06-17""}, ""headquarters_location"": {""source"": ""CEMA wp-json"", ""date"": ""2026-06-17""}, ""primary_business_type"": {""source"": ""CEMA wp-json"", ""date"": ""2026-06-17""}, ""contact_phone"": {""source"": ""CEMA wp-json"", ""date"": ""2026-06-17""}, ""certifications_held"": {""source"": ""CEMA wp-json"", ""date"": ""2026-06-17""}}"
614,CinchSeal Rotary Shaft Seals,https://cinchseal.com/product/airless-rotary-face-seal/,"Cherry Hill, NJ",,"[""CEMA Member""]",Conveyor Equipment Manufacturer,[],,17138213501,[],,,CEMA wp-json,2026-06-17 05:14:18,verified,verified,"{""company_name"": {""source"": ""CEMA wp-json"", ""date"": ""2026-06-17""}, ""website_url"": {""source"": ""CEMA wp-json"", ""date"": ""2026-06-17""}, ""headquarters_location"": {""source"": ""CEMA wp-json"", ""date"": ""2026-06-17""}, ""primary_business_type"": {""source"": ""CEMA wp-json"", ""date"": ""2026-06-17""}, ""contact_phone"": {""source"": ""CEMA wp-json"", ""date"": ""2026-06-17""}, ""certifications_held"": {""source"": ""CEMA wp-json"", ""date"": ""2026-06-17""}}"
615,Russell Conveyor and Equipment,https://www.russellconveyor.com/,"Elkin, NC",,"[""CEMA Member""]",Conveyor Equipment Manufacturer,[],edrussell@russellconveyor.com,336-526-3014,[],,,CEMA wp-json,2026-06-17 05:14:18,verified,verified,"{""company_name"": {""source"": ""CEMA wp-json"", ""date"": ""2026-06-17""}, ""website_url"": {""source"": ""CEMA wp-json"", ""date"": ""2026-06-17""}, ""headquarters_location"": {""source"": ""CEMA wp-json"", ""date"": ""2026-06-17""}, ""primary_business_type"": {""source"": ""CEMA wp-json"", ""date"": ""2026-06-17""}, ""contact_email"": {""source"": ""CEMA wp-json"", ""date"": ""2026-06-17""}, ""contact_phone"": {""source"": ""CEMA wp-json"", ""date"": ""2026-06-17""}, ""certifications_held"": {""source"": ""CEMA wp-json"", ""date"": ""2026-06-17""}}"
617,Proposed Template Profile Page,https://www.materialhandlingtech.com/solutions/conveyor-sortation-systems/,"Drive Morrisville, NC",,"[""CEMA Member""]",Conveyor Equipment Manufacturer,[],,17138859821,[],,,CEMA wp-json,2026-06-17 05:14:18,verified,verified,"{""company_name"": {""source"": ""CEMA wp-json"", ""date"": ""2026-06-17""}, ""website_url"": {""source"": ""CEMA wp-json"", ""date"": ""2026-06-17""}, ""headquarters_location"": {""source"": ""CEMA wp-json"", ""date"": ""2026-06-17""}, ""primary_business_type"": {""source"": ""CEMA wp-json"", ""date"": ""2026-06-17""}, ""contact_phone"": {""source"": ""CEMA wp-json"", ""date"": ""2026-06-17""}, ""certifications_held"": {""source"": ""CEMA wp-json"", ""date"": ""2026-06-17""}}"
618,Safari Belting Systems,https://www.safaribelting.com/,"Olathe, KS",,"[""CEMA Member""]",Conveyor Equipment Manufacturer,"[""Plastic""]",info@safaribelting.com,(888) 662-6611,[],2005,,CEMA wp-json,2026-06-17 05:14:18,verified,verified,"{""company_name"": {""source"": ""CEMA wp-json"", ""date"": ""2026-06-17""}, ""website_url"": {""source"": ""CEMA wp-json"", ""date"": ""2026-06-17""}, ""headquarters_location"": {""source"": ""CEMA wp-json"", ""date"": ""2026-06-17""}, ""primary_business_type"": {""source"": ""CEMA wp-json"", ""date"": ""2026-06-17""}, ""certifications_held"": {""source"": ""CEMA wp-json"", ""date"": ""2026-06-17""}, ""materials_handled"": {""source"": ""CEMA wp-json"", ""date"": ""2026-06-17""}}"
649,Mantis Conveyor Products,https://mantis-mfg.com/product-category/trough-assemblies/,"Riverbend Place Claremont, NH",,"[""CEMA Member""]",Conveyor Equipment Manufacturer,[],,17187298763,[],1978,,CEMA wp-json,2026-06-17 05:14:18,verified,verified,"{""company_name"": {""source"": ""CEMA wp-json"", ""date"": ""2026-06-17""}, ""website_url"": {""source"": ""CEMA wp-json"", ""date"": ""2026-06-17""}, ""headquarters_location"": {""source"": ""CEMA wp-json"", ""date"": ""2026-06-17""}, ""primary_business_type"": {""source"": ""CEMA wp-json"", ""date"": ""2026-06-17""}, ""contact_phone"": {""source"": ""CEMA wp-json"", ""date"": ""2026-06-17""}, ""certifications_held"": {""source"": ""CEMA wp-json"", ""date"": ""2026-06-17""}}"
653,BASTIAN SOLUTIONS,,"Floor Second Floor Carmel, IN",,"[""CEMA Member""]",Conveyor Equipment Manufacturer,[],,17238223777,[],,,CEMA wp-json,2026-06-17 05:14:18,verified,verified,"{""company_name"": {""source"": ""CEMA wp-json"", ""date"": ""2026-06-17""}, ""headquarters_location"": {""source"": ""CEMA wp-json"", ""date"": ""2026-06-17""}, ""primary_business_type"": {""source"": ""CEMA wp-json"", ""date"": ""2026-06-17""}, ""contact_phone"": {""source"": ""CEMA wp-json"", ""date"": ""2026-06-17""}, ""certifications_held"": {""source"": ""CEMA wp-json"", ""date"": ""2026-06-17""}}"
697,"KWS Manufacturing Company, LTD",https://www.kwsmfg.com,"Burleson, TX","125,000","[""CEMA Member""]",Conveyor Equipment Manufacturer,[],,,[],1919,,CEMA wp-json,2026-06-17 05:14:18,verified,verified,"{""company_name"": {""source"": ""CEMA wp-json"", ""date"": ""2026-06-17""}, ""website_url"": {""source"": ""CEMA wp-json"", ""date"": ""2026-06-17""}, ""headquarters_location"": {""source"": ""CEMA wp-json"", ""date"": ""2026-06-17""}, ""primary_business_type"": {""source"": ""CEMA wp-json"", ""date"": ""2026-06-17""}, ""certifications_held"": {""source"": ""CEMA wp-json"", ""date"": ""2026-06-17""}}"
708,3030 M Street,http://spartaninc.net/,"Bakersfield, CA",,"[""ASME"", ""DOE"", ""HAF-604"", ""NUPIC"", ""STI/SPFA Member""]",Steel Tank / Pipe Fabricator,"[""Carbon Steel"", ""Corrosion resistant alloys"", ""Custom Fabrication"", ""Custom fabrication"", ""Custom shop storage tanks"", ""Fabrication"", ""Field Erected Tanks"", ""Field erected tanks"", ""Fireguard Fuel Tanks"", ""GEN-TANKS"", ""Installation"", ""Maintenance"", ""Piping Design"", ""Piping design"", ""Piping design and installation"", ""Pressure Vessels"", ""Pressure vessels"", ""Radioactive materials"", ""Repair"", ""Repair and maintenance"", ""Shop Storage Tanks"", ""Shop storage tanks"", ""Steel"", ""custom fabrication"", ""field erected tanks"", ""installation"", ""maintenance"", ""pipes"", ""piping design"", ""pressure vessels"", ""repair"", ""shop storage tank"", ""shop storage tanks"", ""storage tanks""]",,661-327-1205,[],,,STI-SPFA,2026-06-17 05:01:47,verified,verified,"{""company_name"": {""source"": ""STI-SPFA"", ""date"": ""2026-06-17""}, ""website_url"": {""source"": ""STI-SPFA"", ""date"": ""2026-06-17""}, ""headquarters_location"": {""source"": ""STI-SPFA"", ""date"": ""2026-06-17""}, ""primary_business_type"": {""source"": ""STI-SPFA"", ""date"": ""2026-06-17""}, ""contact_phone"": {""source"": ""STI-SPFA"", ""date"": ""2026-06-17""}, ""year_established"": {""source"": ""STI-SPFA"", ""date"": ""2026-06-17""}, ""certifications_held"": {""source"": ""STI-SPFA"", ""date"": ""2026-06-17""}, ""materials_handled"": {""source"": ""STI-SPFA"", ""date"": ""2026-06-17""}}"
713,570 East 7th Street,https://www.morbros.com/,"Dubuque, IA",,"[""STI/SPFA Member"", ""UL 2583""]",Steel Tank / Pipe Fabricator,"[""Carbon Steel"", ""Fuel storage components"", ""Steel""]",,563-583-5701,"[""Not specified""]",,,STI-SPFA,2026-06-17 04:31:16,verified,verified,"{""company_name"": {""source"": ""STI-SPFA"", ""date"": ""2026-06-17""}, ""website_url"": {""source"": ""STI-SPFA"", ""date"": ""2026-06-17""}, ""headquarters_location"": {""source"": ""STI-SPFA"", ""date"": ""2026-06-17""}, ""facility_size_sqft"": {""source"": ""STI-SPFA"", ""date"": ""2026-06-17""}, ""primary_business_type"": {""source"": ""STI-SPFA"", ""date"": ""2026-06-17""}, ""contact_email"": {""source"": ""STI-SPFA"", ""date"": ""2026-06-17""}, ""contact_phone"": {""source"": ""STI-SPFA"", ""date"": ""2026-06-17""}, ""year_established"": {""source"": ""STI-SPFA"", ""date"": ""2026-06-17""}, ""certifications_held"": {""source"": ""STI-SPFA"", ""date"": ""2026-06-17""}, ""materials_handled"": {""source"": ""STI-SPFA"", ""date"": ""2026-06-17""}, ""key_personnel"": {""source"": ""STI-SPFA"", ""date"": ""2026-06-17""}}"
716,View Email,"https://members.stispfa.org/members/secure-contact?customerId=b10cf0d7-d0b0-4479-859b-fb0b7e6cd461 ""View Email""","Maumee, OH",,"[""STI/SPFA Member""]",Steel Tank / Pipe Fabricator,"[""Carbon Steel"", ""Steel""]",,,[],,,STI-SPFA,2026-06-17 04:59:28,verified,verified,"{""company_name"": {""source"": ""STI-SPFA"", ""date"": ""2026-06-17""}, ""website_url"": {""source"": ""STI-SPFA"", ""date"": ""2026-06-17""}, ""headquarters_location"": {""source"": ""STI-SPFA"", ""date"": ""2026-06-17""}, ""primary_business_type"": {""source"": ""STI-SPFA"", ""date"": ""2026-06-17""}, ""certifications_held"": {""source"": ""STI-SPFA"", ""date"": ""2026-06-17""}, ""materials_handled"": {""source"": ""STI-SPFA"", ""date"": ""2026-06-17""}}"
719,42146 U.S. 290 Business,https://www.daytank.com/,"Waller, TX",,"[""EGSA"", ""STI/SPFA Member"", ""Underwriters Labs""]",Steel Tank / Pipe Fabricator,"[""Automatic Day Tanks"", ""Carbon Steel"", ""Day Tanks"", ""Economy Automatic Day Tanks"", ""Enclosures"", ""Fuel"", ""Fuel Tanks"", ""Generator Base Tanks"", ""Meter Panels"", ""Pump Sets"", ""Secondary Containment Day Tanks"", ""Steel"", ""automatic day tanks"", ""economy automatic day tanks"", ""fuel tanks"", ""generator base tanks"", ""meter panels"", ""secondary containment"", ""secondary containment day tanks"", ""slim day tanks""]",,713-466-8679,"[""Not specified""]",2000,,STI-SPFA,2026-06-17 04:58:31,verified,verified,"{""company_name"": {""source"": ""STI-SPFA"", ""date"": ""2026-06-17""}, ""website_url"": {""source"": ""STI-SPFA"", ""date"": ""2026-06-17""}, ""headquarters_location"": {""source"": ""STI-SPFA"", ""date"": ""2026-06-17""}, ""facility_size_sqft"": {""source"": ""STI-SPFA"", ""date"": ""2026-06-17""}, ""primary_business_type"": {""source"": ""STI-SPFA"", ""date"": ""2026-06-17""}, ""contact_email"": {""source"": ""STI-SPFA"", ""date"": ""2026-06-17""}, ""contact_phone"": {""source"": ""STI-SPFA"", ""date"": ""2026-06-17""}, ""year_established"": {""source"": ""STI-SPFA"", ""date"": ""2026-06-17""}, ""certifications_held"": {""source"": ""STI-SPFA"", ""date"": ""2026-06-17""}, ""materials_handled"": {""source"": ""STI-SPFA"", ""date"": ""2026-06-17""}, ""key_personnel"": {""source"": ""STI-SPFA"", ""date"": ""2026-06-17""}}"
739,5050 Old Montgomery Highway,https://www.sheco.com/,"Tuscaloosa, AL",,"[""ASME-certified"", ""STI/SPFA Member""]",Steel Tank / Pipe Fabricator,"[""Alloy Plate"", ""Carbon Steel"", ""Steel""]",,205-345-5335,[],1955,,STI-SPFA,2026-06-17 04:32:26,verified,verified,"{""company_name"": {""source"": ""STI-SPFA"", ""date"": ""2026-06-17""}, ""website_url"": {""source"": ""STI-SPFA"", ""date"": ""2026-06-17""}, ""headquarters_location"": {""source"": ""STI-SPFA"", ""date"": ""2026-06-17""}, ""primary_business_type"": {""source"": ""STI-SPFA"", ""date"": ""2026-06-17""}, ""contact_phone"": {""source"": ""STI-SPFA"", ""date"": ""2026-06-17""}, ""year_established"": {""source"": ""STI-SPFA"", ""date"": ""2026-06-17""}, ""certifications_held"": {""source"": ""STI-SPFA"", ""date"": ""2026-06-17""}, ""materials_handled"": {""source"": ""STI-SPFA"", ""date"": ""2026-06-17""}}"
754,"801 W Front Street Florence, NJ 08518",https://www.dcfab.com/,"Simko Blvd Charleroi, PA",,"[""HEI Member""]",Heat Exchange Manufacturer,"[""Carbon Steel"", ""Stainless Steel""]",,609.499.3000,[],1989,,HEI,2026-06-17 05:14:31,verified,verified,"{""company_name"": {""source"": ""HEI"", ""date"": ""2026-06-17""}, ""website_url"": {""source"": ""HEI"", ""date"": ""2026-06-17""}, ""headquarters_location"": {""source"": ""HEI"", ""date"": ""2026-06-17""}, ""primary_business_type"": {""source"": ""HEI"", ""date"": ""2026-06-17""}, ""contact_phone"": {""source"": ""HEI"", ""date"": ""2026-06-17""}, ""certifications_held"": {""source"": ""HEI"", ""date"": ""2026-06-17""}, ""materials_handled"": {""source"": ""HEI"", ""date"": ""2026-06-17""}}"
760,"7387 West 162nd Street Stilwell, KS 66085",http://www.deaerator.com,"West Channel Road Catoosa, OK",,"[""HEI Member""]",Heat Exchange Manufacturer,"[""Carbon Steel"", ""Stainless Steel""]",,913.338.2111,[],1989,,HEI,2026-06-17 05:14:31,verified,verified,"{""company_name"": {""source"": ""HEI"", ""date"": ""2026-06-17""}, ""website_url"": {""source"": ""HEI"", ""date"": ""2026-06-17""}, ""headquarters_location"": {""source"": ""HEI"", ""date"": ""2026-06-17""}, ""primary_business_type"": {""source"": ""HEI"", ""date"": ""2026-06-17""}, ""contact_phone"": {""source"": ""HEI"", ""date"": ""2026-06-17""}, ""certifications_held"": {""source"": ""HEI"", ""date"": ""2026-06-17""}, ""materials_handled"": {""source"": ""HEI"", ""date"": ""2026-06-17""}}"
784,Douglas | Rulmeca,https://www.douglasmanufacturing.com/pulleys/,"Park Drive Pell City, AL",,"[""CEMA Member""]",Conveyor Equipment Manufacturer,[],,17138045395,[],,,CEMA wp-json,2026-06-17 05:14:24,verified,verified,"{""company_name"": {""source"": ""CEMA wp-json"", ""date"": ""2026-06-17""}, ""website_url"": {""source"": ""CEMA wp-json"", ""date"": ""2026-06-17""}, ""headquarters_location"": {""source"": ""CEMA wp-json"", ""date"": ""2026-06-17""}, ""primary_business_type"": {""source"": ""CEMA wp-json"", ""date"": ""2026-06-17""}, ""contact_phone"": {""source"": ""CEMA wp-json"", ""date"": ""2026-06-17""}, ""certifications_held"": {""source"": ""CEMA wp-json"", ""date"": ""2026-06-17""}}"
970,The Halvorsen Co,https://www.halvorsenusa.com/,"Garfield Heights, OH 44125",,"[""ASME"", ""ASME-certified"", ""ASTM""]",Custom Manufacturer,"[""Alloy"", ""Alloy Plate"", ""Steel""]",,800-423-7080,"[""Project Manager"", ""Purchasing Manager""]",1955,https://www.thomasnet.com/suppliers/northern-ohio/all-cities/asme-code-pressure-vessels-91721100,Thomasnet,2026-06-17 04:51:31,verified,partial,"{""company_name"": {""source"": ""Thomasnet"", ""date"": ""2026-06-17""}, ""website_url"": {""source"": ""Thomasnet"", ""date"": ""2026-06-17""}, ""headquarters_location"": {""source"": ""Thomasnet"", ""date"": ""2026-06-17""}, ""facility_size_sqft"": {""source"": ""Thomasnet"", ""date"": ""2026-06-17""}, ""primary_business_type"": {""source"": ""Thomasnet"", ""date"": ""2026-06-17""}, ""contact_email"": {""source"": ""Thomasnet"", ""date"": ""2026-06-17""}, ""contact_phone"": {""source"": ""Thomasnet"", ""date"": ""2026-06-17""}, ""year_established"": {""source"": ""Thomasnet"", ""date"": ""2026-06-17""}, ""thomasnet_profile_url"": {""source"": ""Thomasnet"", ""date"": ""2026-06-17""}, ""certifications_held"": {""source"": ""Thomasnet"", ""date"": ""2026-06-17""}, ""materials_handled"": {""source"": ""Thomasnet"", ""date"": ""2026-06-17""}, ""key_personnel"": {""source"": ""Thomasnet"", ""date"": ""2026-06-17""}}"
1440,Hemisphere Machinery,,"Granger, IA",,"[""STI/SPFA Member""]",Steel Tank / Pipe Fabricator,"[""Carbon Steel"", ""Steel""]",,515-999-9988,[],,,STI-SPFA,2026-06-17 04:59:28,verified,verified,"{""company_name"": {""source"": ""STI-SPFA"", ""date"": ""2026-06-17""}, ""headquarters_location"": {""source"": ""STI-SPFA"", ""date"": ""2026-06-17""}, ""primary_business_type"": {""source"": ""STI-SPFA"", ""date"": ""2026-06-17""}, ""contact_phone"": {""source"": ""STI-SPFA"", ""date"": ""2026-06-17""}, ""certifications_held"": {""source"": ""STI-SPFA"", ""date"": ""2026-06-17""}, ""materials_handled"": {""source"": ""STI-SPFA"", ""date"": ""2026-06-17""}}"
1447,Rolled Alloys,,"Maumee, OH",,"[""STI/SPFA Member""]",Steel Tank / Pipe Fabricator,"[""Carbon Steel"", ""Steel""]",,800-521-0332,[],,,STI-SPFA,2026-06-17 04:59:28,verified,verified,"{""company_name"": {""source"": ""STI-SPFA"", ""date"": ""2026-06-17""}, ""headquarters_location"": {""source"": ""STI-SPFA"", ""date"": ""2026-06-17""}, ""primary_business_type"": {""source"": ""STI-SPFA"", ""date"": ""2026-06-17""}, ""contact_phone"": {""source"": ""STI-SPFA"", ""date"": ""2026-06-17""}, ""certifications_held"": {""source"": ""STI-SPFA"", ""date"": ""2026-06-17""}, ""materials_handled"": {""source"": ""STI-SPFA"", ""date"": ""2026-06-17""}}"
1449,Rolled Alloys's website,http://www.rolledalloys.com/,,"23,100","[""STI/SPFA Member""]",Steel Tank / Pipe Fabricator,"[""Carbon Steel"", ""Cobalt"", ""Duplex"", ""Duplex Stainless"", ""Nickel"", ""Nickel Alloys"", ""Stainless Steel"", ""Steel"", ""Titanium""]",,321-243-9540,[],1953,,STI-SPFA,2026-06-17 05:04:19,verified,verified,"{""company_name"": {""source"": ""STI-SPFA"", ""date"": ""2026-06-17""}, ""website_url"": {""source"": ""STI-SPFA"", ""date"": ""2026-06-17""}, ""headquarters_location"": {""source"": ""STI-SPFA"", ""date"": ""2026-06-17""}, ""facility_size_sqft"": {""source"": ""STI-SPFA"", ""date"": ""2026-06-17""}, ""primary_business_type"": {""source"": ""STI-SPFA"", ""date"": ""2026-06-17""}, ""contact_email"": {""source"": ""STI-SPFA"", ""date"": ""2026-06-17""}, ""contact_phone"": {""source"": ""STI-SPFA"", ""date"": ""2026-06-17""}, ""year_established"": {""source"": ""STI-SPFA"", ""date"": ""2026-06-17""}, ""certifications_held"": {""source"": ""STI-SPFA"", ""date"": ""2026-06-17""}, ""materials_handled"": {""source"": ""STI-SPFA"", ""date"": ""2026-06-17""}}"
1453,"Janesville, WI 53545-8825",https://www.unitedalloy.com/,"Union, OH",,"[""STI/SPFA Member""]",Steel Tank / Pipe Fabricator,"[""Carbon Steel"", ""Steel""]",,608-758-4717,[],,,STI-SPFA,2026-06-17 05:08:14,verified,verified,"{""company_name"": {""source"": ""STI-SPFA"", ""date"": ""2026-06-17""}, ""website_url"": {""source"": ""STI-SPFA"", ""date"": ""2026-06-17""}, ""headquarters_location"": {""source"": ""STI-SPFA"", ""date"": ""2026-06-17""}, ""primary_business_type"": {""source"": ""STI-SPFA"", ""date"": ""2026-06-17""}, ""contact_phone"": {""source"": ""STI-SPFA"", ""date"": ""2026-06-17""}, ""certifications_held"": {""source"": ""STI-SPFA"", ""date"": ""2026-06-17""}, ""materials_handled"": {""source"": ""STI-SPFA"", ""date"": ""2026-06-17""}}"
1455,"United Alloy, Inc.'s website",https://www.unitedalloy.com/,"Union, OH",,"[""ASQ American Society"", ""BSI ISO QA"", ""C-UL-US LISTED"", ""STI/SPFA Member"", ""WBENC ISO Certifications""]",Steel Tank / Pipe Fabricator,"[""Carbon Steel"", ""Metal"", ""Steel""]",,405-212-2277,[],,,STI-SPFA,2026-06-17 05:10:35,verified,verified,"{""company_name"": {""source"": ""STI-SPFA"", ""date"": ""2026-06-17""}, ""website_url"": {""source"": ""STI-SPFA"", ""date"": ""2026-06-17""}, ""headquarters_location"": {""source"": ""STI-SPFA"", ""date"": ""2026-06-17""}, ""primary_business_type"": {""source"": ""STI-SPFA"", ""date"": ""2026-06-17""}, ""contact_phone"": {""source"": ""STI-SPFA"", ""date"": ""2026-06-17""}, ""certifications_held"": {""source"": ""STI-SPFA"", ""date"": ""2026-06-17""}, ""materials_handled"": {""source"": ""STI-SPFA"", ""date"": ""2026-06-17""}}"
1459,Corrosion Control Corp,,"Pedricktown, NJ",,"[""STI/SPFA Member""]",Steel Tank / Pipe Fabricator,"[""Carbon Steel"", ""Steel""]",,856-299-4200,[],,,STI-SPFA,2026-06-17 05:14:54,verified,verified,"{""company_name"": {""source"": ""STI-SPFA"", ""date"": ""2026-06-17""}, ""headquarters_location"": {""source"": ""STI-SPFA"", ""date"": ""2026-06-17""}, ""primary_business_type"": {""source"": ""STI-SPFA"", ""date"": ""2026-06-17""}, ""contact_phone"": {""source"": ""STI-SPFA"", ""date"": ""2026-06-17""}, ""certifications_held"": {""source"": ""STI-SPFA"", ""date"": ""2026-06-17""}, ""materials_handled"": {""source"": ""STI-SPFA"", ""date"": ""2026-06-17""}}"
1460,177 US Route 130,https://tankcare.com/,"Pedricktown, NJ",,"[""STI/SPFA Member""]",Steel Tank / Pipe Fabricator,"[""Carbon Steel"", ""Steel""]",,856-299-4200,[],,,STI-SPFA,2026-06-17 05:14:54,verified,verified,"{""company_name"": {""source"": ""STI-SPFA"", ""date"": ""2026-06-17""}, ""website_url"": {""source"": ""STI-SPFA"", ""date"": ""2026-06-17""}, ""headquarters_location"": {""source"": ""STI-SPFA"", ""date"": ""2026-06-17""}, ""primary_business_type"": {""source"": ""STI-SPFA"", ""date"": ""2026-06-17""}, ""contact_phone"": {""source"": ""STI-SPFA"", ""date"": ""2026-06-17""}, ""certifications_held"": {""source"": ""STI-SPFA"", ""date"": ""2026-06-17""}, ""materials_handled"": {""source"": ""STI-SPFA"", ""date"": ""2026-06-17""}}"
1463,"Broomfield, CO 80021-6525",https://nobelclad.com/,"Broomfield, Colorado",,"[""STI/SPFA Member""]",Steel Tank / Pipe Fabricator,"[""Carbon Steel"", ""Steel"", ""base metal"", ""corrosion-resistant alloy""]",,303-665-5700,[],,,STI-SPFA,2026-06-17 05:10:35,verified,verified,"{""company_name"": {""source"": ""STI-SPFA"", ""date"": ""2026-06-17""}, ""website_url"": {""source"": ""STI-SPFA"", ""date"": ""2026-06-17""}, ""headquarters_location"": {""source"": ""STI-SPFA"", ""date"": ""2026-06-17""}, ""primary_business_type"": {""source"": ""STI-SPFA"", ""date"": ""2026-06-17""}, ""contact_phone"": {""source"": ""STI-SPFA"", ""date"": ""2026-06-17""}, ""certifications_held"": {""source"": ""STI-SPFA"", ""date"": ""2026-06-17""}, ""materials_handled"": {""source"": ""STI-SPFA"", ""date"": ""2026-06-17""}}"
1464,NobelClad's website,https://nobelclad.com/,"Broomfield, Colorado",,"[""STI/SPFA Member""]",Steel Tank / Pipe Fabricator,"[""Carbon Steel"", ""Steel"", ""base metals"", ""corrosion-resistant alloys""]",,808-216-6494,[],,,STI-SPFA,2026-06-17 05:11:01,verified,verified,"{""company_name"": {""source"": ""STI-SPFA"", ""date"": ""2026-06-17""}, ""website_url"": {""source"": ""STI-SPFA"", ""date"": ""2026-06-17""}, ""headquarters_location"": {""source"": ""STI-SPFA"", ""date"": ""2026-06-17""}, ""primary_business_type"": {""source"": ""STI-SPFA"", ""date"": ""2026-06-17""}, ""contact_phone"": {""source"": ""STI-SPFA"", ""date"": ""2026-06-17""}, ""certifications_held"": {""source"": ""STI-SPFA"", ""date"": ""2026-06-17""}, ""materials_handled"": {""source"": ""STI-SPFA"", ""date"": ""2026-06-17""}}"
1467,"Henderson, KY 42420",http://www.pttg.com/,"Henderson, KY",,"[""STI/SPFA Member""]",Steel Tank / Pipe Fabricator,"[""Carbon Steel"", ""Steel""]",,270-826-9000,[],1919,,STI-SPFA,2026-06-17 05:11:14,verified,verified,"{""company_name"": {""source"": ""STI-SPFA"", ""date"": ""2026-06-17""}, ""website_url"": {""source"": ""STI-SPFA"", ""date"": ""2026-06-17""}, ""headquarters_location"": {""source"": ""STI-SPFA"", ""date"": ""2026-06-17""}, ""primary_business_type"": {""source"": ""STI-SPFA"", ""date"": ""2026-06-17""}, ""contact_phone"": {""source"": ""STI-SPFA"", ""date"": ""2026-06-17""}, ""year_established"": {""source"": ""STI-SPFA"", ""date"": ""2026-06-17""}, ""certifications_held"": {""source"": ""STI-SPFA"", ""date"": ""2026-06-17""}, ""materials_handled"": {""source"": ""STI-SPFA"", ""date"": ""2026-06-17""}}"
1468,Pittsburg Tank & Tower Group's website,http://www.pttg.com/,"Longview, WA",,"[""STI/SPFA Member""]",Steel Tank / Pipe Fabricator,"[""Carbon Steel"", ""Steel""]",,,[],,,STI-SPFA,2026-06-17 04:59:28,verified,verified,"{""company_name"": {""source"": ""STI-SPFA"", ""date"": ""2026-06-17""}, ""website_url"": {""source"": ""STI-SPFA"", ""date"": ""2026-06-17""}, ""headquarters_location"": {""source"": ""STI-SPFA"", ""date"": ""2026-06-17""}, ""primary_business_type"": {""source"": ""STI-SPFA"", ""date"": ""2026-06-17""}, ""certifications_held"": {""source"": ""STI-SPFA"", ""date"": ""2026-06-17""}, ""materials_handled"": {""source"": ""STI-SPFA"", ""date"": ""2026-06-17""}}"
1470,Nucor Skyline (Longview),,"Longview, WA",,"[""STI/SPFA Member""]",Steel Tank / Pipe Fabricator,"[""Carbon Steel"", ""Steel""]",,215-383-1334,[],,,STI-SPFA,2026-06-17 04:59:28,verified,verified,"{""company_name"": {""source"": ""STI-SPFA"", ""date"": ""2026-06-17""}, ""headquarters_location"": {""source"": ""STI-SPFA"", ""date"": ""2026-06-17""}, ""primary_business_type"": {""source"": ""STI-SPFA"", ""date"": ""2026-06-17""}, ""contact_phone"": {""source"": ""STI-SPFA"", ""date"": ""2026-06-17""}, ""certifications_held"": {""source"": ""STI-SPFA"", ""date"": ""2026-06-17""}, ""materials_handled"": {""source"": ""STI-SPFA"", ""date"": ""2026-06-17""}}"
1472,Nucor Skyline (Longview)'s website,https://www.nucorskyline.com/,"Goldsboro, NC",,"[""STI/SPFA Member""]",Steel Tank / Pipe Fabricator,"[""Carbon Steel"", ""Steel""]",,,[],,,STI-SPFA,2026-06-17 04:59:28,verified,verified,"{""company_name"": {""source"": ""STI-SPFA"", ""date"": ""2026-06-17""}, ""website_url"": {""source"": ""STI-SPFA"", ""date"": ""2026-06-17""}, ""headquarters_location"": {""source"": ""STI-SPFA"", ""date"": ""2026-06-17""}, ""primary_business_type"": {""source"": ""STI-SPFA"", ""date"": ""2026-06-17""}, ""certifications_held"": {""source"": ""STI-SPFA"", ""date"": ""2026-06-17""}, ""materials_handled"": {""source"": ""STI-SPFA"", ""date"": ""2026-06-17""}}"
1474,General Industries,,"Goldsboro, NC",,"[""STI/SPFA Member""]",Steel Tank / Pipe Fabricator,"[""Carbon Steel"", ""Steel""]",,919-751-1791,[],,,STI-SPFA,2026-06-17 04:59:28,verified,verified,"{""company_name"": {""source"": ""STI-SPFA"", ""date"": ""2026-06-17""}, ""headquarters_location"": {""source"": ""STI-SPFA"", ""date"": ""2026-06-17""}, ""primary_business_type"": {""source"": ""STI-SPFA"", ""date"": ""2026-06-17""}, ""contact_phone"": {""source"": ""STI-SPFA"", ""date"": ""2026-06-17""}, ""certifications_held"": {""source"": ""STI-SPFA"", ""date"": ""2026-06-17""}, ""materials_handled"": {""source"": ""STI-SPFA"", ""date"": ""2026-06-17""}}"
3602,"Midwest Imperial Steel Fabricators, LLC",,"Oak Lawn, IL",,"[""ASME (likely)""]",Pressure Vessel Manufacturer,"[""Carbon Steel"", ""Stainless Steel""]",,800-282-1574,[],,,IQS:pressure-vessels,2026-06-17 05:14:12,verified,verified,"{""company_name"": {""source"": ""IQS:pressure-vessels"", ""date"": ""2026-06-17""}, ""headquarters_location"": {""source"": ""IQS:pressure-vessels"", ""date"": ""2026-06-17""}, ""primary_business_type"": {""source"": ""IQS:pressure-vessels"", ""date"": ""2026-06-17""}, ""contact_phone"": {""source"": ""IQS:pressure-vessels"", ""date"": ""2026-06-17""}, ""certifications_held"": {""source"": ""IQS:pressure-vessels"", ""date"": ""2026-06-17""}, ""materials_handled"": {""source"": ""IQS:pressure-vessels"", ""date"": ""2026-06-17""}}"
3603,"Gladwin Tank Mfg., Inc",,"Gladwin, MI",,"[""ASME (likely)""]",Pressure Vessel Manufacturer,"[""Carbon Steel"", ""Stainless Steel""]",,989-426-4768,[],,,IQS:pressure-vessels,2026-06-17 05:14:12,verified,verified,"{""company_name"": {""source"": ""IQS:pressure-vessels"", ""date"": ""2026-06-17""}, ""headquarters_location"": {""source"": ""IQS:pressure-vessels"", ""date"": ""2026-06-17""}, ""primary_business_type"": {""source"": ""IQS:pressure-vessels"", ""date"": ""2026-06-17""}, ""contact_phone"": {""source"": ""IQS:pressure-vessels"", ""date"": ""2026-06-17""}, ""certifications_held"": {""source"": ""IQS:pressure-vessels"", ""date"": ""2026-06-17""}, ""materials_handled"": {""source"": ""IQS:pressure-vessels"", ""date"": ""2026-06-17""}}"
3604,Midwest Tank Company,,"Big Lake, MN",,"[""ASME (likely)""]",Pressure Vessel Manufacturer,"[""Carbon Steel"", ""Stainless Steel""]",,763-263-0747,[],,,IQS:pressure-vessels,2026-06-17 05:14:12,verified,verified,"{""company_name"": {""source"": ""IQS:pressure-vessels"", ""date"": ""2026-06-17""}, ""headquarters_location"": {""source"": ""IQS:pressure-vessels"", ""date"": ""2026-06-17""}, ""primary_business_type"": {""source"": ""IQS:pressure-vessels"", ""date"": ""2026-06-17""}, ""contact_phone"": {""source"": ""IQS:pressure-vessels"", ""date"": ""2026-06-17""}, ""certifications_held"": {""source"": ""IQS:pressure-vessels"", ""date"": ""2026-06-17""}, ""materials_handled"": {""source"": ""IQS:pressure-vessels"", ""date"": ""2026-06-17""}}"
3605,"Vector Systems, Inc",,"McKinney, TX",,"[""ASME (likely)""]",Pressure Vessel Manufacturer,"[""Carbon Steel"", ""Stainless Steel""]",,214-544-9500,[],,,IQS:pressure-vessels,2026-06-17 05:14:12,verified,verified,"{""company_name"": {""source"": ""IQS:pressure-vessels"", ""date"": ""2026-06-17""}, ""headquarters_location"": {""source"": ""IQS:pressure-vessels"", ""date"": ""2026-06-17""}, ""primary_business_type"": {""source"": ""IQS:pressure-vessels"", ""date"": ""2026-06-17""}, ""contact_phone"": {""source"": ""IQS:pressure-vessels"", ""date"": ""2026-06-17""}, ""certifications_held"": {""source"": ""IQS:pressure-vessels"", ""date"": ""2026-06-17""}, ""materials_handled"": {""source"": ""IQS:pressure-vessels"", ""date"": ""2026-06-17""}}"
3606,Harris Thermal Transfer Products,,"Newberg, OR",,"[""TEMA-style""]",Heat Exchanger Manufacturer,"[""Carbon Steel"", ""Stainless Steel""]",,800-767-9507,[],,,IQS:heat-exchangers,2026-06-17 05:14:14,verified,verified,"{""company_name"": {""source"": ""IQS:heat-exchangers"", ""date"": ""2026-06-17""}, ""headquarters_location"": {""source"": ""IQS:heat-exchangers"", ""date"": ""2026-06-17""}, ""primary_business_type"": {""source"": ""IQS:heat-exchangers"", ""date"": ""2026-06-17""}, ""contact_phone"": {""source"": ""IQS:heat-exchangers"", ""date"": ""2026-06-17""}, ""certifications_held"": {""source"": ""IQS:heat-exchangers"", ""date"": ""2026-06-17""}, ""materials_handled"": {""source"": ""IQS:heat-exchangers"", ""date"": ""2026-06-17""}}"
3607,Perry Products,,"Corporation Hainesport, NJ",,"[""TEMA-style""]",Heat Exchanger Manufacturer,"[""Carbon Steel"", ""Stainless Steel""]",,609-267-1600,[],,,IQS:heat-exchangers,2026-06-17 05:14:14,verified,verified,"{""company_name"": {""source"": ""IQS:heat-exchangers"", ""date"": ""2026-06-17""}, ""headquarters_location"": {""source"": ""IQS:heat-exchangers"", ""date"": ""2026-06-17""}, ""primary_business_type"": {""source"": ""IQS:heat-exchangers"", ""date"": ""2026-06-17""}, ""contact_phone"": {""source"": ""IQS:heat-exchangers"", ""date"": ""2026-06-17""}, ""certifications_held"": {""source"": ""IQS:heat-exchangers"", ""date"": ""2026-06-17""}, ""materials_handled"": {""source"": ""IQS:heat-exchangers"", ""date"": ""2026-06-17""}}"
3608,"Perry. Read Reviews Bitzer US, Inc",,"Flowery Branch, GA",,"[""TEMA-style""]",Heat Exchanger Manufacturer,"[""Carbon Steel"", ""Stainless Steel""]",,770-503-9226,[],,,IQS:heat-exchangers,2026-06-17 05:14:14,verified,verified,"{""company_name"": {""source"": ""IQS:heat-exchangers"", ""date"": ""2026-06-17""}, ""headquarters_location"": {""source"": ""IQS:heat-exchangers"", ""date"": ""2026-06-17""}, ""primary_business_type"": {""source"": ""IQS:heat-exchangers"", ""date"": ""2026-06-17""}, ""contact_phone"": {""source"": ""IQS:heat-exchangers"", ""date"": ""2026-06-17""}, ""certifications_held"": {""source"": ""IQS:heat-exchangers"", ""date"": ""2026-06-17""}, ""materials_handled"": {""source"": ""IQS:heat-exchangers"", ""date"": ""2026-06-17""}}"
3609,"Taylor Forge Engineered Systems, Inc",,"Paola, KS",,"[""TEMA-style""]",Heat Exchanger Manufacturer,"[""Carbon Steel"", ""Stainless Steel""]",,913-294-5331,[],,,IQS:heat-exchangers,2026-06-17 05:14:14,verified,verified,"{""company_name"": {""source"": ""IQS:heat-exchangers"", ""date"": ""2026-06-17""}, ""headquarters_location"": {""source"": ""IQS:heat-exchangers"", ""date"": ""2026-06-17""}, ""primary_business_type"": {""source"": ""IQS:heat-exchangers"", ""date"": ""2026-06-17""}, ""contact_phone"": {""source"": ""IQS:heat-exchangers"", ""date"": ""2026-06-17""}, ""certifications_held"": {""source"": ""IQS:heat-exchangers"", ""date"": ""2026-06-17""}, ""materials_handled"": {""source"": ""IQS:heat-exchangers"", ""date"": ""2026-06-17""}}"
3610,"Cannon Boiler Works, Inc",,"New Kensington, PA",,"[""TEMA-style""]",Heat Exchanger Manufacturer,"[""Carbon Steel"", ""Stainless Steel""]",,724-335-8541,[],,,IQS:heat-exchangers,2026-06-17 05:14:14,verified,verified,"{""company_name"": {""source"": ""IQS:heat-exchangers"", ""date"": ""2026-06-17""}, ""headquarters_location"": {""source"": ""IQS:heat-exchangers"", ""date"": ""2026-06-17""}, ""primary_business_type"": {""source"": ""IQS:heat-exchangers"", ""date"": ""2026-06-17""}, ""contact_phone"": {""source"": ""IQS:heat-exchangers"", ""date"": ""2026-06-17""}, ""certifications_held"": {""source"": ""IQS:heat-exchangers"", ""date"": ""2026-06-17""}, ""materials_handled"": {""source"": ""IQS:heat-exchangers"", ""date"": ""2026-06-17""}}"
3611,Geo Heat Exchangers LLC,,"St. Gabriel, LA",,"[""TEMA-style""]",Heat Exchanger Manufacturer,"[""Carbon Steel"", ""Stainless Steel""]",,225-642-8900,[],,,IQS:heat-exchangers,2026-06-17 05:14:14,verified,verified,"{""company_name"": {""source"": ""IQS:heat-exchangers"", ""date"": ""2026-06-17""}, ""headquarters_location"": {""source"": ""IQS:heat-exchangers"", ""date"": ""2026-06-17""}, ""primary_business_type"": {""source"": ""IQS:heat-exchangers"", ""date"": ""2026-06-17""}, ""contact_phone"": {""source"": ""IQS:heat-exchangers"", ""date"": ""2026-06-17""}, ""certifications_held"": {""source"": ""IQS:heat-exchangers"", ""date"": ""2026-06-17""}, ""materials_handled"": {""source"": ""IQS:heat-exchangers"", ""date"": ""2026-06-17""}}"
3612,Pack Air Inc,,"Neenah, WI",,"[""CEMA-style""]",Conveyor Equipment Manufacturer,[],,920-727-3000,[],,,IQS:conveyors,2026-06-17 05:14:14,verified,verified,"{""company_name"": {""source"": ""IQS:conveyors"", ""date"": ""2026-06-17""}, ""headquarters_location"": {""source"": ""IQS:conveyors"", ""date"": ""2026-06-17""}, ""primary_business_type"": {""source"": ""IQS:conveyors"", ""date"": ""2026-06-17""}, ""contact_phone"": {""source"": ""IQS:conveyors"", ""date"": ""2026-06-17""}, ""certifications_held"": {""source"": ""IQS:conveyors"", ""date"": ""2026-06-17""}}"
3613,Dynamic Air Inc,,"St. Paul, MN",,"[""CEMA-style""]",Conveyor Equipment Manufacturer,[],,651-484-2900,[],,,IQS:conveyors,2026-06-17 05:14:14,verified,verified,"{""company_name"": {""source"": ""IQS:conveyors"", ""date"": ""2026-06-17""}, ""headquarters_location"": {""source"": ""IQS:conveyors"", ""date"": ""2026-06-17""}, ""primary_business_type"": {""source"": ""IQS:conveyors"", ""date"": ""2026-06-17""}, ""contact_phone"": {""source"": ""IQS:conveyors"", ""date"": ""2026-06-17""}, ""certifications_held"": {""source"": ""IQS:conveyors"", ""date"": ""2026-06-17""}}"
3614,Whirl-Air-Flow Corporation,,"Princeton, MN",,"[""CEMA-style""]",Conveyor Equipment Manufacturer,[],,763-262-1200,[],,,IQS:conveyors,2026-06-17 05:14:14,verified,verified,"{""company_name"": {""source"": ""IQS:conveyors"", ""date"": ""2026-06-17""}, ""headquarters_location"": {""source"": ""IQS:conveyors"", ""date"": ""2026-06-17""}, ""primary_business_type"": {""source"": ""IQS:conveyors"", ""date"": ""2026-06-17""}, ""contact_phone"": {""source"": ""IQS:conveyors"", ""date"": ""2026-06-17""}, ""certifications_held"": {""source"": ""IQS:conveyors"", ""date"": ""2026-06-17""}}"
3615,"Vecoplan, LLC",,"Greensboro, NC",,"[""CEMA-style""]",Conveyor Equipment Manufacturer,[],,336-298-8722,[],,,IQS:conveyors,2026-06-17 05:14:14,verified,verified,"{""company_name"": {""source"": ""IQS:conveyors"", ""date"": ""2026-06-17""}, ""headquarters_location"": {""source"": ""IQS:conveyors"", ""date"": ""2026-06-17""}, ""primary_business_type"": {""source"": ""IQS:conveyors"", ""date"": ""2026-06-17""}, ""contact_phone"": {""source"": ""IQS:conveyors"", ""date"": ""2026-06-17""}, ""certifications_held"": {""source"": ""IQS:conveyors"", ""date"": ""2026-06-17""}}"
3616,Conveyor Engineering & Mfg,,"Co. Cedar Rapids, IA",,"[""CEMA-style""]",Conveyor Equipment Manufacturer,[],,319-364-5600,[],,,IQS:conveyors,2026-06-17 05:14:14,verified,verified,"{""company_name"": {""source"": ""IQS:conveyors"", ""date"": ""2026-06-17""}, ""headquarters_location"": {""source"": ""IQS:conveyors"", ""date"": ""2026-06-17""}, ""primary_business_type"": {""source"": ""IQS:conveyors"", ""date"": ""2026-06-17""}, ""contact_phone"": {""source"": ""IQS:conveyors"", ""date"": ""2026-06-17""}, ""certifications_held"": {""source"": ""IQS:conveyors"", ""date"": ""2026-06-17""}}"
3617,Akona Process Solutions,,"Monroe, NC",,"[""CEMA-style""]",Conveyor Equipment Manufacturer,[],,877-463-1866,[],,,IQS:conveyors,2026-06-17 05:14:14,verified,verified,"{""company_name"": {""source"": ""IQS:conveyors"", ""date"": ""2026-06-17""}, ""headquarters_location"": {""source"": ""IQS:conveyors"", ""date"": ""2026-06-17""}, ""primary_business_type"": {""source"": ""IQS:conveyors"", ""date"": ""2026-06-17""}, ""contact_phone"": {""source"": ""IQS:conveyors"", ""date"": ""2026-06-17""}, ""certifications_held"": {""source"": ""IQS:conveyors"", ""date"": ""2026-06-17""}}"
3618,"FEECO International, Inc",,"Green Bay, WI",,"[""CEMA-style""]",Conveyor Equipment Manufacturer,[],,800-373-9347,[],,,IQS:conveyors,2026-06-17 05:14:14,verified,verified,"{""company_name"": {""source"": ""IQS:conveyors"", ""date"": ""2026-06-17""}, ""headquarters_location"": {""source"": ""IQS:conveyors"", ""date"": ""2026-06-17""}, ""primary_business_type"": {""source"": ""IQS:conveyors"", ""date"": ""2026-06-17""}, ""contact_phone"": {""source"": ""IQS:conveyors"", ""date"": ""2026-06-17""}, ""certifications_held"": {""source"": ""IQS:conveyors"", ""date"": ""2026-06-17""}}"
3619,Northern Manufacturing,,"Co. Oak Harbor, OH",,[],Custom Metal Fabricator,[],,419-898-2821,[],,,IQS:custom-metal-fabrication,2026-06-17 05:14:14,verified,inferred,"{""company_name"": {""source"": ""IQS:custom-metal-fabrication"", ""date"": ""2026-06-17""}, ""headquarters_location"": {""source"": ""IQS:custom-metal-fabrication"", ""date"": ""2026-06-17""}, ""primary_business_type"": {""source"": ""IQS:custom-metal-fabrication"", ""date"": ""2026-06-17""}, ""contact_phone"": {""source"": ""IQS:custom-metal-fabrication"", ""date"": ""2026-06-17""}}"
3620,"Hastelloy. Read Reviews Remaly Manufacturing Company, Inc",,"Tamaqua, PA",,[],Custom Metal Fabricator,[],,888-218-2260,[],,,IQS:custom-metal-fabrication,2026-06-17 05:14:14,verified,inferred,"{""company_name"": {""source"": ""IQS:custom-metal-fabrication"", ""date"": ""2026-06-17""}, ""headquarters_location"": {""source"": ""IQS:custom-metal-fabrication"", ""date"": ""2026-06-17""}, ""primary_business_type"": {""source"": ""IQS:custom-metal-fabrication"", ""date"": ""2026-06-17""}, ""contact_phone"": {""source"": ""IQS:custom-metal-fabrication"", ""date"": ""2026-06-17""}}"
3621,Shoreline Manufacturing,,"Holland, MI",,[],Custom Metal Fabricator,[],,616-298-8016,[],,,IQS:custom-metal-fabrication,2026-06-17 05:14:14,verified,inferred,"{""company_name"": {""source"": ""IQS:custom-metal-fabrication"", ""date"": ""2026-06-17""}, ""headquarters_location"": {""source"": ""IQS:custom-metal-fabrication"", ""date"": ""2026-06-17""}, ""primary_business_type"": {""source"": ""IQS:custom-metal-fabrication"", ""date"": ""2026-06-17""}, ""contact_phone"": {""source"": ""IQS:custom-metal-fabrication"", ""date"": ""2026-06-17""}}"
3622,Roto Dynamics Inc,,"Orange, CA",,"[""API 650/620 (likely)""]",Storage Tank Fabricator,"[""Carbon Steel""]",,877-768-6585,[],,,IQS:storage-tanks,2026-06-17 05:14:14,verified,verified,"{""company_name"": {""source"": ""IQS:storage-tanks"", ""date"": ""2026-06-17""}, ""headquarters_location"": {""source"": ""IQS:storage-tanks"", ""date"": ""2026-06-17""}, ""primary_business_type"": {""source"": ""IQS:storage-tanks"", ""date"": ""2026-06-17""}, ""contact_phone"": {""source"": ""IQS:storage-tanks"", ""date"": ""2026-06-17""}, ""certifications_held"": {""source"": ""IQS:storage-tanks"", ""date"": ""2026-06-17""}, ""materials_handled"": {""source"": ""IQS:storage-tanks"", ""date"": ""2026-06-17""}}"
3623,U.S. Plastic Corp,,"Lima, OH",,"[""API 650/620 (likely)""]",Storage Tank Fabricator,"[""Carbon Steel""]",,800-809-4217,[],,,IQS:storage-tanks,2026-06-17 05:14:14,verified,verified,"{""company_name"": {""source"": ""IQS:storage-tanks"", ""date"": ""2026-06-17""}, ""headquarters_location"": {""source"": ""IQS:storage-tanks"", ""date"": ""2026-06-17""}, ""primary_business_type"": {""source"": ""IQS:storage-tanks"", ""date"": ""2026-06-17""}, ""contact_phone"": {""source"": ""IQS:storage-tanks"", ""date"": ""2026-06-17""}, ""certifications_held"": {""source"": ""IQS:storage-tanks"", ""date"": ""2026-06-17""}, ""materials_handled"": {""source"": ""IQS:storage-tanks"", ""date"": ""2026-06-17""}}"
3624,"Wagner Enterprise, Inc",,"Troy, MI",,"[""API 650/620 (likely)""]",Storage Tank Fabricator,"[""Carbon Steel""]",,248-879-9000,[],,,IQS:storage-tanks,2026-06-17 05:14:14,verified,verified,"{""company_name"": {""source"": ""IQS:storage-tanks"", ""date"": ""2026-06-17""}, ""headquarters_location"": {""source"": ""IQS:storage-tanks"", ""date"": ""2026-06-17""}, ""primary_business_type"": {""source"": ""IQS:storage-tanks"", ""date"": ""2026-06-17""}, ""contact_phone"": {""source"": ""IQS:storage-tanks"", ""date"": ""2026-06-17""}, ""certifications_held"": {""source"": ""IQS:storage-tanks"", ""date"": ""2026-06-17""}, ""materials_handled"": {""source"": ""IQS:storage-tanks"", ""date"": ""2026-06-17""}}"
3625,"All Plastics and Fiberglass, Inc",,"Mobile, AL",,"[""API 650/620 (likely)""]",Storage Tank Fabricator,"[""Carbon Steel""]",,800-226-1134,[],,,IQS:storage-tanks,2026-06-17 05:14:14,verified,verified,"{""company_name"": {""source"": ""IQS:storage-tanks"", ""date"": ""2026-06-17""}, ""headquarters_location"": {""source"": ""IQS:storage-tanks"", ""date"": ""2026-06-17""}, ""primary_business_type"": {""source"": ""IQS:storage-tanks"", ""date"": ""2026-06-17""}, ""contact_phone"": {""source"": ""IQS:storage-tanks"", ""date"": ""2026-06-17""}, ""certifications_held"": {""source"": ""IQS:storage-tanks"", ""date"": ""2026-06-17""}, ""materials_handled"": {""source"": ""IQS:storage-tanks"", ""date"": ""2026-06-17""}}"
3629,"Unilux Advanced Manufacturing, LLC",,"Schenectady, NY",,"[""ASME (likely)""]",Boiler Manufacturer,[],,518-344-7490,[],,,IQS:boilers,2026-06-17 05:14:14,verified,verified,"{""company_name"": {""source"": ""IQS:boilers"", ""date"": ""2026-06-17""}, ""headquarters_location"": {""source"": ""IQS:boilers"", ""date"": ""2026-06-17""}, ""primary_business_type"": {""source"": ""IQS:boilers"", ""date"": ""2026-06-17""}, ""contact_phone"": {""source"": ""IQS:boilers"", ""date"": ""2026-06-17""}, ""certifications_held"": {""source"": ""IQS:boilers"", ""date"": ""2026-06-17""}}"
3630,"Miura Boiler Co., Ltd",,"Rockmart, GA",,"[""ASME (likely)""]",Boiler Manufacturer,[],,678-685-0929,[],,,IQS:boilers,2026-06-17 05:14:14,verified,verified,"{""company_name"": {""source"": ""IQS:boilers"", ""date"": ""2026-06-17""}, ""headquarters_location"": {""source"": ""IQS:boilers"", ""date"": ""2026-06-17""}, ""primary_business_type"": {""source"": ""IQS:boilers"", ""date"": ""2026-06-17""}, ""contact_phone"": {""source"": ""IQS:boilers"", ""date"": ""2026-06-17""}, ""certifications_held"": {""source"": ""IQS:boilers"", ""date"": ""2026-06-17""}}"
3631,Indeck Power Equipment,,"Company Wheeling, IL",,"[""ASME (likely)""]",Boiler Manufacturer,[],,847-541-8300,[],,,IQS:boilers,2026-06-17 05:14:14,verified,verified,"{""company_name"": {""source"": ""IQS:boilers"", ""date"": ""2026-06-17""}, ""headquarters_location"": {""source"": ""IQS:boilers"", ""date"": ""2026-06-17""}, ""primary_business_type"": {""source"": ""IQS:boilers"", ""date"": ""2026-06-17""}, ""contact_phone"": {""source"": ""IQS:boilers"", ""date"": ""2026-06-17""}, ""certifications_held"": {""source"": ""IQS:boilers"", ""date"": ""2026-06-17""}}"
3632,Nationwide Boiler Inc,,"Fremont, CA",,"[""ASME (likely)""]",Boiler Manufacturer,[],,800-227-1966,[],,,IQS:boilers,2026-06-17 05:14:14,verified,verified,"{""company_name"": {""source"": ""IQS:boilers"", ""date"": ""2026-06-17""}, ""headquarters_location"": {""source"": ""IQS:boilers"", ""date"": ""2026-06-17""}, ""primary_business_type"": {""source"": ""IQS:boilers"", ""date"": ""2026-06-17""}, ""contact_phone"": {""source"": ""IQS:boilers"", ""date"": ""2026-06-17""}, ""certifications_held"": {""source"": ""IQS:boilers"", ""date"": ""2026-06-17""}}"
7294,"Mid America Pipe Fabricating & Supply, LLC",,"Scammon, KS",,"[""STI/SPFA Member""]",Steel Tank / Pipe Fabricator,"[""Carbon Steel"", ""Steel""]",,620-827-6121,[],,,STI-SPFA,2026-06-17 05:14:54,verified,verified,"{""company_name"": {""source"": ""STI-SPFA"", ""date"": ""2026-06-17""}, ""headquarters_location"": {""source"": ""STI-SPFA"", ""date"": ""2026-06-17""}, ""primary_business_type"": {""source"": ""STI-SPFA"", ""date"": ""2026-06-17""}, ""contact_phone"": {""source"": ""STI-SPFA"", ""date"": ""2026-06-17""}, ""certifications_held"": {""source"": ""STI-SPFA"", ""date"": ""2026-06-17""}, ""materials_handled"": {""source"": ""STI-SPFA"", ""date"": ""2026-06-17""}}"
7296,"Mid America Pipe Fabricating & Supply, LLC's website",https://www.midamericapipe.com/,"Cleveland, MS",,"[""STI/SPFA Member""]",Steel Tank / Pipe Fabricator,"[""Carbon Steel"", ""Steel""]",,,[],,,STI-SPFA,2026-06-17 05:14:54,verified,verified,"{""company_name"": {""source"": ""STI-SPFA"", ""date"": ""2026-06-17""}, ""website_url"": {""source"": ""STI-SPFA"", ""date"": ""2026-06-17""}, ""headquarters_location"": {""source"": ""STI-SPFA"", ""date"": ""2026-06-17""}, ""primary_business_type"": {""source"": ""STI-SPFA"", ""date"": ""2026-06-17""}, ""certifications_held"": {""source"": ""STI-SPFA"", ""date"": ""2026-06-17""}, ""materials_handled"": {""source"": ""STI-SPFA"", ""date"": ""2026-06-17""}}"
7298,"LT Corporation, Inc",,"Cleveland, MS",,"[""STI/SPFA Member""]",Steel Tank / Pipe Fabricator,"[""Carbon Steel"", ""Steel""]",,662-843-4046,[],,,STI-SPFA,2026-06-17 05:14:54,verified,verified,"{""company_name"": {""source"": ""STI-SPFA"", ""date"": ""2026-06-17""}, ""headquarters_location"": {""source"": ""STI-SPFA"", ""date"": ""2026-06-17""}, ""primary_business_type"": {""source"": ""STI-SPFA"", ""date"": ""2026-06-17""}, ""contact_phone"": {""source"": ""STI-SPFA"", ""date"": ""2026-06-17""}, ""certifications_held"": {""source"": ""STI-SPFA"", ""date"": ""2026-06-17""}, ""materials_handled"": {""source"": ""STI-SPFA"", ""date"": ""2026-06-17""}}"
7299,2914 U.S. 61,https://ltcorp-inc.com/,"Cleveland, MS",,"[""STI/SPFA Member""]",Steel Tank / Pipe Fabricator,"[""Carbon Steel"", ""Steel""]",,662-843-4046,[],,,STI-SPFA,2026-06-17 05:14:54,verified,verified,"{""company_name"": {""source"": ""STI-SPFA"", ""date"": ""2026-06-17""}, ""website_url"": {""source"": ""STI-SPFA"", ""date"": ""2026-06-17""}, ""headquarters_location"": {""source"": ""STI-SPFA"", ""date"": ""2026-06-17""}, ""primary_business_type"": {""source"": ""STI-SPFA"", ""date"": ""2026-06-17""}, ""contact_phone"": {""source"": ""STI-SPFA"", ""date"": ""2026-06-17""}, ""certifications_held"": {""source"": ""STI-SPFA"", ""date"": ""2026-06-17""}, ""materials_handled"": {""source"": ""STI-SPFA"", ""date"": ""2026-06-17""}}"
7305,Shannon Oelkers's website,https://www.integrity-env.com/,"Fall River, WI",,"[""STI/SPFA Member""]",Steel Tank / Pipe Fabricator,"[""Carbon Steel"", ""Steel""]",,,[],,,STI-SPFA,2026-06-17 05:14:54,verified,verified,"{""company_name"": {""source"": ""STI-SPFA"", ""date"": ""2026-06-17""}, ""website_url"": {""source"": ""STI-SPFA"", ""date"": ""2026-06-17""}, ""headquarters_location"": {""source"": ""STI-SPFA"", ""date"": ""2026-06-17""}, ""primary_business_type"": {""source"": ""STI-SPFA"", ""date"": ""2026-06-17""}, ""certifications_held"": {""source"": ""STI-SPFA"", ""date"": ""2026-06-17""}, ""materials_handled"": {""source"": ""STI-SPFA"", ""date"": ""2026-06-17""}}"
7307,EK Machine Co. Inc. Power Products,,"Fall River, WI",,"[""STI/SPFA Member""]",Steel Tank / Pipe Fabricator,"[""Carbon Steel"", ""Steel""]",,920-484-3700,[],,,STI-SPFA,2026-06-17 05:14:54,verified,verified,"{""company_name"": {""source"": ""STI-SPFA"", ""date"": ""2026-06-17""}, ""headquarters_location"": {""source"": ""STI-SPFA"", ""date"": ""2026-06-17""}, ""primary_business_type"": {""source"": ""STI-SPFA"", ""date"": ""2026-06-17""}, ""contact_phone"": {""source"": ""STI-SPFA"", ""date"": ""2026-06-17""}, ""certifications_held"": {""source"": ""STI-SPFA"", ""date"": ""2026-06-17""}, ""materials_handled"": {""source"": ""STI-SPFA"", ""date"": ""2026-06-17""}}"
7309,EK Machine Co. Inc. Power Products's website,https://www.ekpowerproducts.com/,"Kawartha Lakes, ON",,"[""STI/SPFA Member""]",Steel Tank / Pipe Fabricator,"[""Carbon Steel"", ""Steel""]",,,[],,,STI-SPFA,2026-06-17 05:14:54,verified,verified,"{""company_name"": {""source"": ""STI-SPFA"", ""date"": ""2026-06-17""}, ""website_url"": {""source"": ""STI-SPFA"", ""date"": ""2026-06-17""}, ""headquarters_location"": {""source"": ""STI-SPFA"", ""date"": ""2026-06-17""}, ""primary_business_type"": {""source"": ""STI-SPFA"", ""date"": ""2026-06-17""}, ""certifications_held"": {""source"": ""STI-SPFA"", ""date"": ""2026-06-17""}, ""materials_handled"": {""source"": ""STI-SPFA"", ""date"": ""2026-06-17""}}"
7311,26 Fallingbrook Crescent,http://netprofitxl.com/,"Kawartha Lakes, ON",,"[""STI/SPFA Member""]",Steel Tank / Pipe Fabricator,"[""Carbon Steel"", ""Steel""]",,416-527-4760,[],,,STI-SPFA,2026-06-17 05:14:54,verified,verified,"{""company_name"": {""source"": ""STI-SPFA"", ""date"": ""2026-06-17""}, ""website_url"": {""source"": ""STI-SPFA"", ""date"": ""2026-06-17""}, ""headquarters_location"": {""source"": ""STI-SPFA"", ""date"": ""2026-06-17""}, ""primary_business_type"": {""source"": ""STI-SPFA"", ""date"": ""2026-06-17""}, ""contact_phone"": {""source"": ""STI-SPFA"", ""date"": ""2026-06-17""}, ""certifications_held"": {""source"": ""STI-SPFA"", ""date"": ""2026-06-17""}, ""materials_handled"": {""source"": ""STI-SPFA"", ""date"": ""2026-06-17""}}"
7313,NetProfitXL's website,http://netprofitxl.com/,"Pedricktown, NJ",,"[""STI/SPFA Member""]",Steel Tank / Pipe Fabricator,"[""Carbon Steel"", ""Steel""]",,,[],,,STI-SPFA,2026-06-17 05:14:54,verified,verified,"{""company_name"": {""source"": ""STI-SPFA"", ""date"": ""2026-06-17""}, ""website_url"": {""source"": ""STI-SPFA"", ""date"": ""2026-06-17""}, ""headquarters_location"": {""source"": ""STI-SPFA"", ""date"": ""2026-06-17""}, ""primary_business_type"": {""source"": ""STI-SPFA"", ""date"": ""2026-06-17""}, ""certifications_held"": {""source"": ""STI-SPFA"", ""date"": ""2026-06-17""}, ""materials_handled"": {""source"": ""STI-SPFA"", ""date"": ""2026-06-17""}}"
7320,TF Warren Group,,"Spring, TX",,"[""STI/SPFA Member""]",Steel Tank / Pipe Fabricator,"[""Carbon Steel"", ""Steel""]",,832-299-3200,[],,,STI-SPFA,2026-06-17 05:14:54,verified,verified,"{""company_name"": {""source"": ""STI-SPFA"", ""date"": ""2026-06-17""}, ""headquarters_location"": {""source"": ""STI-SPFA"", ""date"": ""2026-06-17""}, ""primary_business_type"": {""source"": ""STI-SPFA"", ""date"": ""2026-06-17""}, ""contact_phone"": {""source"": ""STI-SPFA"", ""date"": ""2026-06-17""}, ""certifications_held"": {""source"": ""STI-SPFA"", ""date"": ""2026-06-17""}, ""materials_handled"": {""source"": ""STI-SPFA"", ""date"": ""2026-06-17""}}"
7322,TF Warren Group's website,https://www.tfwarren.com/,"Downers Grove, IL",,"[""STI/SPFA Member""]",Steel Tank / Pipe Fabricator,"[""Carbon Steel"", ""Steel""]",,,[],,,STI-SPFA,2026-06-17 05:14:54,verified,verified,"{""company_name"": {""source"": ""STI-SPFA"", ""date"": ""2026-06-17""}, ""website_url"": {""source"": ""STI-SPFA"", ""date"": ""2026-06-17""}, ""headquarters_location"": {""source"": ""STI-SPFA"", ""date"": ""2026-06-17""}, ""primary_business_type"": {""source"": ""STI-SPFA"", ""date"": ""2026-06-17""}, ""certifications_held"": {""source"": ""STI-SPFA"", ""date"": ""2026-06-17""}, ""materials_handled"": {""source"": ""STI-SPFA"", ""date"": ""2026-06-17""}}"
7323,"Earthsafe Systems, Inc",,"Downers Grove, IL",,"[""STI/SPFA Member""]",Steel Tank / Pipe Fabricator,"[""Carbon Steel"", ""Steel""]",,312-226-7600,[],,,STI-SPFA,2026-06-17 05:14:54,verified,verified,"{""company_name"": {""source"": ""STI-SPFA"", ""date"": ""2026-06-17""}, ""headquarters_location"": {""source"": ""STI-SPFA"", ""date"": ""2026-06-17""}, ""primary_business_type"": {""source"": ""STI-SPFA"", ""date"": ""2026-06-17""}, ""contact_phone"": {""source"": ""STI-SPFA"", ""date"": ""2026-06-17""}, ""certifications_held"": {""source"": ""STI-SPFA"", ""date"": ""2026-06-17""}, ""materials_handled"": {""source"": ""STI-SPFA"", ""date"": ""2026-06-17""}}"
7325,"Earthsafe Systems, Inc.'s website",http://www.earthsafe.com/,"Charlotte, NC",,"[""STI/SPFA Member""]",Steel Tank / Pipe Fabricator,"[""Carbon Steel"", ""Steel""]",,,[],,,STI-SPFA,2026-06-17 05:14:54,verified,verified,"{""company_name"": {""source"": ""STI-SPFA"", ""date"": ""2026-06-17""}, ""website_url"": {""source"": ""STI-SPFA"", ""date"": ""2026-06-17""}, ""headquarters_location"": {""source"": ""STI-SPFA"", ""date"": ""2026-06-17""}, ""primary_business_type"": {""source"": ""STI-SPFA"", ""date"": ""2026-06-17""}, ""certifications_held"": {""source"": ""STI-SPFA"", ""date"": ""2026-06-17""}, ""materials_handled"": {""source"": ""STI-SPFA"", ""date"": ""2026-06-17""}}"
7326,USI Insurance Services,,"Charlotte, NC",,"[""STI/SPFA Member""]",Steel Tank / Pipe Fabricator,"[""Carbon Steel"", ""Steel""]",,704-901-8644,[],,,STI-SPFA,2026-06-17 05:14:54,verified,verified,"{""company_name"": {""source"": ""STI-SPFA"", ""date"": ""2026-06-17""}, ""headquarters_location"": {""source"": ""STI-SPFA"", ""date"": ""2026-06-17""}, ""primary_business_type"": {""source"": ""STI-SPFA"", ""date"": ""2026-06-17""}, ""contact_phone"": {""source"": ""STI-SPFA"", ""date"": ""2026-06-17""}, ""certifications_held"": {""source"": ""STI-SPFA"", ""date"": ""2026-06-17""}, ""materials_handled"": {""source"": ""STI-SPFA"", ""date"": ""2026-06-17""}}"
7328,USI Insurance Services's website,https://www.usi.com/,"Sparks, NV",,"[""STI/SPFA Member""]",Steel Tank / Pipe Fabricator,"[""Carbon Steel"", ""Steel""]",,,[],,,STI-SPFA,2026-06-17 05:14:54,verified,verified,"{""company_name"": {""source"": ""STI-SPFA"", ""date"": ""2026-06-17""}, ""website_url"": {""source"": ""STI-SPFA"", ""date"": ""2026-06-17""}, ""headquarters_location"": {""source"": ""STI-SPFA"", ""date"": ""2026-06-17""}, ""primary_business_type"": {""source"": ""STI-SPFA"", ""date"": ""2026-06-17""}, ""certifications_held"": {""source"": ""STI-SPFA"", ""date"": ""2026-06-17""}, ""materials_handled"": {""source"": ""STI-SPFA"", ""date"": ""2026-06-17""}}"
7332,Resource Development Company's website,https://www.resourcedevelopmentco.com/,"Buffalo, NY",,"[""STI/SPFA Member""]",Steel Tank / Pipe Fabricator,"[""Carbon Steel"", ""Steel""]",,,[],,,STI-SPFA,2026-06-17 05:14:54,verified,verified,"{""company_name"": {""source"": ""STI-SPFA"", ""date"": ""2026-06-17""}, ""website_url"": {""source"": ""STI-SPFA"", ""date"": ""2026-06-17""}, ""headquarters_location"": {""source"": ""STI-SPFA"", ""date"": ""2026-06-17""}, ""primary_business_type"": {""source"": ""STI-SPFA"", ""date"": ""2026-06-17""}, ""certifications_held"": {""source"": ""STI-SPFA"", ""date"": ""2026-06-17""}, ""materials_handled"": {""source"": ""STI-SPFA"", ""date"": ""2026-06-17""}}"
7333,Lancaster Tank,,"Buffalo, NY",,"[""STI/SPFA Member""]",Steel Tank / Pipe Fabricator,"[""Carbon Steel"", ""Steel""]",,800-735-2013,[],,,STI-SPFA,2026-06-17 05:14:54,verified,verified,"{""company_name"": {""source"": ""STI-SPFA"", ""date"": ""2026-06-17""}, ""headquarters_location"": {""source"": ""STI-SPFA"", ""date"": ""2026-06-17""}, ""primary_business_type"": {""source"": ""STI-SPFA"", ""date"": ""2026-06-17""}, ""contact_phone"": {""source"": ""STI-SPFA"", ""date"": ""2026-06-17""}, ""certifications_held"": {""source"": ""STI-SPFA"", ""date"": ""2026-06-17""}, ""materials_handled"": {""source"": ""STI-SPFA"", ""date"": ""2026-06-17""}}"
7335,Lancaster Tank's website,https://www.lancastertanks.com/,"Columbus, OH",,"[""STI/SPFA Member""]",Steel Tank / Pipe Fabricator,"[""Carbon Steel"", ""Steel""]",,,[],,,STI-SPFA,2026-06-17 05:14:54,verified,verified,"{""company_name"": {""source"": ""STI-SPFA"", ""date"": ""2026-06-17""}, ""website_url"": {""source"": ""STI-SPFA"", ""date"": ""2026-06-17""}, ""headquarters_location"": {""source"": ""STI-SPFA"", ""date"": ""2026-06-17""}, ""primary_business_type"": {""source"": ""STI-SPFA"", ""date"": ""2026-06-17""}, ""certifications_held"": {""source"": ""STI-SPFA"", ""date"": ""2026-06-17""}, ""materials_handled"": {""source"": ""STI-SPFA"", ""date"": ""2026-06-17""}}"
7336,"Com-Fab, Inc",,"Columbus, OH",,"[""STI/SPFA Member""]",Steel Tank / Pipe Fabricator,"[""Carbon Steel"", ""Steel""]",,614-272-8462,[],,,STI-SPFA,2026-06-17 05:14:54,verified,verified,"{""company_name"": {""source"": ""STI-SPFA"", ""date"": ""2026-06-17""}, ""headquarters_location"": {""source"": ""STI-SPFA"", ""date"": ""2026-06-17""}, ""primary_business_type"": {""source"": ""STI-SPFA"", ""date"": ""2026-06-17""}, ""contact_phone"": {""source"": ""STI-SPFA"", ""date"": ""2026-06-17""}, ""certifications_held"": {""source"": ""STI-SPFA"", ""date"": ""2026-06-17""}, ""materials_handled"": {""source"": ""STI-SPFA"", ""date"": ""2026-06-17""}}"
7338,"Com-Fab, Inc.'s website",http://www.comfab-inc.com/index.html,"North Kansas City, MO",,"[""STI/SPFA Member""]",Steel Tank / Pipe Fabricator,"[""Carbon Steel"", ""Steel""]",,,[],,,STI-SPFA,2026-06-17 05:14:54,verified,verified,"{""company_name"": {""source"": ""STI-SPFA"", ""date"": ""2026-06-17""}, ""website_url"": {""source"": ""STI-SPFA"", ""date"": ""2026-06-17""}, ""headquarters_location"": {""source"": ""STI-SPFA"", ""date"": ""2026-06-17""}, ""primary_business_type"": {""source"": ""STI-SPFA"", ""date"": ""2026-06-17""}, ""certifications_held"": {""source"": ""STI-SPFA"", ""date"": ""2026-06-17""}, ""materials_handled"": {""source"": ""STI-SPFA"", ""date"": ""2026-06-17""}}"
