id,company_name,website_url,headquarters_location,facility_size_sqft,certifications_held,primary_business_type,materials_handled,contact_email,contact_phone,key_personnel,year_established,thomasnet_profile_url,data_source,last_updated,completeness_status,confidence_level,data_provenance
2,"Fabricon International, Inc",https://www.fabriconintl.com/,"Beaumont, TX 77720",Size not specified,"[""ASME""]",Custom Manufacturer,"[""carbon steel"", ""stainless steel"", ""titanium"", ""Monel\u00ae"", ""Hastelloy\u00ae"", ""Inconel\u00ae"", ""nickel alloys""]",Email not provided,630.629.9440,[],1976,https://www.thomasnet.com/suppliers/southern-texas/all-cities/asme-code-pressure-vessels-91721100,Thomasnet,2026-06-17 04:44:27,verified,partial,"{""company_name"": {""source"": ""Thomasnet"", ""date"": ""2026-06-17""}, ""website_url"": {""source"": ""Thomasnet"", ""date"": ""2026-06-17""}, ""headquarters_location"": {""source"": ""Thomasnet"", ""date"": ""2026-06-17""}, ""facility_size_sqft"": {""source"": ""Thomasnet"", ""date"": ""2026-06-17""}, ""primary_business_type"": {""source"": ""Thomasnet"", ""date"": ""2026-06-17""}, ""contact_email"": {""source"": ""Thomasnet"", ""date"": ""2026-06-17""}, ""contact_phone"": {""source"": ""Thomasnet"", ""date"": ""2026-06-17""}, ""year_established"": {""source"": ""Thomasnet"", ""date"": ""2026-06-17""}, ""thomasnet_profile_url"": {""source"": ""Thomasnet"", ""date"": ""2026-06-17""}, ""certifications_held"": {""source"": ""Thomasnet"", ""date"": ""2026-06-17""}, ""materials_handled"": {""source"": ""Thomasnet"", ""date"": ""2026-06-17""}}"
3,"Becker & Associates, Inc",http://catalog.beckerandassociates.com/,"East Dundee, IL 60118",,[],Distributor,"[""Absorbents"", ""Absorbents/Wipes"", ""Air Intake Filters"", ""Aircraft Refueling Equipment"", ""Aviation Hose Reels"", ""Aviation Refueling Equipment"", ""Aviation Refueling Nozzles"", ""Aviation equipment"", ""Bag Filters"", ""Breathers"", ""Carbon Filters"", ""Clay Filters"", ""Clay Treators"", ""Coalescer/Separator"", ""Desicant"", ""Filter Vessels"", ""Filter Vessels & Accessories"", ""Filters"", ""Fuel Monitors"", ""Fuel Quality Control Testing Equipment"", ""Hose Reels"", ""Hydraulic Filters"", ""Industrial filters"", ""Liquid/Liquid Filter Vessels"", ""Meters & Registers"", ""Natural Gas Filters"", ""Power generation filters"", ""Q-Cel Absorbents"", ""Refueling Equipment"", ""Repair Service for Nozzles and Couplers"", ""Replacement Cartridges"", ""Single Stage Coalescers"", ""Sintered Stainless Steel Filter Elements"", ""Spill Kits"", ""Stainless Steel"", ""String Wound Filters"", ""Synthetic Filter Elements"", ""Water Absorbent Filters""]",,(630) 629-9440,[],1937,https://www.thomasnet.com/company/becker-associates-inc-453572/catalog/category/2283-1129,Thomasnet,2026-06-17 05:10:02,verified,partial,"{""company_name"": {""source"": ""Thomasnet"", ""date"": ""2026-06-17""}, ""website_url"": {""source"": ""Thomasnet"", ""date"": ""2026-06-17""}, ""headquarters_location"": {""source"": ""Thomasnet"", ""date"": ""2026-06-17""}, ""primary_business_type"": {""source"": ""Thomasnet"", ""date"": ""2026-06-17""}, ""contact_phone"": {""source"": ""Thomasnet"", ""date"": ""2026-06-17""}, ""year_established"": {""source"": ""Thomasnet"", ""date"": ""2026-06-17""}, ""thomasnet_profile_url"": {""source"": ""Thomasnet"", ""date"": ""2026-06-17""}, ""materials_handled"": {""source"": ""Thomasnet"", ""date"": ""2026-06-17""}}"
4,"Base Construction, Inc",http://www.BaseconstructionCA.com,"Buena Park, CA 90621",,[],Industrial Contracting Services,"[""Concrete"", ""Electrical components"", ""Insulated metal panels (IMP)"", ""Piping"", ""Plastic"", ""Process piping"", ""Steel"", ""Structural steel""]",Not provided,949-387-3471,[],1998,https://www.thomasnet.com/suppliers/usa/construction-management-services-1135,Thomasnet,2026-06-17 04:44:27,verified,partial,"{""company_name"": {""source"": ""Thomasnet"", ""date"": ""2026-06-17""}, ""website_url"": {""source"": ""Thomasnet"", ""date"": ""2026-06-17""}, ""headquarters_location"": {""source"": ""Thomasnet"", ""date"": ""2026-06-17""}, ""facility_size_sqft"": {""source"": ""Thomasnet"", ""date"": ""2026-06-17""}, ""primary_business_type"": {""source"": ""Thomasnet"", ""date"": ""2026-06-17""}, ""contact_email"": {""source"": ""Thomasnet"", ""date"": ""2026-06-17""}, ""contact_phone"": {""source"": ""Thomasnet"", ""date"": ""2026-06-17""}, ""year_established"": {""source"": ""Thomasnet"", ""date"": ""2026-06-17""}, ""thomasnet_profile_url"": {""source"": ""Thomasnet"", ""date"": ""2026-06-17""}, ""materials_handled"": {""source"": ""Thomasnet"", ""date"": ""2026-06-17""}}"
5,McNeil Inc. - McNeil Sales & Service Inc,https://mcneilusa.com/,"Robbinsville, NJ 08691",not specified,"[""ASME"", ""ISO 9000"", ""ISO 45001""]",Custom Manufacturer,"[""Heat management"", ""Refractory construction"", ""Installation services""]",not specified,6098907007,[],1937,https://www.thomasnet.com/suppliers/south-carolina/all-cities/industrial-contractors-6959,Thomasnet,2026-06-17 04:38:42,verified,partial,"{""company_name"": {""source"": ""Thomasnet"", ""date"": ""2026-06-17""}, ""website_url"": {""source"": ""Thomasnet"", ""date"": ""2026-06-17""}, ""headquarters_location"": {""source"": ""Thomasnet"", ""date"": ""2026-06-17""}, ""facility_size_sqft"": {""source"": ""Thomasnet"", ""date"": ""2026-06-17""}, ""primary_business_type"": {""source"": ""Thomasnet"", ""date"": ""2026-06-17""}, ""contact_email"": {""source"": ""Thomasnet"", ""date"": ""2026-06-17""}, ""contact_phone"": {""source"": ""Thomasnet"", ""date"": ""2026-06-17""}, ""year_established"": {""source"": ""Thomasnet"", ""date"": ""2026-06-17""}, ""thomasnet_profile_url"": {""source"": ""Thomasnet"", ""date"": ""2026-06-17""}, ""certifications_held"": {""source"": ""Thomasnet"", ""date"": ""2026-06-17""}, ""materials_handled"": {""source"": ""Thomasnet"", ""date"": ""2026-06-17""}}"
7,"NDT Specialists, Inc",https://www.ndtspecialists.com/industries-served/weld-quality,"Oak Creek, WI 53154","30,000","[""Mil-Spec"", ""ASME"", ""AWS"", ""API"", ""ASTM""]",Service Company,"[""Automotive"", ""Casting"", ""Casting / Forgings"", ""Food & Non-Industrial Applications"", ""Forgings"", ""Foundry Applications"", ""Manufactured Items"", ""Metal Fabrication & Welding Applications"", ""Metal Rolls"", ""Metal Rolls / Plates"", ""Pipes"", ""Plastic"", ""Plastics"", ""Plates"", ""Pressure Vessels"", ""Sintered Metal Products"", ""Structural"", ""Tanks / Pressure Vessels"", ""Weld Quality"", ""Weldments""]",,724.348.6631,[],1988,https://www.thomasnet.com/suppliers/usa/welder-certification-testing-services-84865005,Thomasnet,2026-06-17 05:01:47,verified,partial,"{""company_name"": {""source"": ""Thomasnet"", ""date"": ""2026-06-17""}, ""website_url"": {""source"": ""Thomasnet"", ""date"": ""2026-06-17""}, ""headquarters_location"": {""source"": ""Thomasnet"", ""date"": ""2026-06-17""}, ""facility_size_sqft"": {""source"": ""Thomasnet"", ""date"": ""2026-06-17""}, ""primary_business_type"": {""source"": ""Thomasnet"", ""date"": ""2026-06-17""}, ""contact_phone"": {""source"": ""Thomasnet"", ""date"": ""2026-06-17""}, ""year_established"": {""source"": ""Thomasnet"", ""date"": ""2026-06-17""}, ""thomasnet_profile_url"": {""source"": ""Thomasnet"", ""date"": ""2026-06-17""}, ""certifications_held"": {""source"": ""Thomasnet"", ""date"": ""2026-06-17""}, ""materials_handled"": {""source"": ""Thomasnet"", ""date"": ""2026-06-17""}}"
8,"Walter Long Manufacturing Co., Inc",https://www.walterlongmanufacturing.com/index.html,"Finleyville, PA 15332","30,000 sq ft",[],Custom Manufacturer,"[""abrasion resistant plate"", ""aluminum"", ""carbon steel"", ""stainless steel""]",ca@asme.org,(724) 348-6631,"[""Robert Long, VP""]",1898,https://www.thomasnet.com/company/walter-long-manufacturing-co-inc-160138/profile,Thomasnet,2026-06-17 04:33:45,verified,partial,"{""company_name"": {""source"": ""Thomasnet"", ""date"": ""2026-06-17""}, ""website_url"": {""source"": ""Thomasnet"", ""date"": ""2026-06-17""}, ""headquarters_location"": {""source"": ""Thomasnet"", ""date"": ""2026-06-17""}, ""facility_size_sqft"": {""source"": ""Thomasnet"", ""date"": ""2026-06-17""}, ""primary_business_type"": {""source"": ""Thomasnet"", ""date"": ""2026-06-17""}, ""contact_email"": {""source"": ""Thomasnet"", ""date"": ""2026-06-17""}, ""contact_phone"": {""source"": ""Thomasnet"", ""date"": ""2026-06-17""}, ""year_established"": {""source"": ""Thomasnet"", ""date"": ""2026-06-17""}, ""thomasnet_profile_url"": {""source"": ""Thomasnet"", ""date"": ""2026-06-17""}, ""certifications_held"": {""source"": ""Thomasnet"", ""date"": ""2026-06-17""}, ""materials_handled"": {""source"": ""Thomasnet"", ""date"": ""2026-06-17""}, ""key_personnel"": {""source"": ""Thomasnet"", ""date"": ""2026-06-17""}}"
9,"Loper and Slag, LLC",https://loperandslag.com/,"Portland, OR 97227","200,000","[""ASTM A1097"", ""ASTM A139"", ""ASTM A252"", ""AWWA C200""]",Custom Manufacturer,"[""Steel Pipe"", ""metal"", ""wood""]",Not provided,(503) 473-8515,"[""Jayme Bowens, Project Mgr."", ""Not specified""]",2018,https://www.thomasnet.com/company/loper-and-slag-llc-30970168/profile,Thomasnet,2026-06-17 04:43:43,verified,partial,"{""company_name"": {""source"": ""Thomasnet"", ""date"": ""2026-06-17""}, ""website_url"": {""source"": ""Thomasnet"", ""date"": ""2026-06-17""}, ""headquarters_location"": {""source"": ""Thomasnet"", ""date"": ""2026-06-17""}, ""facility_size_sqft"": {""source"": ""Thomasnet"", ""date"": ""2026-06-17""}, ""primary_business_type"": {""source"": ""Thomasnet"", ""date"": ""2026-06-17""}, ""contact_email"": {""source"": ""Thomasnet"", ""date"": ""2026-06-17""}, ""contact_phone"": {""source"": ""Thomasnet"", ""date"": ""2026-06-17""}, ""year_established"": {""source"": ""Thomasnet"", ""date"": ""2026-06-17""}, ""thomasnet_profile_url"": {""source"": ""Thomasnet"", ""date"": ""2026-06-17""}, ""certifications_held"": {""source"": ""Thomasnet"", ""date"": ""2026-06-17""}, ""materials_handled"": {""source"": ""Thomasnet"", ""date"": ""2026-06-17""}, ""key_personnel"": {""source"": ""Thomasnet"", ""date"": ""2026-06-17""}}"
38,"Johnson Controls, Inc",,"Rockford, IL",,[],,[],,,[],,https://www.thomasnet.com/company/johnson-controls-inc-10020659/profile,Thomasnet:asme-code-pressure-vessels:illinois,2026-06-17 04:03:15,incomplete,partial,{}
39,MISTRAS Services,,"Glen Burnie, MD",,[],,[],,,[],,https://www.thomasnet.com/company/east-coast-welding-construction-co-inc-368955/profile,Thomasnet:asme-code-pressure-vessels:maryland,2026-06-17 04:03:13,incomplete,partial,{}
41,Mitternight INC,,"Satsuma, AL",,[],,[],,,[],,https://www.thomasnet.com/company/mitternight-inc-890415/profile,Thomasnet:asme-code-pressure-vessels:alabama,2026-06-17 03:48:40,incomplete,partial,{}
42,Advance Tank & Construction,,"Joliet, IL",,[],,[],,,[],,https://www.thomasnet.com/company/advance-tank-construction-1168060/profile,Thomasnet:asme-code-pressure-vessels:illinois,2026-06-17 04:03:15,incomplete,partial,{}
43,"Arc Controls, Inc",,"Mobile, AL",,[],,[],,,[],,https://www.thomasnet.com/company/arc-controls-inc-890440/profile,Thomasnet:asme-code-pressure-vessels:alabama,2026-06-17 03:48:40,incomplete,partial,{}
44,"Sue-Jac, Inc",,"Decatur, AL",,[],,[],,,[],,https://www.thomasnet.com/company/sue-jac-inc-883838/profile,Thomasnet:asme-code-pressure-vessels:alabama,2026-06-17 03:48:40,incomplete,partial,{}
45,Addison Fabricators INC,,"Addison, AL",,[],,[],,,[],,https://www.thomasnet.com/company/addison-fabricators-inc-1284025/profile,Thomasnet:asme-code-pressure-vessels:alabama,2026-06-17 03:48:40,incomplete,partial,{}
46,Alabama Heat Exchangers INC,,"Theodore, AL",,[],,[],,,[],,https://www.thomasnet.com/company/alabama-heat-exchangers-inc-889572/profile,Thomasnet:asme-code-pressure-vessels:alabama,2026-06-17 03:48:40,incomplete,partial,{}
47,Hanwha Cimarron,https://hanwhacimarron.com,"Huntsville, AL",,[],Energy Storage Solutions,"[""Fuel"", ""Gas"", ""Plastics"", ""Powders"", ""Sludges"", ""Slurries""]",,405-376-2400,[],,https://www.thomasnet.com/company/hanwha-cimarron-30944047/profile,Thomasnet:asme-code-pressure-vessels:alabama,2026-06-17 04:48:20,verified,partial,"{""company_name"": {""source"": ""Thomasnet:asme-code-pressure-vessels:alabama"", ""date"": ""2026-06-17""}, ""website_url"": {""source"": ""Thomasnet:asme-code-pressure-vessels:alabama"", ""date"": ""2026-06-17""}, ""headquarters_location"": {""source"": ""Thomasnet:asme-code-pressure-vessels:alabama"", ""date"": ""2026-06-17""}, ""facility_size_sqft"": {""source"": ""Thomasnet:asme-code-pressure-vessels:alabama"", ""date"": ""2026-06-17""}, ""primary_business_type"": {""source"": ""Thomasnet:asme-code-pressure-vessels:alabama"", ""date"": ""2026-06-17""}, ""contact_email"": {""source"": ""Thomasnet:asme-code-pressure-vessels:alabama"", ""date"": ""2026-06-17""}, ""contact_phone"": {""source"": ""Thomasnet:asme-code-pressure-vessels:alabama"", ""date"": ""2026-06-17""}, ""year_established"": {""source"": ""Thomasnet:asme-code-pressure-vessels:alabama"", ""date"": ""2026-06-17""}, ""thomasnet_profile_url"": {""source"": ""Thomasnet:asme-code-pressure-vessels:alabama"", ""date"": ""2026-06-17""}, ""materials_handled"": {""source"": ""Thomasnet:asme-code-pressure-vessels:alabama"", ""date"": ""2026-06-17""}}"
48,Blake Pendleton INC,,"Macon, GA",,[],,[],,,[],,https://www.thomasnet.com/company/blake-pendleton-inc-914111/profile,Thomasnet:asme-code-pressure-vessels:georgia,2026-06-17 03:43:28,incomplete,partial,{}
49,"Feldmeier Equipment, Inc",,"Montgomery, AL",,[],,[],,,[],,https://www.thomasnet.com/company/feldmeier-equipment-inc-1236200/profile,Thomasnet:asme-code-pressure-vessels:alabama,2026-06-17 03:48:40,incomplete,partial,{}
50,Lape Industrial Fiberglass INC,,"Grand Bay, AL",,[],,[],,,[],,https://www.thomasnet.com/company/lape-industrial-fiberglass-inc-10083368/profile,Thomasnet:asme-code-pressure-vessels:alabama,2026-06-17 03:48:40,incomplete,partial,{}
52,"Hubbell Power Systems, Inc",,"Leeds, AL",,[],,[],,,[],,https://www.thomasnet.com/company/hubbell-power-systems-inc-22875/profile,Thomasnet:asme-code-pressure-vessels:alabama,2026-06-17 03:48:40,incomplete,partial,{}
53,Rolls-Royce Corp,,"Huntsville, AL",,[],,[],,,[],,https://www.thomasnet.com/company/rolls-royce-corp-30080472/profile,Thomasnet:asme-code-pressure-vessels:alabama,2026-06-17 03:48:40,incomplete,partial,{}
54,Jti Companies INC,,"Birmingham, AL",,[],,[],,,[],,https://www.thomasnet.com/company/jti-companies-inc-10070455/profile,Thomasnet:asme-code-pressure-vessels:alabama,2026-06-17 03:48:40,incomplete,partial,{}
55,Normco INC,,"Prichard, AL",,[],,[],,,[],,https://www.thomasnet.com/company/normco-inc-888648/profile,Thomasnet:asme-code-pressure-vessels:alabama,2026-06-17 03:48:40,incomplete,partial,{}
56,"Hubbell, Inc",,"West Chester, PA",,[],,[],,,[],,https://www.thomasnet.com/company/hubbell-inc-1092735/profile,Thomasnet:asme-code-pressure-vessels:connecticut,2026-06-17 03:43:22,incomplete,partial,{}
57,E & C Chemicals Inc,,"Carrollton, GA",,[],,[],,,[],,https://www.thomasnet.com/company/e-c-chemicals-inc-912491/profile,Thomasnet:frp-tanks:georgia,2026-06-17 03:44:12,incomplete,partial,{}
58,Fastenal,,"Lebanon, KY",,[],,[],,,[],,https://www.thomasnet.com/company/fastenal-10061000/profile,Thomasnet:frp-tanks:kentucky,2026-06-17 04:05:33,incomplete,partial,{}
59,"Harcros Chemicals, Inc",,"Kansas City, KS",,[],,[],,,[],,https://www.thomasnet.com/company/harcros-chemicals-inc-398509/profile,Thomasnet:frp-tanks:kansas,2026-06-17 04:05:29,incomplete,partial,{}
60,Research Products Corp,,"Theodore, AL",,[],,[],,,[],,https://www.thomasnet.com/company/research-products-corp-878150/profile,Thomasnet:frp-tanks:alabama,2026-06-17 03:48:40,incomplete,partial,{}
61,Applied Industrial Technologies,,"Russellville, KY",,[],,[],,,[],,https://www.thomasnet.com/company/applied-industrial-technologies-1275404/profile,Thomasnet:frp-tanks:kentucky,2026-06-17 04:05:33,incomplete,partial,{}
62,Kemper Industries,,"Daphne, AL",,[],,[],,,[],,https://www.thomasnet.com/company/kemper-industries-884892/profile,Thomasnet:frp-tanks:alabama,2026-06-17 03:48:40,incomplete,partial,{}
63,Gaylord Chemical,,"Slidell, LA",,[],,[],,,[],,https://www.thomasnet.com/company/gaylord-chemical-1203321/profile,Thomasnet:frp-tanks:louisiana,2026-06-17 04:05:21,incomplete,partial,{}
65,Univar Solutions Inc,,"Louisville, KY",,[],,[],,,[],,https://www.thomasnet.com/company/univar-solutions-inc-30771176/profile,Thomasnet:frp-tanks:kentucky,2026-06-17 04:05:33,incomplete,partial,{}
66,BASF Corporation,,"Vidalia, LA",,[],,[],,,[],,https://www.thomasnet.com/company/basf-corporation-169617/profile,Thomasnet:frp-tanks:louisiana,2026-06-17 04:05:21,incomplete,partial,{}
67,Research Solutions Group INC,,"Pelham, AL",,[],,[],,,[],,https://www.thomasnet.com/company/research-solutions-group-inc-30728875/profile,Thomasnet:frp-tanks:alabama,2026-06-17 03:48:40,incomplete,partial,{}
68,Ati,,"Lebanon, KY",,[],,[],,,[],,https://www.thomasnet.com/company/ati-10038081/profile,Thomasnet:frp-tanks:kentucky,2026-06-17 04:05:33,incomplete,partial,{}
69,U S Amines Limited,,"Axis, AL",,[],,[],,,[],,https://www.thomasnet.com/company/u-s-amines-limited-30167673/profile,Thomasnet:frp-tanks:alabama,2026-06-17 03:48:40,incomplete,partial,{}
70,Airgas,,"Owensboro, KY",,[],,[],,,[],,https://www.thomasnet.com/company/airgas-1092912/profile,Thomasnet:frp-tanks:kentucky,2026-06-17 04:05:33,incomplete,partial,{}
71,Ineos Phenol,,"Theodore, AL",,[],,[],,,[],,https://www.thomasnet.com/company/ineos-phenol-30116730/profile,Thomasnet:frp-tanks:alabama,2026-06-17 03:48:40,incomplete,partial,{}
72,"Drummond, Ltd",,"Gadsden, AL",,[],,[],,,[],,https://www.thomasnet.com/company/etowah-chemical-sales-service-co-937829/profile,Thomasnet:frp-tanks:alabama,2026-06-17 03:48:40,incomplete,partial,{}
74,Laysan Bio INC,,"Arab, AL",,[],,[],,,[],,https://www.thomasnet.com/company/laysan-bio-inc-30736850/profile,Thomasnet:frp-tanks:alabama,2026-06-17 03:48:40,incomplete,partial,{}
75,Industrial Chemicals INC,,"Vestavia Hills, AL",,[],,[],,,[],,https://www.thomasnet.com/company/industrial-chemicals-inc-879685/profile,Thomasnet:frp-tanks:alabama,2026-06-17 03:48:40,incomplete,partial,{}
76,Stutton Corporation,,"Lincoln, AL",,[],,[],,,[],,https://www.thomasnet.com/company/stutton-corporation-1201292/profile,Thomasnet:frp-tanks:alabama,2026-06-17 03:48:40,incomplete,partial,{}
77,Umicore Technical Materials - Contact Materials Business Unit,,"Arab, AL",,[],,[],,,[],,https://www.thomasnet.com/company/umicore-technical-materials-contact-materials-business-unit-20070389/profile,Thomasnet:frp-tanks:alabama,2026-06-17 03:48:40,incomplete,partial,{}
78,Johnstone Supply,,"Wichita, KS",,[],,[],,,[],,https://www.thomasnet.com/company/johnstone-supply-1315321/profile,Thomasnet:frp-tanks:kansas,2026-06-17 04:05:29,incomplete,partial,{}
79,"INVENTURE RENEWABLES, INC",,"Tuscaloosa, AL",,[],,[],,,[],,https://www.thomasnet.com/company/inventure-renewables-inc-30827841/profile,Thomasnet:frp-tanks:alabama,2026-06-17 03:48:40,incomplete,partial,{}
80,Sure Chemical INC,,"Springville, AL",,[],,[],,,[],,https://www.thomasnet.com/company/sure-chemical-inc-30754704/profile,Thomasnet:frp-tanks:alabama,2026-06-17 03:48:40,incomplete,partial,{}
81,Grainger Industrial Supply,,"Cedar Rapids, IA",,[],,[],,,[],,https://www.thomasnet.com/company/grainger-industrial-supply-1301046/profile,Thomasnet:frp-tanks:iowa,2026-06-17 04:05:21,incomplete,partial,{}
82,Taricco Corporation,,"Long Beach, CA",,[],,[],,,[],,https://www.thomasnet.com/company/taricco-corporation-10056179/profile,Thomasnet:asme-code-pressure-vessels:idaho,2026-06-17 04:02:59,incomplete,partial,{}
83,Tru-Stop Inc,,"Tempe, AZ",,[],,[],,,[],,https://www.thomasnet.com/company/tru-stop-inc-30167601/profile,Thomasnet:asme-code-pressure-vessels:arizona,2026-06-17 03:48:40,incomplete,partial,{}
84,Matrix Service Co,,"Alton, IL",,[],,[],,,[],,https://www.thomasnet.com/company/matrix-service-co-1139234/profile,Thomasnet:asme-code-pressure-vessels:illinois,2026-06-17 04:03:15,incomplete,partial,{}
85,MMI Tank & Industrial Services,,"Phoenix, AZ",,[],,[],,,[],,https://www.thomasnet.com/company/mmi-tank-industrial-services-30846975/profile,Thomasnet:asme-code-pressure-vessels:arizona,2026-06-17 03:48:40,incomplete,partial,{}
86,Samuel Pressure Vessel Group Inc,,"Tucson, AZ",,[],,[],,,[],,https://www.thomasnet.com/company/samuel-pressure-vessel-group-inc-10036624/profile,Thomasnet:asme-code-pressure-vessels:arizona,2026-06-17 03:48:40,incomplete,partial,{}
87,Company Overview,,"Elizabethtown, KY",,[],,[],,,[],,https://www.thomasnet.com/company/dynatex-30116637/profile,Thomasnet:frp-tanks:kentucky,2026-06-17 04:05:33,incomplete,partial,{}
88,"Entegris, Inc",,"Gainesville, FL",,[],,[],,,[],,https://www.thomasnet.com/company/entegris-inc-10014935/profile,Thomasnet:asme-code-pressure-vessels:florida,2026-06-17 03:43:30,incomplete,partial,{}
89,"Xylem, Inc",,"Carterville, IL",,[],,[],,,[],,https://www.thomasnet.com/company/xylem-inc-30728450/profile,Thomasnet:asme-code-pressure-vessels:illinois,2026-06-17 04:03:15,incomplete,partial,{}
90,"Manufacturers Distributor, Inc",,"Odessa, FL",,[],,[],,,[],,https://www.thomasnet.com/company/manufacturers-distributor-inc-20103174/profile,Thomasnet:asme-code-pressure-vessels:florida,2026-06-17 03:43:30,incomplete,partial,{}
91,Prevco Subsea LLC,,"Fountain Hills, AZ",,[],,[],,,[],,https://www.thomasnet.com/company/prevco-subsea-llc-10077830/profile,Thomasnet:asme-code-pressure-vessels:arizona,2026-06-17 03:48:40,incomplete,partial,{}
92,Puretec Industrial Water,,"Gilbert, AZ",,[],,[],,,[],,https://www.thomasnet.com/company/puretec-industrial-water-315045/profile,Thomasnet:asme-code-pressure-vessels:arizona,2026-06-17 03:48:40,incomplete,partial,{}
93,Vic S Welding CO LLC,,"El Mirage, AZ",,[],,[],,,[],,https://www.thomasnet.com/company/vic-s-welding-co-llc-30823698/profile,Thomasnet:asme-code-pressure-vessels:arizona,2026-06-17 03:48:40,incomplete,partial,{}
94,Axian Technology,,"Phoenix, AZ",,[],,[],,,[],,https://www.thomasnet.com/company/axian-technology-707797/profile,Thomasnet:stainless-steel-tanks:arizona,2026-06-17 03:48:40,incomplete,partial,{}
95,Commercial Electro Plating Inc,,"Fresno, CA",,[],,[],,,[],,https://www.thomasnet.com/company/commercial-electro-plating-inc-496705/profile,Thomasnet:stainless-steel-tanks:arizona,2026-06-17 03:48:40,incomplete,partial,{}
96,Wal-Tek Industries Inc,,"Phoenix, AZ",,[],,[],,,[],,https://www.thomasnet.com/company/wal-tek-industries-inc-30954178/profile,Thomasnet:stainless-steel-tanks:arizona,2026-06-17 03:48:40,incomplete,partial,{}
97,Gold Tech Industries,,"Tempe, AZ",,[],,[],,,[],,https://www.thomasnet.com/company/gold-tech-industries-708410/profile,Thomasnet:stainless-steel-tanks:arizona,2026-06-17 03:48:40,incomplete,partial,{}
98,Completely Custom Coatings LLC,,"Prescott Valley, AZ",,[],,[],,,[],,https://www.thomasnet.com/company/completely-custom-coatings-llc-30982945/profile,Thomasnet:stainless-steel-tanks:colorado,2026-06-17 03:43:52,incomplete,partial,{}
99,"Curbell Plastics, Inc",,"Lithia Springs, GA",,[],,[],,,[],,https://www.thomasnet.com/company/curbell-plastics-inc-1053117/profile,Thomasnet:stainless-steel-tanks:georgia,2026-06-17 03:43:54,incomplete,partial,{}
100,Js Metal Polish Blasting,,"Lake Havasu City, AZ",,[],,[],,,[],,https://www.thomasnet.com/company/js-metal-polish-blasting-1168991/profile,Thomasnet:stainless-steel-tanks:arizona,2026-06-17 03:48:40,incomplete,partial,{}
101,Sierra Stone Care,,"Mesa, AZ",,[],,[],,,[],,https://www.thomasnet.com/company/sierra-stone-care-30853327/profile,Thomasnet:stainless-steel-tanks:arizona,2026-06-17 03:48:40,incomplete,partial,{}
103,Chemresearch Corporation,,"Phoenix, AZ",,[],,[],,,[],,https://www.thomasnet.com/company/chemresearch-corporation-990094/profile,Thomasnet:stainless-steel-tanks:arizona,2026-06-17 03:48:40,incomplete,partial,{}
104,Desert Precision Mfg INC,,"Tucson, AZ",,[],,[],,,[],,https://www.thomasnet.com/company/desert-precision-mfg-inc-30118759/profile,Thomasnet:stainless-steel-tanks:arizona,2026-06-17 03:48:40,incomplete,partial,{}
105,Mountain CNC,,"Loveland, CO",,[],,[],,,[],,https://www.thomasnet.com/company/mountain-cnc-1165602/profile,Thomasnet:stainless-steel-tanks:kansas,2026-06-17 04:04:52,incomplete,partial,{}
106,Maid to Perfection,,"Scottsdale, AZ",,[],,[],,,[],,https://www.thomasnet.com/company/maid-to-perfection-30616048/profile,Thomasnet:stainless-steel-tanks:arizona,2026-06-17 03:48:40,incomplete,partial,{}
107,Dreamcoat Flooring LLC,,"Gilbert, AZ",,[],,[],,,[],,https://www.thomasnet.com/company/dreamcoat-flooring-llc-30844016/profile,Thomasnet:stainless-steel-tanks:arizona,2026-06-17 03:48:40,incomplete,partial,{}
108,Neutron Industries INC,,"Phoenix, AZ",,[],,[],,,[],,https://www.thomasnet.com/company/neutron-industries-inc-989683/profile,Thomasnet:stainless-steel-tanks:arizona,2026-06-17 03:48:40,incomplete,partial,{}
128,General Membership Meetings,,,,"[""TEMA Member""]",Heat Exchanger Manufacturer,"[""Carbon Steel"", ""Stainless Steel""]",,,[],,,TEMA,2026-06-17 05:14:22,incomplete,partial,"{""company_name"": {""source"": ""TEMA"", ""date"": ""2026-06-17""}, ""primary_business_type"": {""source"": ""TEMA"", ""date"": ""2026-06-17""}, ""certifications_held"": {""source"": ""TEMA"", ""date"": ""2026-06-17""}, ""materials_handled"": {""source"": ""TEMA"", ""date"": ""2026-06-17""}}"
130,Prospective applicants,http://www.ras-inc.com/,"Hartford, WI",,"[""TEMA Member""]",Heat Exchanger Manufacturer,"[""Carbon Steel"", ""Stainless Steel""]",,,[],1983,,TEMA,2026-06-17 05:14:22,incomplete,partial,"{""company_name"": {""source"": ""TEMA"", ""date"": ""2026-06-17""}, ""website_url"": {""source"": ""TEMA"", ""date"": ""2026-06-17""}, ""primary_business_type"": {""source"": ""TEMA"", ""date"": ""2026-06-17""}, ""certifications_held"": {""source"": ""TEMA"", ""date"": ""2026-06-17""}, ""materials_handled"": {""source"": ""TEMA"", ""date"": ""2026-06-17""}}"
132,Alabama Heat Exchangers,https://braskinc.com/,"Pearland, TX","200,000 sq ft","[""TEMA Member""]",Heat Exchanger Manufacturer,"[""Carbon Steel"", ""Helixchangers"", ""Helixchangers\u00ae"", ""High Pressure Exchangers"", ""Shell & Tube Heat Exchangers"", ""Shell and Tube Heat Exchangers"", ""Stainless Steel"", ""Transfer Line Exchanger"", ""Transfer Line Exchanger Revamps""]",,,[],1974,,TEMA,2026-06-17 05:02:51,verified,verified,"{""company_name"": {""source"": ""TEMA"", ""date"": ""2026-06-17""}, ""website_url"": {""source"": ""TEMA"", ""date"": ""2026-06-17""}, ""headquarters_location"": {""source"": ""TEMA"", ""date"": ""2026-06-17""}, ""facility_size_sqft"": {""source"": ""TEMA"", ""date"": ""2026-06-17""}, ""primary_business_type"": {""source"": ""TEMA"", ""date"": ""2026-06-17""}, ""year_established"": {""source"": ""TEMA"", ""date"": ""2026-06-17""}, ""certifications_held"": {""source"": ""TEMA"", ""date"": ""2026-06-17""}, ""materials_handled"": {""source"": ""TEMA"", ""date"": ""2026-06-17""}}"
133,"Brask Inc, The Heat Exchanger People",https://nikkisoceig.com/,New Jersey,,"[""ASME"", ""DOE"", ""NUPIC"", ""TEMA Member""]",Heat Exchanger Manufacturer,"[""Carbon Steel"", ""Stainless Steel"", ""corrosion resistant alloys""]",,6788383678,[],,,TEMA,2026-06-17 04:32:26,verified,verified,"{""company_name"": {""source"": ""TEMA"", ""date"": ""2026-06-17""}, ""website_url"": {""source"": ""TEMA"", ""date"": ""2026-06-17""}, ""headquarters_location"": {""source"": ""TEMA"", ""date"": ""2026-06-17""}, ""primary_business_type"": {""source"": ""TEMA"", ""date"": ""2026-06-17""}, ""contact_phone"": {""source"": ""TEMA"", ""date"": ""2026-06-17""}, ""year_established"": {""source"": ""TEMA"", ""date"": ""2026-06-17""}, ""certifications_held"": {""source"": ""TEMA"", ""date"": ""2026-06-17""}, ""materials_handled"": {""source"": ""TEMA"", ""date"": ""2026-06-17""}}"
134,Harris Thermal Transfer Products Logo,https://www.htequip.com/,Americas,,"[""TEMA Member""]",Heat Exchanger Manufacturer,"[""Carbon Steel"", ""Stainless Steel""]",,,[],1974,,TEMA,2026-06-17 04:52:04,verified,verified,"{""company_name"": {""source"": ""TEMA"", ""date"": ""2026-06-17""}, ""website_url"": {""source"": ""TEMA"", ""date"": ""2026-06-17""}, ""headquarters_location"": {""source"": ""TEMA"", ""date"": ""2026-06-17""}, ""facility_size_sqft"": {""source"": ""TEMA"", ""date"": ""2026-06-17""}, ""primary_business_type"": {""source"": ""TEMA"", ""date"": ""2026-06-17""}, ""contact_email"": {""source"": ""TEMA"", ""date"": ""2026-06-17""}, ""contact_phone"": {""source"": ""TEMA"", ""date"": ""2026-06-17""}, ""year_established"": {""source"": ""TEMA"", ""date"": ""2026-06-17""}, ""certifications_held"": {""source"": ""TEMA"", ""date"": ""2026-06-17""}, ""materials_handled"": {""source"": ""TEMA"", ""date"": ""2026-06-17""}}"
135,[![](https://tema.org/wp-content/uploads/2025/12/Metalforms-A-Transtech-Company-Logo-V2.png)](http://www.metalformshx.com/),http://www.josephoat.com/,New Jersey,,"[""ASME"", ""DOE"", ""NUPIC"", ""TEMA Member""]",Heat Exchanger Manufacturer,"[""Carbon Steel"", ""Chemicals"", ""Columns"", ""Corrosion resistant alloys"", ""Heat exchangers"", ""Nuclear materials"", ""Petrochemicals"", ""Pressure vessels"", ""Radioactive materials"", ""Radioactive waste"", ""Reactors"", ""Stainless Steel""]",,16648263683,"[""Not specified""]",1966,,TEMA,2026-06-17 04:43:43,verified,verified,"{""company_name"": {""source"": ""TEMA"", ""date"": ""2026-06-17""}, ""website_url"": {""source"": ""TEMA"", ""date"": ""2026-06-17""}, ""headquarters_location"": {""source"": ""TEMA"", ""date"": ""2026-06-17""}, ""facility_size_sqft"": {""source"": ""TEMA"", ""date"": ""2026-06-17""}, ""primary_business_type"": {""source"": ""TEMA"", ""date"": ""2026-06-17""}, ""contact_email"": {""source"": ""TEMA"", ""date"": ""2026-06-17""}, ""contact_phone"": {""source"": ""TEMA"", ""date"": ""2026-06-17""}, ""year_established"": {""source"": ""TEMA"", ""date"": ""2026-06-17""}, ""certifications_held"": {""source"": ""TEMA"", ""date"": ""2026-06-17""}, ""materials_handled"": {""source"": ""TEMA"", ""date"": ""2026-06-17""}, ""key_personnel"": {""source"": ""TEMA"", ""date"": ""2026-06-17""}}"
139,"American Exchanger Services, Inc",https://amexservices.com/,"W Wisconsin St Hartford, WI",,"[""HEI Member""]",Heat Exchange Manufacturer,"[""Carbon Steel"", ""Stainless Steel""]",,262.670.6625,[],1917,,HEI,2026-06-17 05:14:31,verified,verified,"{""company_name"": {""source"": ""HEI"", ""date"": ""2026-06-17""}, ""website_url"": {""source"": ""HEI"", ""date"": ""2026-06-17""}, ""headquarters_location"": {""source"": ""HEI"", ""date"": ""2026-06-17""}, ""primary_business_type"": {""source"": ""HEI"", ""date"": ""2026-06-17""}, ""contact_phone"": {""source"": ""HEI"", ""date"": ""2026-06-17""}, ""certifications_held"": {""source"": ""HEI"", ""date"": ""2026-06-17""}, ""materials_handled"": {""source"": ""HEI"", ""date"": ""2026-06-17""}}"
141,"Croll Reynolds Company, Inc",https://croll.com/,"Six Campus Drive Parsippany, NJ",,"[""HEI Member""]",Heat Exchange Manufacturer,"[""Carbon Steel"", ""Stainless Steel""]",,908.232.4202,[],1917,,HEI,2026-06-17 05:14:31,verified,verified,"{""company_name"": {""source"": ""HEI"", ""date"": ""2026-06-17""}, ""website_url"": {""source"": ""HEI"", ""date"": ""2026-06-17""}, ""headquarters_location"": {""source"": ""HEI"", ""date"": ""2026-06-17""}, ""primary_business_type"": {""source"": ""HEI"", ""date"": ""2026-06-17""}, ""contact_phone"": {""source"": ""HEI"", ""date"": ""2026-06-17""}, ""certifications_held"": {""source"": ""HEI"", ""date"": ""2026-06-17""}, ""materials_handled"": {""source"": ""HEI"", ""date"": ""2026-06-17""}}"
142,"Six Campus Drive Parsippany, NJ 7056",https://croll.com/,"W Front Street Florence, NJ",,"[""HEI Member""]",Heat Exchange Manufacturer,"[""Carbon Steel"", ""Stainless Steel""]",,908.232.4202,[],1917,,HEI,2026-06-17 05:14:31,verified,verified,"{""company_name"": {""source"": ""HEI"", ""date"": ""2026-06-17""}, ""website_url"": {""source"": ""HEI"", ""date"": ""2026-06-17""}, ""headquarters_location"": {""source"": ""HEI"", ""date"": ""2026-06-17""}, ""primary_business_type"": {""source"": ""HEI"", ""date"": ""2026-06-17""}, ""contact_phone"": {""source"": ""HEI"", ""date"": ""2026-06-17""}, ""certifications_held"": {""source"": ""HEI"", ""date"": ""2026-06-17""}, ""materials_handled"": {""source"": ""HEI"", ""date"": ""2026-06-17""}}"
143,DC Fabricators Inc,https://www.dcfab.com/,"W Front Street Florence, NJ",,"[""HEI Member""]",Heat Exchange Manufacturer,"[""Carbon Steel"", ""Stainless Steel""]",,609.499.3000,[],,,HEI,2026-06-17 05:14:31,verified,verified,"{""company_name"": {""source"": ""HEI"", ""date"": ""2026-06-17""}, ""website_url"": {""source"": ""HEI"", ""date"": ""2026-06-17""}, ""headquarters_location"": {""source"": ""HEI"", ""date"": ""2026-06-17""}, ""primary_business_type"": {""source"": ""HEI"", ""date"": ""2026-06-17""}, ""contact_phone"": {""source"": ""HEI"", ""date"": ""2026-06-17""}, ""certifications_held"": {""source"": ""HEI"", ""date"": ""2026-06-17""}, ""materials_handled"": {""source"": ""HEI"", ""date"": ""2026-06-17""}}"
145,Gardner Denver Nash,https://www.nashpumps.com/en-us/,"Simko Blvd Charleroi, PA",,"[""HEI Member""]",Heat Exchange Manufacturer,"[""Carbon Steel"", ""Stainless Steel""]",,724.239.1548,[],,,HEI,2026-06-17 05:14:31,verified,verified,"{""company_name"": {""source"": ""HEI"", ""date"": ""2026-06-17""}, ""website_url"": {""source"": ""HEI"", ""date"": ""2026-06-17""}, ""headquarters_location"": {""source"": ""HEI"", ""date"": ""2026-06-17""}, ""primary_business_type"": {""source"": ""HEI"", ""date"": ""2026-06-17""}, ""contact_phone"": {""source"": ""HEI"", ""date"": ""2026-06-17""}, ""certifications_held"": {""source"": ""HEI"", ""date"": ""2026-06-17""}, ""materials_handled"": {""source"": ""HEI"", ""date"": ""2026-06-17""}}"
146,"Accounting 200 Simko Blvd Charleroi, PA 15022",https://www.nashpumps.com/en-us/,"Florence Avenue Batavia, NY",,"[""HEI Member""]",Heat Exchange Manufacturer,"[""Carbon Steel"", ""Stainless Steel""]",,724.239.1548,[],1989,,HEI,2026-06-17 05:14:31,verified,verified,"{""company_name"": {""source"": ""HEI"", ""date"": ""2026-06-17""}, ""website_url"": {""source"": ""HEI"", ""date"": ""2026-06-17""}, ""headquarters_location"": {""source"": ""HEI"", ""date"": ""2026-06-17""}, ""primary_business_type"": {""source"": ""HEI"", ""date"": ""2026-06-17""}, ""contact_phone"": {""source"": ""HEI"", ""date"": ""2026-06-17""}, ""certifications_held"": {""source"": ""HEI"", ""date"": ""2026-06-17""}, ""materials_handled"": {""source"": ""HEI"", ""date"": ""2026-06-17""}}"
147,Graham Corporation,https://grahamcorp.com/,"Florence Avenue Batavia, NY",,"[""HEI Member""]",Heat Exchange Manufacturer,"[""Carbon Steel"", ""Stainless Steel""]",,585.343.2216,[],,,HEI,2026-06-17 05:14:31,verified,verified,"{""company_name"": {""source"": ""HEI"", ""date"": ""2026-06-17""}, ""website_url"": {""source"": ""HEI"", ""date"": ""2026-06-17""}, ""headquarters_location"": {""source"": ""HEI"", ""date"": ""2026-06-17""}, ""primary_business_type"": {""source"": ""HEI"", ""date"": ""2026-06-17""}, ""contact_phone"": {""source"": ""HEI"", ""date"": ""2026-06-17""}, ""certifications_held"": {""source"": ""HEI"", ""date"": ""2026-06-17""}, ""materials_handled"": {""source"": ""HEI"", ""date"": ""2026-06-17""}}"
149,Holtec International,https://holtecinternational.com/,"Holtec Blvd Camden, NJ",,"[""HEI Member""]",Heat Exchange Manufacturer,"[""Carbon Steel"", ""Stainless Steel""]",,,[],1989,,HEI,2026-06-17 05:14:31,verified,verified,"{""company_name"": {""source"": ""HEI"", ""date"": ""2026-06-17""}, ""website_url"": {""source"": ""HEI"", ""date"": ""2026-06-17""}, ""headquarters_location"": {""source"": ""HEI"", ""date"": ""2026-06-17""}, ""primary_business_type"": {""source"": ""HEI"", ""date"": ""2026-06-17""}, ""certifications_held"": {""source"": ""HEI"", ""date"": ""2026-06-17""}, ""materials_handled"": {""source"": ""HEI"", ""date"": ""2026-06-17""}}"
151,Kansas City Deaerator Company,http://www.deaerator.com,"Street Stilwell, KS",,"[""HEI Member""]",Heat Exchange Manufacturer,"[""Carbon Steel"", ""Stainless Steel""]",,913.338.2111,[],1989,,HEI,2026-06-17 05:14:31,verified,verified,"{""company_name"": {""source"": ""HEI"", ""date"": ""2026-06-17""}, ""website_url"": {""source"": ""HEI"", ""date"": ""2026-06-17""}, ""headquarters_location"": {""source"": ""HEI"", ""date"": ""2026-06-17""}, ""primary_business_type"": {""source"": ""HEI"", ""date"": ""2026-06-17""}, ""contact_phone"": {""source"": ""HEI"", ""date"": ""2026-06-17""}, ""certifications_held"": {""source"": ""HEI"", ""date"": ""2026-06-17""}, ""materials_handled"": {""source"": ""HEI"", ""date"": ""2026-06-17""}}"
153,"Kelvion, Inc",http://www.kelvion.com,"West Channel Road Catoosa, OK",,"[""HEI Member""]",Heat Exchange Manufacturer,"[""Carbon Steel"", ""Stainless Steel""]",,7673981339,[],,,HEI,2026-06-17 05:14:31,verified,verified,"{""company_name"": {""source"": ""HEI"", ""date"": ""2026-06-17""}, ""website_url"": {""source"": ""HEI"", ""date"": ""2026-06-17""}, ""headquarters_location"": {""source"": ""HEI"", ""date"": ""2026-06-17""}, ""primary_business_type"": {""source"": ""HEI"", ""date"": ""2026-06-17""}, ""certifications_held"": {""source"": ""HEI"", ""date"": ""2026-06-17""}, ""materials_handled"": {""source"": ""HEI"", ""date"": ""2026-06-17""}}"
154,"Accounting 5202 West Channel Road Catoosa, OK 74015",http://www.kelvion.com,"Cherry Hill, NJ",,"[""HEI Member""]",Heat Exchange Manufacturer,"[""Carbon Steel"", ""Stainless Steel""]",,856.470.1504,[],1987,,HEI,2026-06-17 05:14:31,verified,verified,"{""company_name"": {""source"": ""HEI"", ""date"": ""2026-06-17""}, ""website_url"": {""source"": ""HEI"", ""date"": ""2026-06-17""}, ""headquarters_location"": {""source"": ""HEI"", ""date"": ""2026-06-17""}, ""primary_business_type"": {""source"": ""HEI"", ""date"": ""2026-06-17""}, ""contact_phone"": {""source"": ""HEI"", ""date"": ""2026-06-17""}, ""certifications_held"": {""source"": ""HEI"", ""date"": ""2026-06-17""}, ""materials_handled"": {""source"": ""HEI"", ""date"": ""2026-06-17""}}"
155,Maarky Thermal Systems,https://maarky.com,"Cherry Hill, NJ",,"[""HEI Member""]",Heat Exchange Manufacturer,"[""Carbon Steel"", ""Stainless Steel""]",JPasquariello@BabcockPower.com,856.470.1504,[],,,HEI,2026-06-17 05:14:31,verified,verified,"{""company_name"": {""source"": ""HEI"", ""date"": ""2026-06-17""}, ""website_url"": {""source"": ""HEI"", ""date"": ""2026-06-17""}, ""headquarters_location"": {""source"": ""HEI"", ""date"": ""2026-06-17""}, ""primary_business_type"": {""source"": ""HEI"", ""date"": ""2026-06-17""}, ""contact_phone"": {""source"": ""HEI"", ""date"": ""2026-06-17""}, ""certifications_held"": {""source"": ""HEI"", ""date"": ""2026-06-17""}, ""materials_handled"": {""source"": ""HEI"", ""date"": ""2026-06-17""}}"
157,SPG Dry Cooling,https://spgdrycooling.com/,"Bridgewater, NJ",,"[""HEI Member""]",Heat Exchange Manufacturer,"[""Carbon Steel"", ""Stainless Steel""]",JPasquariello@BabcockPower.com,913.664.7515,[],,,HEI,2026-06-17 05:14:31,verified,verified,"{""company_name"": {""source"": ""HEI"", ""date"": ""2026-06-17""}, ""website_url"": {""source"": ""HEI"", ""date"": ""2026-06-17""}, ""headquarters_location"": {""source"": ""HEI"", ""date"": ""2026-06-17""}, ""primary_business_type"": {""source"": ""HEI"", ""date"": ""2026-06-17""}, ""contact_phone"": {""source"": ""HEI"", ""date"": ""2026-06-17""}, ""certifications_held"": {""source"": ""HEI"", ""date"": ""2026-06-17""}, ""materials_handled"": {""source"": ""HEI"", ""date"": ""2026-06-17""}}"
159,Sterling Deaerator Company,https://www.sterlingdeaerator.com/,"Cumming, GA",,"[""HEI Member""]",Heat Exchange Manufacturer,"[""Carbon Steel"", ""Stainless Steel""]",,770.205.1969,[],1987,,HEI,2026-06-17 05:14:31,verified,verified,"{""company_name"": {""source"": ""HEI"", ""date"": ""2026-06-17""}, ""website_url"": {""source"": ""HEI"", ""date"": ""2026-06-17""}, ""headquarters_location"": {""source"": ""HEI"", ""date"": ""2026-06-17""}, ""primary_business_type"": {""source"": ""HEI"", ""date"": ""2026-06-17""}, ""contact_phone"": {""source"": ""HEI"", ""date"": ""2026-06-17""}, ""certifications_held"": {""source"": ""HEI"", ""date"": ""2026-06-17""}, ""materials_handled"": {""source"": ""HEI"", ""date"": ""2026-06-17""}}"
161,Thermal Engineering Int’l (USA) Inc,https://www.babcockpower.com/tei/,"La Palma, CA",,"[""HEI Member""]",Heat Exchange Manufacturer,"[""Carbon Steel"", ""Stainless Steel""]",jpasquariello@babcockpower.com,323.726.0641,[],,,HEI,2026-06-17 05:14:31,verified,verified,"{""company_name"": {""source"": ""HEI"", ""date"": ""2026-06-17""}, ""website_url"": {""source"": ""HEI"", ""date"": ""2026-06-17""}, ""headquarters_location"": {""source"": ""HEI"", ""date"": ""2026-06-17""}, ""primary_business_type"": {""source"": ""HEI"", ""date"": ""2026-06-17""}, ""contact_phone"": {""source"": ""HEI"", ""date"": ""2026-06-17""}, ""certifications_held"": {""source"": ""HEI"", ""date"": ""2026-06-17""}, ""materials_handled"": {""source"": ""HEI"", ""date"": ""2026-06-17""}}"
162,"Accounts Payable 4 Centerpointe Drive, Suite 400 La Palma, CA 90623",https://www.babcockpower.com/tei/,"LaPalma, CA",,"[""HEI Member""]",Heat Exchange Manufacturer,"[""Carbon Steel"", ""Stainless Steel""]",jpasquariello@babcockpower.com,323.726.0641,[],,,HEI,2026-06-17 05:14:31,incomplete,partial,"{""company_name"": {""source"": ""HEI"", ""date"": ""2026-06-17""}, ""website_url"": {""source"": ""HEI"", ""date"": ""2026-06-17""}, ""primary_business_type"": {""source"": ""HEI"", ""date"": ""2026-06-17""}, ""contact_phone"": {""source"": ""HEI"", ""date"": ""2026-06-17""}, ""certifications_held"": {""source"": ""HEI"", ""date"": ""2026-06-17""}, ""materials_handled"": {""source"": ""HEI"", ""date"": ""2026-06-17""}}"
163,Technical Resources,https://www.heatexchange.org/products/tech-sheets/,,,"[""HEI Member""]",Heat Exchange Manufacturer,"[""Carbon Steel"", ""Stainless Steel""]",,,[],,,HEI,2026-06-17 05:14:31,incomplete,partial,"{""company_name"": {""source"": ""HEI"", ""date"": ""2026-06-17""}, ""primary_business_type"": {""source"": ""HEI"", ""date"": ""2026-06-17""}, ""certifications_held"": {""source"": ""HEI"", ""date"": ""2026-06-17""}, ""materials_handled"": {""source"": ""HEI"", ""date"": ""2026-06-17""}}"
164,Download Tech Sheets,https://www.heatexchange.org/products/tech-sheets/,,,"[""HEI Member""]",Heat Exchange Manufacturer,"[""Carbon Steel"", ""Stainless Steel""]",,,[],,,HEI,2026-06-17 05:14:31,incomplete,partial,"{""company_name"": {""source"": ""HEI"", ""date"": ""2026-06-17""}, ""website_url"": {""source"": ""HEI"", ""date"": ""2026-06-17""}, ""primary_business_type"": {""source"": ""HEI"", ""date"": ""2026-06-17""}, ""certifications_held"": {""source"": ""HEI"", ""date"": ""2026-06-17""}, ""materials_handled"": {""source"": ""HEI"", ""date"": ""2026-06-17""}}"
165,Order HEI Standards,https://www.heatexchange.org/resources/standards/,,,"[""HEI Member""]",Heat Exchange Manufacturer,"[""Carbon Steel"", ""Stainless Steel""]",,,[],,,HEI,2026-06-17 05:14:31,incomplete,partial,"{""company_name"": {""source"": ""HEI"", ""date"": ""2026-06-17""}, ""website_url"": {""source"": ""HEI"", ""date"": ""2026-06-17""}, ""primary_business_type"": {""source"": ""HEI"", ""date"": ""2026-06-17""}, ""certifications_held"": {""source"": ""HEI"", ""date"": ""2026-06-17""}, ""materials_handled"": {""source"": ""HEI"", ""date"": ""2026-06-17""}}"
166,Shopping Cart,,,,"[""HEI Member""]",Heat Exchange Manufacturer,"[""Carbon Steel"", ""Stainless Steel""]",,,[],,,HEI,2026-06-17 05:14:31,incomplete,partial,"{""company_name"": {""source"": ""HEI"", ""date"": ""2026-06-17""}, ""primary_business_type"": {""source"": ""HEI"", ""date"": ""2026-06-17""}, ""certifications_held"": {""source"": ""HEI"", ""date"": ""2026-06-17""}, ""materials_handled"": {""source"": ""HEI"", ""date"": ""2026-06-17""}}"
167,Scroll to Top,,,,"[""HEI Member""]",Heat Exchange Manufacturer,"[""Carbon Steel"", ""Stainless Steel""]",,,[],,,HEI,2026-06-17 05:14:31,incomplete,partial,"{""company_name"": {""source"": ""HEI"", ""date"": ""2026-06-17""}, ""primary_business_type"": {""source"": ""HEI"", ""date"": ""2026-06-17""}, ""certifications_held"": {""source"": ""HEI"", ""date"": ""2026-06-17""}, ""materials_handled"": {""source"": ""HEI"", ""date"": ""2026-06-17""}}"
168,Not Found,,,,"[""AWS Certified""]",Welding Fabricator,[],,,[],,,AWS,2026-06-17 05:14:22,incomplete,partial,"{""company_name"": {""source"": ""AWS"", ""date"": ""2026-06-17""}, ""primary_business_type"": {""source"": ""AWS"", ""date"": ""2026-06-17""}, ""certifications_held"": {""source"": ""AWS"", ""date"": ""2026-06-17""}}"
170,Pema Mermbership Login,https://pemanet.org/,"Capital Projects Burleson, TX",,"[""PEMA Member""]",Process Equipment Manufacturer,[],,,[],1959,,PEMA,2026-06-17 05:14:22,incomplete,partial,"{""company_name"": {""source"": ""PEMA"", ""date"": ""2026-06-17""}, ""primary_business_type"": {""source"": ""PEMA"", ""date"": ""2026-06-17""}, ""certifications_held"": {""source"": ""PEMA"", ""date"": ""2026-06-17""}}"
171,Username or Email Address,https://pemanet.org/,"Capital Projects Burleson, TX",,"[""PEMA Member""]",Process Equipment Manufacturer,[],,,[],1959,,PEMA,2026-06-17 05:14:22,incomplete,partial,"{""company_name"": {""source"": ""PEMA"", ""date"": ""2026-06-17""}, ""primary_business_type"": {""source"": ""PEMA"", ""date"": ""2026-06-17""}, ""certifications_held"": {""source"": ""PEMA"", ""date"": ""2026-06-17""}}"
172,Remember Me,https://pemanet.org/,"Capital Projects Burleson, TX",,"[""PEMA Member""]",Process Equipment Manufacturer,[],,,[],1959,,PEMA,2026-06-17 05:14:22,incomplete,partial,"{""company_name"": {""source"": ""PEMA"", ""date"": ""2026-06-17""}, ""primary_business_type"": {""source"": ""PEMA"", ""date"": ""2026-06-17""}, ""certifications_held"": {""source"": ""PEMA"", ""date"": ""2026-06-17""}}"
173,← Go to Pemanet,https://pemanet.org/,"Capital Projects Burleson, TX",,"[""PEMA Member""]",Process Equipment Manufacturer,[],,,[],1959,,PEMA,2026-06-17 05:14:22,incomplete,partial,"{""company_name"": {""source"": ""PEMA"", ""date"": ""2026-06-17""}, ""website_url"": {""source"": ""PEMA"", ""date"": ""2026-06-17""}, ""primary_business_type"": {""source"": ""PEMA"", ""date"": ""2026-06-17""}, ""certifications_held"": {""source"": ""PEMA"", ""date"": ""2026-06-17""}}"
177,"CEMA Members celebrating Anniversary’s, Awards, New Facilities, and Expansions, etc",,,,"[""CEMA Member""]",Conveyor Equipment Manufacturer,[],kim@cemanet.org,,[],,,CEMA,2026-06-17 03:35:38,incomplete,partial,{}
178,Contact Kimberly MacLaren to see how you can attend our Annual Meeting,https://conveyorequipcaptivate.growthzonecms.com/,Americas,,"[""CEMA Member""]",Conveyor Equipment Manufacturer,[],kim@cemanet.org,,[],1933,,CEMA,2026-06-17 04:43:43,verified,verified,"{""company_name"": {""source"": ""CEMA"", ""date"": ""2026-06-17""}, ""website_url"": {""source"": ""CEMA"", ""date"": ""2026-06-17""}, ""headquarters_location"": {""source"": ""CEMA"", ""date"": ""2026-06-17""}, ""primary_business_type"": {""source"": ""CEMA"", ""date"": ""2026-06-17""}, ""contact_email"": {""source"": ""CEMA"", ""date"": ""2026-06-17""}, ""year_established"": {""source"": ""CEMA"", ""date"": ""2026-06-17""}, ""certifications_held"": {""source"": ""CEMA"", ""date"": ""2026-06-17""}}"
179,CEMA Members in the NEWs – 2019 RECAP,https://conveyorequipcaptivate.growthzonecms.com/,Americas,,"[""CEMA Member""]",Conveyor Equipment Manufacturer,[],kim@cemanet.org,,[],1933,,CEMA,2026-06-17 04:32:50,verified,verified,"{""company_name"": {""source"": ""CEMA"", ""date"": ""2026-06-17""}, ""website_url"": {""source"": ""CEMA"", ""date"": ""2026-06-17""}, ""headquarters_location"": {""source"": ""CEMA"", ""date"": ""2026-06-17""}, ""primary_business_type"": {""source"": ""CEMA"", ""date"": ""2026-06-17""}, ""contact_email"": {""source"": ""CEMA"", ""date"": ""2026-06-17""}, ""year_established"": {""source"": ""CEMA"", ""date"": ""2026-06-17""}, ""certifications_held"": {""source"": ""CEMA"", ""date"": ""2026-06-17""}}"
180,"CEMA Member’s if you want your news in the CEMA Newsletter, sendby the 15th of each month to kim@cemanet.org",https://conveyorequipcaptivate.growthzonecms.com/,Americas,,"[""CEMA Member""]",Conveyor Equipment Manufacturer,[],,,[],1933,,CEMA,2026-06-17 04:46:14,verified,verified,"{""company_name"": {""source"": ""CEMA"", ""date"": ""2026-06-17""}, ""website_url"": {""source"": ""CEMA"", ""date"": ""2026-06-17""}, ""headquarters_location"": {""source"": ""CEMA"", ""date"": ""2026-06-17""}, ""facility_size_sqft"": {""source"": ""CEMA"", ""date"": ""2026-06-17""}, ""primary_business_type"": {""source"": ""CEMA"", ""date"": ""2026-06-17""}, ""contact_email"": {""source"": ""CEMA"", ""date"": ""2026-06-17""}, ""contact_phone"": {""source"": ""CEMA"", ""date"": ""2026-06-17""}, ""year_established"": {""source"": ""CEMA"", ""date"": ""2026-06-17""}, ""certifications_held"": {""source"": ""CEMA"", ""date"": ""2026-06-17""}}"
185,"Spartan, Inc",,"Bakersfield, CA",,"[""STI/SPFA Member""]",Steel Tank / Pipe Fabricator,"[""Carbon Steel"", ""Steel""]",,661-327-1205,[],,,STI-SPFA,2026-06-17 03:41:58,verified,partial,{}
187,"Bakersfield, CA 93301-2137",http://spartaninc.net/,"BAKERSFIELD, CA",,"[""STI/SPFA Member""]",Steel Tank / Pipe Fabricator,"[""Carbon Steel"", ""Custom Fabrication"", ""Field Erected Tanks"", ""Fireguard Fuel Tanks"", ""GEN-TANKS"", ""Piping"", ""Piping Design and Installation"", ""Pressure Vessels"", ""Repair and Maintenance"", ""Shop Storage Tanks"", ""Steel"", ""custom fabrication"", ""field erected tanks"", ""installation"", ""maintenance"", ""piping design"", ""piping design and installation"", ""pressure vessels"", ""repair"", ""repair and maintenance"", ""shop storage tank"", ""shop storage tanks"", ""storage tanks""]",,661-327-1205,[],2026,,STI-SPFA,2026-06-17 05:01:47,verified,verified,"{""company_name"": {""source"": ""STI-SPFA"", ""date"": ""2026-06-17""}, ""website_url"": {""source"": ""STI-SPFA"", ""date"": ""2026-06-17""}, ""headquarters_location"": {""source"": ""STI-SPFA"", ""date"": ""2026-06-17""}, ""primary_business_type"": {""source"": ""STI-SPFA"", ""date"": ""2026-06-17""}, ""contact_phone"": {""source"": ""STI-SPFA"", ""date"": ""2026-06-17""}, ""year_established"": {""source"": ""STI-SPFA"", ""date"": ""2026-06-17""}, ""certifications_held"": {""source"": ""STI-SPFA"", ""date"": ""2026-06-17""}, ""materials_handled"": {""source"": ""STI-SPFA"", ""date"": ""2026-06-17""}}"
188,STI Licensed Shop-Fabricated Tank Membership,https://assets-002.noviams.com/novi-file-uploads/stispfa/members/165-years_vector_final-1.png,"Kawartha Lakes, ON",,"[""STI/SPFA Member""]",Steel Tank / Pipe Fabricator,"[""Carbon Steel"", ""Steel""]",,405-212-2277,[],,,STI-SPFA,2026-06-17 05:14:54,incomplete,partial,"{""company_name"": {""source"": ""STI-SPFA"", ""date"": ""2026-06-17""}, ""headquarters_location"": {""source"": ""STI-SPFA"", ""date"": ""2026-06-17""}, ""primary_business_type"": {""source"": ""STI-SPFA"", ""date"": ""2026-06-17""}, ""certifications_held"": {""source"": ""STI-SPFA"", ""date"": ""2026-06-17""}, ""materials_handled"": {""source"": ""STI-SPFA"", ""date"": ""2026-06-17""}}"
190,Morrison Bros. Co,,"Dubuque, IA",,"[""STI/SPFA Member""]",Steel Tank / Pipe Fabricator,"[""Carbon Steel"", ""Steel""]",,563-583-5701,[],,,STI-SPFA,2026-06-17 03:41:58,verified,partial,{}
192,"Dubuque, IA 52001-2378",https://www.morbros.com/,,,"[""STI/SPFA Member"", ""UL 2583""]",Steel Tank / Pipe Fabricator,"[""Carbon Steel"", ""Fuel storage components"", ""Integrated fuel storage components"", ""Steel""]",,563-583-5701,"[""Not specified""]",,,STI-SPFA,2026-06-17 05:08:02,verified,verified,"{""company_name"": {""source"": ""STI-SPFA"", ""date"": ""2026-06-17""}, ""website_url"": {""source"": ""STI-SPFA"", ""date"": ""2026-06-17""}, ""headquarters_location"": {""source"": ""STI-SPFA"", ""date"": ""2026-06-17""}, ""facility_size_sqft"": {""source"": ""STI-SPFA"", ""date"": ""2026-06-17""}, ""primary_business_type"": {""source"": ""STI-SPFA"", ""date"": ""2026-06-17""}, ""contact_email"": {""source"": ""STI-SPFA"", ""date"": ""2026-06-17""}, ""contact_phone"": {""source"": ""STI-SPFA"", ""date"": ""2026-06-17""}, ""year_established"": {""source"": ""STI-SPFA"", ""date"": ""2026-06-17""}, ""certifications_held"": {""source"": ""STI-SPFA"", ""date"": ""2026-06-17""}, ""materials_handled"": {""source"": ""STI-SPFA"", ""date"": ""2026-06-17""}, ""key_personnel"": {""source"": ""STI-SPFA"", ""date"": ""2026-06-17""}}"
193,Dennis Eryou,,,,"[""STI/SPFA Member""]",Steel Tank / Pipe Fabricator,"[""Carbon Steel"", ""Steel""]",,,[],,,STI-SPFA,2026-06-17 04:59:28,incomplete,partial,"{""company_name"": {""source"": ""STI-SPFA"", ""date"": ""2026-06-17""}, ""primary_business_type"": {""source"": ""STI-SPFA"", ""date"": ""2026-06-17""}, ""certifications_held"": {""source"": ""STI-SPFA"", ""date"": ""2026-06-17""}, ""materials_handled"": {""source"": ""STI-SPFA"", ""date"": ""2026-06-17""}}"
194,Eryou Engineering Inc,,,,"[""STI/SPFA Member""]",Steel Tank / Pipe Fabricator,"[""Carbon Steel"", ""Steel""]",,,[],,,STI-SPFA,2026-06-17 04:59:28,incomplete,partial,"{""company_name"": {""source"": ""STI-SPFA"", ""date"": ""2026-06-17""}, ""primary_business_type"": {""source"": ""STI-SPFA"", ""date"": ""2026-06-17""}, ""certifications_held"": {""source"": ""STI-SPFA"", ""date"": ""2026-06-17""}, ""materials_handled"": {""source"": ""STI-SPFA"", ""date"": ""2026-06-17""}}"
196,Industry Associate,https://assets-002.noviams.com/novi-file-uploads/stispfa/members/engine-and-compressor-logo---6524-1.jpg,"Fall River, WI",,"[""STI/SPFA Member""]",Steel Tank / Pipe Fabricator,"[""Carbon Steel"", ""Steel""]",,,[],,,STI-SPFA,2026-06-17 05:14:54,incomplete,partial,"{""company_name"": {""source"": ""STI-SPFA"", ""date"": ""2026-06-17""}, ""headquarters_location"": {""source"": ""STI-SPFA"", ""date"": ""2026-06-17""}, ""primary_business_type"": {""source"": ""STI-SPFA"", ""date"": ""2026-06-17""}, ""certifications_held"": {""source"": ""STI-SPFA"", ""date"": ""2026-06-17""}, ""materials_handled"": {""source"": ""STI-SPFA"", ""date"": ""2026-06-17""}}"
197,Garzo Inc dba Engine & Compressor Accessories,,"Waller, TX",,"[""STI/SPFA Member""]",Steel Tank / Pipe Fabricator,"[""Carbon Steel"", ""Steel""]",,713-466-8679,[],,,STI-SPFA,2026-06-17 03:41:58,verified,partial,{}
199,"Waller, TX 77484-8173",https://www.daytank.com/,Unknown,Unknown,"[""EGSA"", ""STI/SPFA Member"", ""Underwriters Labs""]",Steel Tank / Pipe Fabricator,"[""Automatic Day Tanks"", ""Automatic day tanks"", ""Carbon Steel"", ""Containment materials"", ""Economy Automatic Day Tanks"", ""Economy automatic day tanks"", ""Enclosures"", ""Fuel"", ""Fuel Tanks"", ""Fuel tanks"", ""Generator Base Tanks"", ""Generator base tanks"", ""Meter Panels"", ""Meter panels"", ""Pump Sets"", ""Secondary Containment Tanks"", ""Secondary containment day tanks"", ""Secondary containment tanks"", ""Steel""]",Unknown,713-466-8679,"[""Unknown""]",2000,,STI-SPFA,2026-06-17 04:57:45,verified,verified,"{""company_name"": {""source"": ""STI-SPFA"", ""date"": ""2026-06-17""}, ""website_url"": {""source"": ""STI-SPFA"", ""date"": ""2026-06-17""}, ""headquarters_location"": {""source"": ""STI-SPFA"", ""date"": ""2026-06-17""}, ""facility_size_sqft"": {""source"": ""STI-SPFA"", ""date"": ""2026-06-17""}, ""primary_business_type"": {""source"": ""STI-SPFA"", ""date"": ""2026-06-17""}, ""contact_email"": {""source"": ""STI-SPFA"", ""date"": ""2026-06-17""}, ""contact_phone"": {""source"": ""STI-SPFA"", ""date"": ""2026-06-17""}, ""year_established"": {""source"": ""STI-SPFA"", ""date"": ""2026-06-17""}, ""certifications_held"": {""source"": ""STI-SPFA"", ""date"": ""2026-06-17""}, ""materials_handled"": {""source"": ""STI-SPFA"", ""date"": ""2026-06-17""}, ""key_personnel"": {""source"": ""STI-SPFA"", ""date"": ""2026-06-17""}}"
200,Dennis York,,,,"[""STI/SPFA Member""]",Steel Tank / Pipe Fabricator,"[""Carbon Steel"", ""Steel""]",,951-903-8002,[],,,STI-SPFA,2026-06-17 03:41:58,incomplete,partial,{}
202,"Long Industries, Inc",,"Buffalo, TX",,"[""STI/SPFA Member""]",Steel Tank / Pipe Fabricator,"[""Carbon Steel"", ""Steel""]",,903-389-3263,[],,,STI-SPFA,2026-06-17 03:41:58,verified,partial,{}
204,"Buffalo, TX 75831-6858",https://longindustries.us/,"105 FCR 413, Buffalo, Texas 75831","300,000 sq ft","[""STI/SPFA Member""]",Steel Tank / Pipe Fabricator,"[""API storage tanks"", ""ASME pressure vessels"", ""Carbon Steel"", ""Steel""]",,903-389-3263,[],,,STI-SPFA,2026-06-17 04:52:04,verified,verified,"{""company_name"": {""source"": ""STI-SPFA"", ""date"": ""2026-06-17""}, ""website_url"": {""source"": ""STI-SPFA"", ""date"": ""2026-06-17""}, ""headquarters_location"": {""source"": ""STI-SPFA"", ""date"": ""2026-06-17""}, ""facility_size_sqft"": {""source"": ""STI-SPFA"", ""date"": ""2026-06-17""}, ""primary_business_type"": {""source"": ""STI-SPFA"", ""date"": ""2026-06-17""}, ""contact_phone"": {""source"": ""STI-SPFA"", ""date"": ""2026-06-17""}, ""certifications_held"": {""source"": ""STI-SPFA"", ""date"": ""2026-06-17""}, ""materials_handled"": {""source"": ""STI-SPFA"", ""date"": ""2026-06-17""}}"
206,Tank Solutions (Lesweek Pty Ltd.) Fibre,,,,"[""STI/SPFA Member""]",Steel Tank / Pipe Fabricator,"[""Carbon Steel"", ""Steel""]",,,[],,,STI-SPFA,2026-06-17 03:33:17,incomplete,partial,{}
208,"Tomago, New South Wales 2322",https://www.tanksolutions.com.au/,Australia,,"[""Authorization to Apply the UL Mark"", ""Employee Certificate working on Fuel Sites"", ""ISO Accreditation"", ""Membership Australian Industry Group"", ""Membership PEI"", ""Membership PEI 2018"", ""Membership STI Fireguard"", ""Membership STI Steel Tanks"", ""STI Steel Tanks Membership"", ""STI/SPFA Member""]",Steel Tank / Pipe Fabricator,"[""Carbon Steel"", ""Chemical"", ""FRP"", ""Fiberglass"", ""Fuel"", ""Steel"", ""Waste Water"", ""Water""]",,6124964827,"[""Manufacturing Team"", ""Sales Team""]",,,STI-SPFA,2026-06-17 04:42:20,verified,verified,"{""company_name"": {""source"": ""STI-SPFA"", ""date"": ""2026-06-17""}, ""website_url"": {""source"": ""STI-SPFA"", ""date"": ""2026-06-17""}, ""headquarters_location"": {""source"": ""STI-SPFA"", ""date"": ""2026-06-17""}, ""facility_size_sqft"": {""source"": ""STI-SPFA"", ""date"": ""2026-06-17""}, ""primary_business_type"": {""source"": ""STI-SPFA"", ""date"": ""2026-06-17""}, ""contact_email"": {""source"": ""STI-SPFA"", ""date"": ""2026-06-17""}, ""contact_phone"": {""source"": ""STI-SPFA"", ""date"": ""2026-06-17""}, ""year_established"": {""source"": ""STI-SPFA"", ""date"": ""2026-06-17""}, ""certifications_held"": {""source"": ""STI-SPFA"", ""date"": ""2026-06-17""}, ""materials_handled"": {""source"": ""STI-SPFA"", ""date"": ""2026-06-17""}, ""key_personnel"": {""source"": ""STI-SPFA"", ""date"": ""2026-06-17""}}"
209,Ward Vessel & Exchanger Corp. (Charlotte),,"Charlotte, NC",,"[""STI/SPFA Member""]",Steel Tank / Pipe Fabricator,"[""Carbon Steel"", ""Steel""]",,704-568-3001,[],,,STI-SPFA,2026-06-17 03:41:58,verified,partial,{}
211,"Charlotte, NC 28215-5101",https://www.wardvesselandexchanger.com/,"Charlotte, NC",,"[""ASME"", ""ASME (American Society of Mechanical Engineers)"", ""ASME Code: Section VIII, Division 1"", ""LCA"", ""LCA (Louisiana Chemical Association)"", ""MTI"", ""MTI (Materials Technology Institute)"", ""STI/SPFA"", ""STI/SPFA (Steel Tank Institute/Steel Plate Fabricators Association)"", ""STI/SPFA Member"", ""TCC"", ""TCC (Texas Chemical Council)"", ""TEMA"", ""TEMA (Tubular Exchanger Manufacturers Association)""]",Steel Tank / Pipe Fabricator,"[""Carbon Steel"", ""Chemical"", ""Columns"", ""Food/Beverage"", ""Food/beverage industry"", ""Pharmaceutical"", ""Pharmaceutical industry"", ""Power"", ""Power industry"", ""Pressure vessels"", ""Process equipment for chemical industry"", ""Pulp/Paper"", ""Pulp/paper industry"", ""Pure Water"", ""Pure water industry"", ""Refinery"", ""Refinery industry"", ""Shell and tube heat exchangers"", ""Steel"", ""chemical"", ""chemicals"", ""food/beverage"", ""heat exchangers"", ""pharmaceutical"", ""pharmaceuticals"", ""power"", ""pressure vessels"", ""pulp/paper"", ""pure water"", ""refinery"", ""towers""]",,704-568-3001,"[""Jon Ward"", ""Mike Pischke""]",,,STI-SPFA,2026-06-17 05:01:00,verified,verified,"{""company_name"": {""source"": ""STI-SPFA"", ""date"": ""2026-06-17""}, ""website_url"": {""source"": ""STI-SPFA"", ""date"": ""2026-06-17""}, ""headquarters_location"": {""source"": ""STI-SPFA"", ""date"": ""2026-06-17""}, ""primary_business_type"": {""source"": ""STI-SPFA"", ""date"": ""2026-06-17""}, ""contact_phone"": {""source"": ""STI-SPFA"", ""date"": ""2026-06-17""}, ""certifications_held"": {""source"": ""STI-SPFA"", ""date"": ""2026-06-17""}, ""materials_handled"": {""source"": ""STI-SPFA"", ""date"": ""2026-06-17""}, ""key_personnel"": {""source"": ""STI-SPFA"", ""date"": ""2026-06-17""}}"
212,Pressure Vessel & Special Products Fabricator,https://assets-002.noviams.com/novi-file-uploads/stispfa/members/american-spiralweld-pipe-logo-11824-1.jpg,"Columbia, SC",,"[""ASTM A1097"", ""ASTM A139"", ""ASTM A252"", ""AWWA C200"", ""STI/SPFA Member""]",Steel Tank / Pipe Fabricator,"[""Carbon Steel"", ""Steel"", ""Steel pipe""]",,,[],,,STI-SPFA,2026-06-17 04:32:26,verified,verified,"{""company_name"": {""source"": ""STI-SPFA"", ""date"": ""2026-06-17""}, ""website_url"": {""source"": ""STI-SPFA"", ""date"": ""2026-06-17""}, ""headquarters_location"": {""source"": ""STI-SPFA"", ""date"": ""2026-06-17""}, ""facility_size_sqft"": {""source"": ""STI-SPFA"", ""date"": ""2026-06-17""}, ""primary_business_type"": {""source"": ""STI-SPFA"", ""date"": ""2026-06-17""}, ""contact_email"": {""source"": ""STI-SPFA"", ""date"": ""2026-06-17""}, ""contact_phone"": {""source"": ""STI-SPFA"", ""date"": ""2026-06-17""}, ""year_established"": {""source"": ""STI-SPFA"", ""date"": ""2026-06-17""}, ""certifications_held"": {""source"": ""STI-SPFA"", ""date"": ""2026-06-17""}, ""materials_handled"": {""source"": ""STI-SPFA"", ""date"": ""2026-06-17""}}"
213,"American Spiralweld Pipe Company, LLC (Columbia)",,"Columbia, SC",,"[""STI/SPFA Member""]",Steel Tank / Pipe Fabricator,"[""Carbon Steel"", ""Steel""]",,205-325-7052,[],,,STI-SPFA,2026-06-17 03:41:58,verified,partial,{}
215,"Columbia, SC 29209-5084",https://www.american-usa.com/products/spiral-welded-steel-pipe,United States,,"[""STI/SPFA Member""]",Steel Tank / Pipe Fabricator,"[""Carbon Steel"", ""Steel"", ""steel""]",Not provided,205-325-7052,[],,,STI-SPFA,2026-06-17 04:45:04,verified,verified,"{""company_name"": {""source"": ""STI-SPFA"", ""date"": ""2026-06-17""}, ""website_url"": {""source"": ""STI-SPFA"", ""date"": ""2026-06-17""}, ""headquarters_location"": {""source"": ""STI-SPFA"", ""date"": ""2026-06-17""}, ""facility_size_sqft"": {""source"": ""STI-SPFA"", ""date"": ""2026-06-17""}, ""primary_business_type"": {""source"": ""STI-SPFA"", ""date"": ""2026-06-17""}, ""contact_email"": {""source"": ""STI-SPFA"", ""date"": ""2026-06-17""}, ""contact_phone"": {""source"": ""STI-SPFA"", ""date"": ""2026-06-17""}, ""year_established"": {""source"": ""STI-SPFA"", ""date"": ""2026-06-17""}, ""certifications_held"": {""source"": ""STI-SPFA"", ""date"": ""2026-06-17""}, ""materials_handled"": {""source"": ""STI-SPFA"", ""date"": ""2026-06-17""}}"
216,Pipe Fabricator,,"Cleveland, MS",,"[""STI/SPFA Member""]",Steel Tank / Pipe Fabricator,"[""Carbon Steel"", ""Steel""]",,913-645-9140,[],,,STI-SPFA,2026-06-17 05:14:54,incomplete,partial,"{""company_name"": {""source"": ""STI-SPFA"", ""date"": ""2026-06-17""}, ""headquarters_location"": {""source"": ""STI-SPFA"", ""date"": ""2026-06-17""}, ""primary_business_type"": {""source"": ""STI-SPFA"", ""date"": ""2026-06-17""}, ""certifications_held"": {""source"": ""STI-SPFA"", ""date"": ""2026-06-17""}, ""materials_handled"": {""source"": ""STI-SPFA"", ""date"": ""2026-06-17""}}"
217,Patrick Vuchetich,,,,"[""STI/SPFA Member""]",Steel Tank / Pipe Fabricator,"[""Carbon Steel"", ""Steel""]",,913-645-9140,[],,,STI-SPFA,2026-06-17 03:41:58,incomplete,partial,{}
218,Williams & Company,,,,"[""STI/SPFA Member""]",Steel Tank / Pipe Fabricator,"[""Carbon Steel"", ""Steel""]",,913-645-9140,[],,,STI-SPFA,2026-06-17 03:41:58,incomplete,partial,{}
219,Southern Heat Exchanger,,"Tuscaloosa, AL",,"[""STI/SPFA Member""]",Steel Tank / Pipe Fabricator,"[""Carbon Steel"", ""Steel""]",,205-345-5335,[],,,STI-SPFA,2026-06-17 03:41:58,verified,partial,{}
221,"Tuscaloosa, AL 35405-3906",https://www.sheco.com/,"Sioux Falls, South Dakota",not specified,"[""STI/SPFA Member""]",Steel Tank / Pipe Fabricator,"[""Carbon Steel"", ""Steel"", ""steel""]",not specified,205-345-5335,[],,,STI-SPFA,2026-06-17 04:32:26,verified,verified,"{""company_name"": {""source"": ""STI-SPFA"", ""date"": ""2026-06-17""}, ""website_url"": {""source"": ""STI-SPFA"", ""date"": ""2026-06-17""}, ""headquarters_location"": {""source"": ""STI-SPFA"", ""date"": ""2026-06-17""}, ""facility_size_sqft"": {""source"": ""STI-SPFA"", ""date"": ""2026-06-17""}, ""primary_business_type"": {""source"": ""STI-SPFA"", ""date"": ""2026-06-17""}, ""contact_email"": {""source"": ""STI-SPFA"", ""date"": ""2026-06-17""}, ""contact_phone"": {""source"": ""STI-SPFA"", ""date"": ""2026-06-17""}, ""year_established"": {""source"": ""STI-SPFA"", ""date"": ""2026-06-17""}, ""certifications_held"": {""source"": ""STI-SPFA"", ""date"": ""2026-06-17""}, ""materials_handled"": {""source"": ""STI-SPFA"", ""date"": ""2026-06-17""}}"
222,Brian Cash,,,,"[""STI/SPFA Member""]",Steel Tank / Pipe Fabricator,"[""Carbon Steel"", ""Steel""]",,209-622-7839,[],,,STI-SPFA,2026-06-17 03:41:58,incomplete,partial,{}
224,Samuel Pressure Vessel Group,,"Marinette, WI",,"[""STI/SPFA Member""]",Steel Tank / Pipe Fabricator,"[""Carbon Steel"", ""Steel""]",,715-735-9311,[],,,STI-SPFA,2026-06-17 03:41:58,verified,partial,{}
226,"Marinette, WI 54143-3711",http://www.samuelpressurevesselgroup.com/,"Birmingham, AL",not specified,"[""STI/SPFA Member""]",Steel Tank / Pipe Fabricator,"[""Aluminum"", ""Carbon Steel"", ""Steel""]",not specified,715-735-9311,[],1855,,STI-SPFA,2026-06-17 04:31:20,verified,verified,"{""company_name"": {""source"": ""STI-SPFA"", ""date"": ""2026-06-17""}, ""website_url"": {""source"": ""STI-SPFA"", ""date"": ""2026-06-17""}, ""headquarters_location"": {""source"": ""STI-SPFA"", ""date"": ""2026-06-17""}, ""facility_size_sqft"": {""source"": ""STI-SPFA"", ""date"": ""2026-06-17""}, ""primary_business_type"": {""source"": ""STI-SPFA"", ""date"": ""2026-06-17""}, ""contact_email"": {""source"": ""STI-SPFA"", ""date"": ""2026-06-17""}, ""contact_phone"": {""source"": ""STI-SPFA"", ""date"": ""2026-06-17""}, ""year_established"": {""source"": ""STI-SPFA"", ""date"": ""2026-06-17""}, ""certifications_held"": {""source"": ""STI-SPFA"", ""date"": ""2026-06-17""}, ""materials_handled"": {""source"": ""STI-SPFA"", ""date"": ""2026-06-17""}}"
228,"Sioux Falls, SD 57104",https://maguirewater.com/,"Pine Bluff, Arkansas","56,320","[""STI/SPFA Member"", ""UL 2583""]",Steel Tank / Pipe Fabricator,"[""Carbon Steel"", ""Steel"", ""Water"", ""steel""]",Not Specified,605-334-9749,[],1858,,STI-SPFA,2026-06-17 04:45:04,verified,verified,"{""company_name"": {""source"": ""STI-SPFA"", ""date"": ""2026-06-17""}, ""website_url"": {""source"": ""STI-SPFA"", ""date"": ""2026-06-17""}, ""headquarters_location"": {""source"": ""STI-SPFA"", ""date"": ""2026-06-17""}, ""facility_size_sqft"": {""source"": ""STI-SPFA"", ""date"": ""2026-06-17""}, ""primary_business_type"": {""source"": ""STI-SPFA"", ""date"": ""2026-06-17""}, ""contact_email"": {""source"": ""STI-SPFA"", ""date"": ""2026-06-17""}, ""contact_phone"": {""source"": ""STI-SPFA"", ""date"": ""2026-06-17""}, ""year_established"": {""source"": ""STI-SPFA"", ""date"": ""2026-06-17""}, ""certifications_held"": {""source"": ""STI-SPFA"", ""date"": ""2026-06-17""}, ""materials_handled"": {""source"": ""STI-SPFA"", ""date"": ""2026-06-17""}}"
229,Field Erected Tank Fabricator,https://assets-002.noviams.com/novi-file-uploads/stispfa/members/strong-company-logo-2.jpg,"Longview, WA",,"[""STI/SPFA Member""]",Steel Tank / Pipe Fabricator,"[""Carbon Steel"", ""Steel""]",,907-854-7347,[],,,STI-SPFA,2026-06-17 05:14:54,incomplete,partial,"{""company_name"": {""source"": ""STI-SPFA"", ""date"": ""2026-06-17""}, ""primary_business_type"": {""source"": ""STI-SPFA"", ""date"": ""2026-06-17""}, ""contact_phone"": {""source"": ""STI-SPFA"", ""date"": ""2026-06-17""}, ""certifications_held"": {""source"": ""STI-SPFA"", ""date"": ""2026-06-17""}, ""materials_handled"": {""source"": ""STI-SPFA"", ""date"": ""2026-06-17""}}"
233,"Pine Bluff, AR 71601-4768",https://www.strongseal.com/,"Military Academy in Columbia, TN",,"[""STI/SPFA Member""]",Steel Tank / Pipe Fabricator,"[""Carbon Steel"", ""Custom fabrication"", ""Field erected tanks"", ""Fireguard Fuel Tanks"", ""GEN-TANKS"", ""Piping design and installation"", ""Pressure vessels"", ""Repair and maintenance"", ""Shop storage tanks"", ""Steel""]",info@strongseal.com,870-535-7617,[],1959,,STI-SPFA,2026-06-17 04:31:20,verified,verified,"{""company_name"": {""source"": ""STI-SPFA"", ""date"": ""2026-06-17""}, ""website_url"": {""source"": ""STI-SPFA"", ""date"": ""2026-06-17""}, ""headquarters_location"": {""source"": ""STI-SPFA"", ""date"": ""2026-06-17""}, ""primary_business_type"": {""source"": ""STI-SPFA"", ""date"": ""2026-06-17""}, ""contact_email"": {""source"": ""STI-SPFA"", ""date"": ""2026-06-17""}, ""contact_phone"": {""source"": ""STI-SPFA"", ""date"": ""2026-06-17""}, ""year_established"": {""source"": ""STI-SPFA"", ""date"": ""2026-06-17""}, ""certifications_held"": {""source"": ""STI-SPFA"", ""date"": ""2026-06-17""}, ""materials_handled"": {""source"": ""STI-SPFA"", ""date"": ""2026-06-17""}}"
234,More results may be available to logged in members. Login,,,,"[""STI/SPFA Member""]",Steel Tank / Pipe Fabricator,"[""Carbon Steel"", ""Steel""]",,,[],,,STI-SPFA,2026-06-17 05:14:54,incomplete,partial,"{""company_name"": {""source"": ""STI-SPFA"", ""date"": ""2026-06-17""}, ""primary_business_type"": {""source"": ""STI-SPFA"", ""date"": ""2026-06-17""}, ""certifications_held"": {""source"": ""STI-SPFA"", ""date"": ""2026-06-17""}, ""materials_handled"": {""source"": ""STI-SPFA"", ""date"": ""2026-06-17""}}"
434,"Spartan, Inc.'s website",http://spartaninc.net/,"Dubuque, IA",,"[""STI/SPFA Member""]",Steel Tank / Pipe Fabricator,"[""Carbon Steel"", ""Custom Fabrication"", ""Custom fabrication"", ""Field Erected Tanks"", ""Field erected tanks"", ""Fireguard Fuel Tanks"", ""GEN-TANKS"", ""Installation"", ""Maintenance"", ""Piping"", ""Piping Design"", ""Pressure Vessels"", ""Pressure vessels"", ""Repair"", ""Shop Storage Tanks"", ""Steel"", ""Storage tanks"", ""custom fabrication"", ""custom shop storage tanks"", ""field erected tanks"", ""installation"", ""maintenance"", ""piping"", ""piping design"", ""piping design and installation"", ""pressure vessels"", ""repair"", ""repair and maintenance"", ""shop storage tanks"", ""storage tanks""]",,6613271205,[],,,STI-SPFA,2026-06-17 05:03:32,verified,verified,"{""company_name"": {""source"": ""STI-SPFA"", ""date"": ""2026-06-17""}, ""website_url"": {""source"": ""STI-SPFA"", ""date"": ""2026-06-17""}, ""headquarters_location"": {""source"": ""STI-SPFA"", ""date"": ""2026-06-17""}, ""primary_business_type"": {""source"": ""STI-SPFA"", ""date"": ""2026-06-17""}, ""contact_phone"": {""source"": ""STI-SPFA"", ""date"": ""2026-06-17""}, ""year_established"": {""source"": ""STI-SPFA"", ""date"": ""2026-06-17""}, ""certifications_held"": {""source"": ""STI-SPFA"", ""date"": ""2026-06-17""}, ""materials_handled"": {""source"": ""STI-SPFA"", ""date"": ""2026-06-17""}}"
439,Morrison Bros. Co.'s website,https://www.morbros.com/,,,"[""EGSA"", ""STI/SPFA Member"", ""UL 2583"", ""Underwriters Labs""]",Steel Tank / Pipe Fabricator,"[""Carbon Steel"", ""Fuel"", ""Fuel storage components"", ""Oil"", ""Steel"", ""fuel storage components""]",,,[],2000,,STI-SPFA,2026-06-17 05:01:00,incomplete,partial,"{""company_name"": {""source"": ""STI-SPFA"", ""date"": ""2026-06-17""}, ""website_url"": {""source"": ""STI-SPFA"", ""date"": ""2026-06-17""}, ""primary_business_type"": {""source"": ""STI-SPFA"", ""date"": ""2026-06-17""}, ""year_established"": {""source"": ""STI-SPFA"", ""date"": ""2026-06-17""}, ""certifications_held"": {""source"": ""STI-SPFA"", ""date"": ""2026-06-17""}, ""materials_handled"": {""source"": ""STI-SPFA"", ""date"": ""2026-06-17""}}"
445,Garzo Inc dba Engine & Compressor Accessories's website,https://www.daytank.com/,"Charlotte, NC and Houston, TX","300,000","[""ASME"", ""ASME Code: Section VIII, Division 1"", ""EGSA"", ""LCA"", ""MTI"", ""STI/SPFA"", ""STI/SPFA Member"", ""TCC"", ""TEMA"", ""Underwriters Labs""]",Steel Tank / Pipe Fabricator,"[""Automatic Day Tanks"", ""Carbon Steel"", ""Economy Automatic Day Tanks"", ""Fuel"", ""Fuel Tanks"", ""Generator Base Tanks"", ""Meter Panels"", ""Secondary Containment Day Tanks"", ""Secondary Containment Tanks"", ""Steel"", ""automatic day tanks"", ""chemical"", ""economy automatic day tanks"", ""food/beverage"", ""fuel"", ""fuel tanks"", ""generator base tanks"", ""meter panels"", ""pharmaceutical"", ""power"", ""pulp/paper"", ""pure water"", ""refinery"", ""secondary containment (double wall) day tanks"", ""secondary containment day tanks"", ""secondary containment tanks"", ""slim day tanks"", ""water""]",,951-903-8002,[],2000,,STI-SPFA,2026-06-17 05:01:47,verified,verified,"{""company_name"": {""source"": ""STI-SPFA"", ""date"": ""2026-06-17""}, ""website_url"": {""source"": ""STI-SPFA"", ""date"": ""2026-06-17""}, ""headquarters_location"": {""source"": ""STI-SPFA"", ""date"": ""2026-06-17""}, ""facility_size_sqft"": {""source"": ""STI-SPFA"", ""date"": ""2026-06-17""}, ""primary_business_type"": {""source"": ""STI-SPFA"", ""date"": ""2026-06-17""}, ""contact_phone"": {""source"": ""STI-SPFA"", ""date"": ""2026-06-17""}, ""year_established"": {""source"": ""STI-SPFA"", ""date"": ""2026-06-17""}, ""certifications_held"": {""source"": ""STI-SPFA"", ""date"": ""2026-06-17""}, ""materials_handled"": {""source"": ""STI-SPFA"", ""date"": ""2026-06-17""}}"
449,"Long Industries, Inc.'s website",https://longindustries.us/,"105 FCR 413, Buffalo, Texas 75831","300,000 sq ft","[""STI/SPFA Member""]",Steel Tank / Pipe Fabricator,"[""Carbon Steel"", ""Steel""]",,+19033893263,[],,,STI-SPFA,2026-06-17 04:32:50,verified,verified,"{""company_name"": {""source"": ""STI-SPFA"", ""date"": ""2026-06-17""}, ""website_url"": {""source"": ""STI-SPFA"", ""date"": ""2026-06-17""}, ""headquarters_location"": {""source"": ""STI-SPFA"", ""date"": ""2026-06-17""}, ""facility_size_sqft"": {""source"": ""STI-SPFA"", ""date"": ""2026-06-17""}, ""primary_business_type"": {""source"": ""STI-SPFA"", ""date"": ""2026-06-17""}, ""contact_phone"": {""source"": ""STI-SPFA"", ""date"": ""2026-06-17""}, ""certifications_held"": {""source"": ""STI-SPFA"", ""date"": ""2026-06-17""}, ""materials_handled"": {""source"": ""STI-SPFA"", ""date"": ""2026-06-17""}}"
451,Tank Solutions (Lesweek Pty Ltd.) Fibre's website,https://www.tanksolutions.com.au/,"Charlotte, NC",,"[""Authorization to Apply the UL Mark"", ""Employee Certificate working on Fuel Sites"", ""ISO Accreditation"", ""Membership Australian Industry Group"", ""Membership PEI 2018"", ""Membership STI Fireguard"", ""Membership STI Steel Tanks"", ""STI/SPFA Member""]",Steel Tank / Pipe Fabricator,"[""Carbon Steel"", ""Chemical"", ""FRP"", ""Fiberglass"", ""Fuel"", ""Steel"", ""Waste"", ""Water""]",,,[],,,STI-SPFA,2026-06-17 04:32:50,verified,verified,"{""company_name"": {""source"": ""STI-SPFA"", ""date"": ""2026-06-17""}, ""website_url"": {""source"": ""STI-SPFA"", ""date"": ""2026-06-17""}, ""headquarters_location"": {""source"": ""STI-SPFA"", ""date"": ""2026-06-17""}, ""primary_business_type"": {""source"": ""STI-SPFA"", ""date"": ""2026-06-17""}, ""year_established"": {""source"": ""STI-SPFA"", ""date"": ""2026-06-17""}, ""certifications_held"": {""source"": ""STI-SPFA"", ""date"": ""2026-06-17""}, ""materials_handled"": {""source"": ""STI-SPFA"", ""date"": ""2026-06-17""}}"
454,Ward Vessel & Exchanger Corp. (Charlotte)'s website,https://www.wardvesselandexchanger.com/,"Columbia, SC",,"[""ASME"", ""ASME (American Society of Mechanical Engineers)"", ""ASME Code"", ""ASME Code Section VIII, Division 1"", ""ASME Code: Section VIII, Division 1"", ""American Society of Mechanical Engineers (ASME)"", ""LCA"", ""LCA (Louisiana Chemical Association)"", ""Louisiana Chemical Association (LCA)"", ""MTI"", ""MTI (Materials Technology Institute)"", ""Materials Technology Institute (MTI)"", ""STI/SPFA"", ""STI/SPFA (Steel Tank Institute/Steel Plate Fabricators Association)"", ""STI/SPFA Member"", ""Steel Tank Institute/Steel Plate Fabricators Association (STI/SPFA)"", ""TCC"", ""TCC (Texas Chemical Council)"", ""TEMA"", ""TEMA (Tubular Exchanger Manufacturers Association)"", ""Texas Chemical Council (TCC)"", ""Tubular Exchanger Manufacturers Association (TEMA)""]",Steel Tank / Pipe Fabricator,"[""Carbon Steel"", ""Chemical"", ""Food/Beverage"", ""Pharmaceutical"", ""Power"", ""Pressure vessels"", ""Pulp/Paper"", ""Pure Water"", ""Refinery"", ""Shell and tube heat exchangers"", ""Steel"", ""chemical"", ""food/beverage"", ""food/beverage industry"", ""pharmaceutical"", ""pharmaceutical industry"", ""power"", ""power industry"", ""process equipment for the chemical industry"", ""pulp/paper"", ""pulp/paper industry"", ""pure water"", ""pure water industry"", ""refinery"", ""refinery industry""]",,205-345-5335,"[""Mike Pischke""]",,,STI-SPFA,2026-06-17 05:10:02,verified,verified,"{""company_name"": {""source"": ""STI-SPFA"", ""date"": ""2026-06-17""}, ""website_url"": {""source"": ""STI-SPFA"", ""date"": ""2026-06-17""}, ""headquarters_location"": {""source"": ""STI-SPFA"", ""date"": ""2026-06-17""}, ""primary_business_type"": {""source"": ""STI-SPFA"", ""date"": ""2026-06-17""}, ""contact_phone"": {""source"": ""STI-SPFA"", ""date"": ""2026-06-17""}, ""certifications_held"": {""source"": ""STI-SPFA"", ""date"": ""2026-06-17""}, ""materials_handled"": {""source"": ""STI-SPFA"", ""date"": ""2026-06-17""}, ""key_personnel"": {""source"": ""STI-SPFA"", ""date"": ""2026-06-17""}}"
458,"American Spiralweld Pipe Company, LLC (Columbia)'s website",https://www.american-usa.com/products/spiral-welded-steel-pipe,United States,,"[""ASTM A1097"", ""ASTM A139"", ""ASTM A252"", ""AWWA C200"", ""STI/SPFA Member""]",Steel Tank / Pipe Fabricator,"[""Carbon Steel"", ""Steel"", ""Steel pipe""]",Not provided,913-645-9140,[],,,STI-SPFA,2026-06-17 04:31:16,verified,verified,"{""company_name"": {""source"": ""STI-SPFA"", ""date"": ""2026-06-17""}, ""website_url"": {""source"": ""STI-SPFA"", ""date"": ""2026-06-17""}, ""headquarters_location"": {""source"": ""STI-SPFA"", ""date"": ""2026-06-17""}, ""facility_size_sqft"": {""source"": ""STI-SPFA"", ""date"": ""2026-06-17""}, ""primary_business_type"": {""source"": ""STI-SPFA"", ""date"": ""2026-06-17""}, ""contact_email"": {""source"": ""STI-SPFA"", ""date"": ""2026-06-17""}, ""contact_phone"": {""source"": ""STI-SPFA"", ""date"": ""2026-06-17""}, ""year_established"": {""source"": ""STI-SPFA"", ""date"": ""2026-06-17""}, ""certifications_held"": {""source"": ""STI-SPFA"", ""date"": ""2026-06-17""}, ""materials_handled"": {""source"": ""STI-SPFA"", ""date"": ""2026-06-17""}}"
465,Southern Heat Exchanger's website,https://www.sheco.com/,,,"[""STI/SPFA Member""]",Steel Tank / Pipe Fabricator,"[""Carbon Steel"", ""Steel""]",,209-622-7839,[],2026,,STI-SPFA,2026-06-17 04:52:04,incomplete,partial,"{""company_name"": {""source"": ""STI-SPFA"", ""date"": ""2026-06-17""}, ""website_url"": {""source"": ""STI-SPFA"", ""date"": ""2026-06-17""}, ""primary_business_type"": {""source"": ""STI-SPFA"", ""date"": ""2026-06-17""}, ""contact_phone"": {""source"": ""STI-SPFA"", ""date"": ""2026-06-17""}, ""year_established"": {""source"": ""STI-SPFA"", ""date"": ""2026-06-17""}, ""certifications_held"": {""source"": ""STI-SPFA"", ""date"": ""2026-06-17""}, ""materials_handled"": {""source"": ""STI-SPFA"", ""date"": ""2026-06-17""}}"
469,Samuel Pressure Vessel Group's website,http://www.samuelpressurevesselgroup.com/,"Sioux Falls, SD",,"[""STI/SPFA Member""]",Steel Tank / Pipe Fabricator,"[""Aluminum"", ""Carbon Steel"", ""Steel""]",Not provided,17157804614,[],1855,,STI-SPFA,2026-06-17 04:31:16,verified,verified,"{""company_name"": {""source"": ""STI-SPFA"", ""date"": ""2026-06-17""}, ""website_url"": {""source"": ""STI-SPFA"", ""date"": ""2026-06-17""}, ""headquarters_location"": {""source"": ""STI-SPFA"", ""date"": ""2026-06-17""}, ""facility_size_sqft"": {""source"": ""STI-SPFA"", ""date"": ""2026-06-17""}, ""primary_business_type"": {""source"": ""STI-SPFA"", ""date"": ""2026-06-17""}, ""contact_email"": {""source"": ""STI-SPFA"", ""date"": ""2026-06-17""}, ""contact_phone"": {""source"": ""STI-SPFA"", ""date"": ""2026-06-17""}, ""year_established"": {""source"": ""STI-SPFA"", ""date"": ""2026-06-17""}, ""certifications_held"": {""source"": ""STI-SPFA"", ""date"": ""2026-06-17""}, ""materials_handled"": {""source"": ""STI-SPFA"", ""date"": ""2026-06-17""}}"
471,Maguire's website,https://maguirewater.com/,"Pine Bluff, AR",,"[""STI/SPFA Member""]",Steel Tank / Pipe Fabricator,"[""Carbon Steel"", ""Conveyor Belts"", ""Steel"", ""Steel Cord Belts"", ""Textile Belts""]",,,[],,,STI-SPFA,2026-06-17 04:42:27,verified,verified,"{""company_name"": {""source"": ""STI-SPFA"", ""date"": ""2026-06-17""}, ""website_url"": {""source"": ""STI-SPFA"", ""date"": ""2026-06-17""}, ""headquarters_location"": {""source"": ""STI-SPFA"", ""date"": ""2026-06-17""}, ""facility_size_sqft"": {""source"": ""STI-SPFA"", ""date"": ""2026-06-17""}, ""primary_business_type"": {""source"": ""STI-SPFA"", ""date"": ""2026-06-17""}, ""contact_email"": {""source"": ""STI-SPFA"", ""date"": ""2026-06-17""}, ""contact_phone"": {""source"": ""STI-SPFA"", ""date"": ""2026-06-17""}, ""year_established"": {""source"": ""STI-SPFA"", ""date"": ""2026-06-17""}, ""certifications_held"": {""source"": ""STI-SPFA"", ""date"": ""2026-06-17""}, ""materials_handled"": {""source"": ""STI-SPFA"", ""date"": ""2026-06-17""}}"
474,Login to ASME CA Connect Company Portal,https://signin.asme.org/idp/login?app=0sp4x000000k9j2&RelayState=https%3A%2F%2Fcaconnect.asme.org&expid=caconnect,"Vadodara, India",,"[""ASME Certified""]",Pressure Equipment Manufacturer,[],ca@asme.org,16505737320,[],,,ASME-CACONNECT,2026-06-17 05:11:21,incomplete,partial,"{""company_name"": {""source"": ""ASME-CACONNECT"", ""date"": ""2026-06-17""}, ""website_url"": {""source"": ""ASME-CACONNECT"", ""date"": ""2026-06-17""}, ""primary_business_type"": {""source"": ""ASME-CACONNECT"", ""date"": ""2026-06-17""}, ""certifications_held"": {""source"": ""ASME-CACONNECT"", ""date"": ""2026-06-17""}}"
611,NSK Corporation,https://www.nsk.com/products/bearing-units/ball-bearing-units/,"Goss Road Ann Arbor, MI",,"[""CEMA Member""]",Conveyor Equipment Manufacturer,[],fabiana.maggico@nsk.com,17234966657,[],,,CEMA wp-json,2026-06-17 05:14:18,verified,verified,"{""company_name"": {""source"": ""CEMA wp-json"", ""date"": ""2026-06-17""}, ""website_url"": {""source"": ""CEMA wp-json"", ""date"": ""2026-06-17""}, ""headquarters_location"": {""source"": ""CEMA wp-json"", ""date"": ""2026-06-17""}, ""primary_business_type"": {""source"": ""CEMA wp-json"", ""date"": ""2026-06-17""}, ""contact_email"": {""source"": ""CEMA wp-json"", ""date"": ""2026-06-17""}, ""contact_phone"": {""source"": ""CEMA wp-json"", ""date"": ""2026-06-17""}, ""certifications_held"": {""source"": ""CEMA wp-json"", ""date"": ""2026-06-17""}}"
612,OMCO SUMO,https://omcosumo.com/solutions/bearings/,"Armour Road Oconomowoc, WI",,"[""CEMA Member""]",Conveyor Equipment Manufacturer,[],info@omcosumo.com,17223658872,[],,,CEMA wp-json,2026-06-17 05:14:18,verified,verified,"{""company_name"": {""source"": ""CEMA wp-json"", ""date"": ""2026-06-17""}, ""website_url"": {""source"": ""CEMA wp-json"", ""date"": ""2026-06-17""}, ""headquarters_location"": {""source"": ""CEMA wp-json"", ""date"": ""2026-06-17""}, ""primary_business_type"": {""source"": ""CEMA wp-json"", ""date"": ""2026-06-17""}, ""contact_email"": {""source"": ""CEMA wp-json"", ""date"": ""2026-06-17""}, ""contact_phone"": {""source"": ""CEMA wp-json"", ""date"": ""2026-06-17""}, ""certifications_held"": {""source"": ""CEMA wp-json"", ""date"": ""2026-06-17""}}"
613,"STASSKOL, Inc",https://www.stasskol.de/en/mixer-seals-sdf-series/,"East Summitry Circle Katy, TX",,"[""CEMA Member""]",Conveyor Equipment Manufacturer,[],info@stasskol.de,17163256163,[],,,CEMA wp-json,2026-06-17 05:14:18,verified,verified,"{""company_name"": {""source"": ""CEMA wp-json"", ""date"": ""2026-06-17""}, ""website_url"": {""source"": ""CEMA wp-json"", ""date"": ""2026-06-17""}, ""headquarters_location"": {""source"": ""CEMA wp-json"", ""date"": ""2026-06-17""}, ""primary_business_type"": {""source"": ""CEMA wp-json"", ""date"": ""2026-06-17""}, ""contact_phone"": {""source"": ""CEMA wp-json"", ""date"": ""2026-06-17""}, ""certifications_held"": {""source"": ""CEMA wp-json"", ""date"": ""2026-06-17""}}"
614,CinchSeal Rotary Shaft Seals,https://cinchseal.com/product/airless-rotary-face-seal/,"Cherry Hill, NJ",,"[""CEMA Member""]",Conveyor Equipment Manufacturer,[],,17138213501,[],,,CEMA wp-json,2026-06-17 05:14:18,verified,verified,"{""company_name"": {""source"": ""CEMA wp-json"", ""date"": ""2026-06-17""}, ""website_url"": {""source"": ""CEMA wp-json"", ""date"": ""2026-06-17""}, ""headquarters_location"": {""source"": ""CEMA wp-json"", ""date"": ""2026-06-17""}, ""primary_business_type"": {""source"": ""CEMA wp-json"", ""date"": ""2026-06-17""}, ""contact_phone"": {""source"": ""CEMA wp-json"", ""date"": ""2026-06-17""}, ""certifications_held"": {""source"": ""CEMA wp-json"", ""date"": ""2026-06-17""}}"
615,Russell Conveyor and Equipment,https://www.russellconveyor.com/,"Elkin, NC",,"[""CEMA Member""]",Conveyor Equipment Manufacturer,[],edrussell@russellconveyor.com,336-526-3014,[],,,CEMA wp-json,2026-06-17 05:14:18,verified,verified,"{""company_name"": {""source"": ""CEMA wp-json"", ""date"": ""2026-06-17""}, ""website_url"": {""source"": ""CEMA wp-json"", ""date"": ""2026-06-17""}, ""headquarters_location"": {""source"": ""CEMA wp-json"", ""date"": ""2026-06-17""}, ""primary_business_type"": {""source"": ""CEMA wp-json"", ""date"": ""2026-06-17""}, ""contact_email"": {""source"": ""CEMA wp-json"", ""date"": ""2026-06-17""}, ""contact_phone"": {""source"": ""CEMA wp-json"", ""date"": ""2026-06-17""}, ""certifications_held"": {""source"": ""CEMA wp-json"", ""date"": ""2026-06-17""}}"
616,SemperTrans,https://conveyor-belts.semperitgroup.com/,,,"[""CEMA Member""]",Conveyor Equipment Manufacturer,[],,9842273171,[],,,CEMA wp-json,2026-06-17 05:14:18,incomplete,partial,"{""company_name"": {""source"": ""CEMA wp-json"", ""date"": ""2026-06-17""}, ""website_url"": {""source"": ""CEMA wp-json"", ""date"": ""2026-06-17""}, ""primary_business_type"": {""source"": ""CEMA wp-json"", ""date"": ""2026-06-17""}, ""certifications_held"": {""source"": ""CEMA wp-json"", ""date"": ""2026-06-17""}}"
617,Proposed Template Profile Page,https://www.materialhandlingtech.com/solutions/conveyor-sortation-systems/,"Drive Morrisville, NC",,"[""CEMA Member""]",Conveyor Equipment Manufacturer,[],,17138859821,[],,,CEMA wp-json,2026-06-17 05:14:18,verified,verified,"{""company_name"": {""source"": ""CEMA wp-json"", ""date"": ""2026-06-17""}, ""website_url"": {""source"": ""CEMA wp-json"", ""date"": ""2026-06-17""}, ""headquarters_location"": {""source"": ""CEMA wp-json"", ""date"": ""2026-06-17""}, ""primary_business_type"": {""source"": ""CEMA wp-json"", ""date"": ""2026-06-17""}, ""contact_phone"": {""source"": ""CEMA wp-json"", ""date"": ""2026-06-17""}, ""certifications_held"": {""source"": ""CEMA wp-json"", ""date"": ""2026-06-17""}}"
618,Safari Belting Systems,https://www.safaribelting.com/,"Olathe, KS",,"[""CEMA Member""]",Conveyor Equipment Manufacturer,"[""Plastic""]",info@safaribelting.com,(888) 662-6611,[],2005,,CEMA wp-json,2026-06-17 05:14:18,verified,verified,"{""company_name"": {""source"": ""CEMA wp-json"", ""date"": ""2026-06-17""}, ""website_url"": {""source"": ""CEMA wp-json"", ""date"": ""2026-06-17""}, ""headquarters_location"": {""source"": ""CEMA wp-json"", ""date"": ""2026-06-17""}, ""primary_business_type"": {""source"": ""CEMA wp-json"", ""date"": ""2026-06-17""}, ""certifications_held"": {""source"": ""CEMA wp-json"", ""date"": ""2026-06-17""}, ""materials_handled"": {""source"": ""CEMA wp-json"", ""date"": ""2026-06-17""}}"
619,Siemens Industry,https://new.siemens.com/global/en/markets/intralogistics.html,Germany,,"[""CEMA Member""]",Conveyor Equipment Manufacturer,[],,3789346655,[],,,CEMA wp-json,2026-06-17 05:14:18,incomplete,partial,"{""company_name"": {""source"": ""CEMA wp-json"", ""date"": ""2026-06-17""}, ""website_url"": {""source"": ""CEMA wp-json"", ""date"": ""2026-06-17""}, ""primary_business_type"": {""source"": ""CEMA wp-json"", ""date"": ""2026-06-17""}, ""certifications_held"": {""source"": ""CEMA wp-json"", ""date"": ""2026-06-17""}}"
620,Fortna,http://https://www.fortna.com/,"1725 Vortex Ave, Salina, KS 67401",,"[""CEMA Member""]",Conveyor Equipment Manufacturer,[],vortex@vortexglobal.com,+1 888.829.7821,[],,,CEMA wp-json,2026-06-17 05:14:18,incomplete,partial,"{""company_name"": {""source"": ""CEMA wp-json"", ""date"": ""2026-06-17""}, ""website_url"": {""source"": ""CEMA wp-json"", ""date"": ""2026-06-17""}, ""primary_business_type"": {""source"": ""CEMA wp-json"", ""date"": ""2026-06-17""}, ""certifications_held"": {""source"": ""CEMA wp-json"", ""date"": ""2026-06-17""}}"
621,Salina Vortex Corporation,http://www.vortexglobal.com,"Salina, KS",,"[""CEMA Member""]",Conveyor Equipment Manufacturer,[],vortex@vortexglobal.com,8888297821,[],,,CEMA wp-json,2026-06-17 05:14:18,incomplete,partial,"{""company_name"": {""source"": ""CEMA wp-json"", ""date"": ""2026-06-17""}, ""website_url"": {""source"": ""CEMA wp-json"", ""date"": ""2026-06-17""}, ""primary_business_type"": {""source"": ""CEMA wp-json"", ""date"": ""2026-06-17""}, ""certifications_held"": {""source"": ""CEMA wp-json"", ""date"": ""2026-06-17""}}"
622,DISMET SAS,https://www.dismet.com/rodilleria-y-componentes-para-banda-transportadora/,,,"[""CEMA Member""]",Conveyor Equipment Manufacturer,[],info@takraf.com,,[],2013,,CEMA wp-json,2026-06-17 05:14:18,incomplete,partial,"{""company_name"": {""source"": ""CEMA wp-json"", ""date"": ""2026-06-17""}, ""website_url"": {""source"": ""CEMA wp-json"", ""date"": ""2026-06-17""}, ""primary_business_type"": {""source"": ""CEMA wp-json"", ""date"": ""2026-06-17""}, ""certifications_held"": {""source"": ""CEMA wp-json"", ""date"": ""2026-06-17""}}"
623,FAST Global Solutions,https://fastsolutions.com/conveyors/,"Salt Lake City, UT 84104",,"[""CEMA Member""]",Conveyor Equipment Manufacturer,[],OEMSales@cambelt.com,(801) 972-5511,[],2013,,CEMA wp-json,2026-06-17 05:14:18,incomplete,partial,"{""company_name"": {""source"": ""CEMA wp-json"", ""date"": ""2026-06-17""}, ""website_url"": {""source"": ""CEMA wp-json"", ""date"": ""2026-06-17""}, ""primary_business_type"": {""source"": ""CEMA wp-json"", ""date"": ""2026-06-17""}, ""certifications_held"": {""source"": ""CEMA wp-json"", ""date"": ""2026-06-17""}}"
624,Cambelt International LLC,https://cambelt.com/,"Salt Lake City, UT",,"[""CEMA Member""]",Conveyor Equipment Manufacturer,[],oemsales@cambelt.com,(801) 972-5511,[],1960,,CEMA wp-json,2026-06-17 05:14:18,incomplete,partial,"{""company_name"": {""source"": ""CEMA wp-json"", ""date"": ""2026-06-17""}, ""website_url"": {""source"": ""CEMA wp-json"", ""date"": ""2026-06-17""}, ""primary_business_type"": {""source"": ""CEMA wp-json"", ""date"": ""2026-06-17""}, ""certifications_held"": {""source"": ""CEMA wp-json"", ""date"": ""2026-06-17""}}"
625,"Overland Conveyor Company, Inc",,,,"[""CEMA Member""]",Conveyor Equipment Manufacturer,[],,,[],,,CEMA wp-json,2026-06-17 05:14:18,incomplete,partial,"{""company_name"": {""source"": ""CEMA wp-json"", ""date"": ""2026-06-17""}, ""primary_business_type"": {""source"": ""CEMA wp-json"", ""date"": ""2026-06-17""}, ""certifications_held"": {""source"": ""CEMA wp-json"", ""date"": ""2026-06-17""}}"
626,"Smith Monroe Gray Engineers, Inc",http://www.smgengr.com,"Salt Lake City, Utah",,"[""CEMA Member""]",Conveyor Equipment Manufacturer,"[""Plastic""]",info@takraf.com,140714-1700,[],,,CEMA wp-json,2026-06-17 05:14:18,incomplete,partial,"{""company_name"": {""source"": ""CEMA wp-json"", ""date"": ""2026-06-17""}, ""website_url"": {""source"": ""CEMA wp-json"", ""date"": ""2026-06-17""}, ""primary_business_type"": {""source"": ""CEMA wp-json"", ""date"": ""2026-06-17""}, ""certifications_held"": {""source"": ""CEMA wp-json"", ""date"": ""2026-06-17""}, ""materials_handled"": {""source"": ""CEMA wp-json"", ""date"": ""2026-06-17""}}"
627,RegalRexnord,,,,"[""CEMA Member""]",Conveyor Equipment Manufacturer,[],,,[],,,CEMA wp-json,2026-06-17 05:14:18,incomplete,partial,"{""company_name"": {""source"": ""CEMA wp-json"", ""date"": ""2026-06-17""}, ""primary_business_type"": {""source"": ""CEMA wp-json"", ""date"": ""2026-06-17""}, ""certifications_held"": {""source"": ""CEMA wp-json"", ""date"": ""2026-06-17""}}"
628,"TAKRAF USA, INC",http://www.TAKRAF.com,"Bakersfield, CA 93301",,"[""CEMA Member""]",Conveyor Equipment Manufacturer,[],info@takraf.com,661.327.1205,[],,,CEMA wp-json,2026-06-17 05:14:18,incomplete,partial,"{""company_name"": {""source"": ""CEMA wp-json"", ""date"": ""2026-06-17""}, ""website_url"": {""source"": ""CEMA wp-json"", ""date"": ""2026-06-17""}, ""primary_business_type"": {""source"": ""CEMA wp-json"", ""date"": ""2026-06-17""}, ""certifications_held"": {""source"": ""CEMA wp-json"", ""date"": ""2026-06-17""}}"
629,Terra Source Global,https://terrasource.com/equipment/pneumatic-conveying-systems-by-jeffrey-rader-brand/,"Salt Lake City, Utah",,"[""CEMA Member""]",Conveyor Equipment Manufacturer,[],admin@ingeniumdesign.us,8014137672,[],2026,,CEMA wp-json,2026-06-17 05:14:18,incomplete,partial,"{""company_name"": {""source"": ""CEMA wp-json"", ""date"": ""2026-06-17""}, ""website_url"": {""source"": ""CEMA wp-json"", ""date"": ""2026-06-17""}, ""primary_business_type"": {""source"": ""CEMA wp-json"", ""date"": ""2026-06-17""}, ""certifications_held"": {""source"": ""CEMA wp-json"", ""date"": ""2026-06-17""}}"
630,"Ingenium Design, LLC",http://www.ingeniumdesign.us,"Salt Lake City, Utah",,"[""CEMA Member""]",Conveyor Equipment Manufacturer,[],admin@ingeniumdesign.us,8014137672,[],2000,,CEMA wp-json,2026-06-17 05:14:18,incomplete,partial,"{""company_name"": {""source"": ""CEMA wp-json"", ""date"": ""2026-06-17""}, ""website_url"": {""source"": ""CEMA wp-json"", ""date"": ""2026-06-17""}, ""primary_business_type"": {""source"": ""CEMA wp-json"", ""date"": ""2026-06-17""}, ""certifications_held"": {""source"": ""CEMA wp-json"", ""date"": ""2026-06-17""}}"
631,Hatch Ltd,http://www.pneucalc.com,,,"[""CEMA Member""]",Conveyor Equipment Manufacturer,[],info@pneucalc.com,,[],,,CEMA wp-json,2026-06-17 05:14:18,incomplete,partial,"{""company_name"": {""source"": ""CEMA wp-json"", ""date"": ""2026-06-17""}, ""website_url"": {""source"": ""CEMA wp-json"", ""date"": ""2026-06-17""}, ""primary_business_type"": {""source"": ""CEMA wp-json"", ""date"": ""2026-06-17""}, ""certifications_held"": {""source"": ""CEMA wp-json"", ""date"": ""2026-06-17""}}"
632,"Dos Santos International, LLC",https://dossantosintl.com/excontec-expanded-conveyor-technology/,Not provided,Not provided,"[""CEMA Member""]",Conveyor Equipment Manufacturer,[],Not provided,Not provided,[],,,CEMA wp-json,2026-06-17 05:14:18,incomplete,partial,"{""company_name"": {""source"": ""CEMA wp-json"", ""date"": ""2026-06-17""}, ""website_url"": {""source"": ""CEMA wp-json"", ""date"": ""2026-06-17""}, ""primary_business_type"": {""source"": ""CEMA wp-json"", ""date"": ""2026-06-17""}, ""certifications_held"": {""source"": ""CEMA wp-json"", ""date"": ""2026-06-17""}}"
633,Power Tech de Mexico,,,,"[""CEMA Member""]",Conveyor Equipment Manufacturer,[],,,[],,,CEMA wp-json,2026-06-17 05:14:18,incomplete,partial,"{""company_name"": {""source"": ""CEMA wp-json"", ""date"": ""2026-06-17""}, ""primary_business_type"": {""source"": ""CEMA wp-json"", ""date"": ""2026-06-17""}, ""certifications_held"": {""source"": ""CEMA wp-json"", ""date"": ""2026-06-17""}}"
634,Screw Conveyor Parts,http://www.screwconveyorparts.com,,,"[""CEMA Member""]",Conveyor Equipment Manufacturer,[],info@cisco-eagle.com,17474125164,[],1999,,CEMA wp-json,2026-06-17 05:14:18,incomplete,partial,"{""company_name"": {""source"": ""CEMA wp-json"", ""date"": ""2026-06-17""}, ""website_url"": {""source"": ""CEMA wp-json"", ""date"": ""2026-06-17""}, ""primary_business_type"": {""source"": ""CEMA wp-json"", ""date"": ""2026-06-17""}, ""certifications_held"": {""source"": ""CEMA wp-json"", ""date"": ""2026-06-17""}}"
635,Lassing Dibben Consulting Engineers Ltd,https://www.lassingdibben.com/services/,"Princeton, WV",,"[""CEMA Member""]",Conveyor Equipment Manufacturer,[],,304-716-9160,[],,,CEMA wp-json,2026-06-17 05:14:18,incomplete,partial,"{""company_name"": {""source"": ""CEMA wp-json"", ""date"": ""2026-06-17""}, ""website_url"": {""source"": ""CEMA wp-json"", ""date"": ""2026-06-17""}, ""primary_business_type"": {""source"": ""CEMA wp-json"", ""date"": ""2026-06-17""}, ""certifications_held"": {""source"": ""CEMA wp-json"", ""date"": ""2026-06-17""}}"
636,R.E. Wedding Associates Consulting Engineers,https://www.rewassociates.com/,"Port Moody and Whistler, BC",,"[""CEMA Member""]",Conveyor Equipment Manufacturer,[],rwedding@rewassociates.com,604-505-5940,[],1976,,CEMA wp-json,2026-06-17 05:14:18,incomplete,partial,"{""company_name"": {""source"": ""CEMA wp-json"", ""date"": ""2026-06-17""}, ""website_url"": {""source"": ""CEMA wp-json"", ""date"": ""2026-06-17""}, ""primary_business_type"": {""source"": ""CEMA wp-json"", ""date"": ""2026-06-17""}, ""certifications_held"": {""source"": ""CEMA wp-json"", ""date"": ""2026-06-17""}}"
637,Raw Resources Group,https://rawresourcesgroup.com/,"Proudly Located in Princeton, WV",,"[""CEMA Member""]",Conveyor Equipment Manufacturer,[],info@cisco-eagle.com,304-716-9160,[],1999,,CEMA wp-json,2026-06-17 05:14:18,incomplete,partial,"{""company_name"": {""source"": ""CEMA wp-json"", ""date"": ""2026-06-17""}, ""website_url"": {""source"": ""CEMA wp-json"", ""date"": ""2026-06-17""}, ""primary_business_type"": {""source"": ""CEMA wp-json"", ""date"": ""2026-06-17""}, ""certifications_held"": {""source"": ""CEMA wp-json"", ""date"": ""2026-06-17""}}"
638,"RToddS Engineering, LLC",http://www.rtodds-eng.com,,,"[""CEMA Member""]",Conveyor Equipment Manufacturer,[],mailto:info@cisco-eagle.com,1-866-443-5648,[],1999,,CEMA wp-json,2026-06-17 05:14:18,incomplete,partial,"{""company_name"": {""source"": ""CEMA wp-json"", ""date"": ""2026-06-17""}, ""website_url"": {""source"": ""CEMA wp-json"", ""date"": ""2026-06-17""}, ""primary_business_type"": {""source"": ""CEMA wp-json"", ""date"": ""2026-06-17""}, ""certifications_held"": {""source"": ""CEMA wp-json"", ""date"": ""2026-06-17""}}"
639,"Conveyor Dynamics, Inc",https://www.cvdyn.com/overland-conveyor-design/,"5120 Westinghouse Blvd, Charlotte, NC 28273",,"[""CEMA Member""]",Conveyor Equipment Manufacturer,[],mega@jmsequipment.com,(704) 554-8397,[],1962,,CEMA wp-json,2026-06-17 05:14:18,incomplete,partial,"{""company_name"": {""source"": ""CEMA wp-json"", ""date"": ""2026-06-17""}, ""website_url"": {""source"": ""CEMA wp-json"", ""date"": ""2026-06-17""}, ""primary_business_type"": {""source"": ""CEMA wp-json"", ""date"": ""2026-06-17""}, ""certifications_held"": {""source"": ""CEMA wp-json"", ""date"": ""2026-06-17""}}"
640,"Jim Myers & Sons, Inc",http://www.jmsequipment.com,"Charlotte, NC","72,000 sq ft","[""CEMA Member""]",Conveyor Equipment Manufacturer,[],mega@jmsequipment.com,(704) 554-8397,[],1962,,CEMA wp-json,2026-06-17 05:14:18,incomplete,partial,"{""company_name"": {""source"": ""CEMA wp-json"", ""date"": ""2026-06-17""}, ""website_url"": {""source"": ""CEMA wp-json"", ""date"": ""2026-06-17""}, ""facility_size_sqft"": {""source"": ""CEMA wp-json"", ""date"": ""2026-06-17""}, ""primary_business_type"": {""source"": ""CEMA wp-json"", ""date"": ""2026-06-17""}, ""certifications_held"": {""source"": ""CEMA wp-json"", ""date"": ""2026-06-17""}}"
641,Beumer Corporation,https://www.beumergroup.com/pd/conveyors-technology/apron-conveyors/,,,"[""CEMA Member""]",Conveyor Equipment Manufacturer,[],info@cisco-eagle.com,+49 (2521) 24 3150,[],1999,,CEMA wp-json,2026-06-17 05:14:18,incomplete,partial,"{""company_name"": {""source"": ""CEMA wp-json"", ""date"": ""2026-06-17""}, ""website_url"": {""source"": ""CEMA wp-json"", ""date"": ""2026-06-17""}, ""primary_business_type"": {""source"": ""CEMA wp-json"", ""date"": ""2026-06-17""}, ""certifications_held"": {""source"": ""CEMA wp-json"", ""date"": ""2026-06-17""}}"
642,Cisco-Eagle,https://www.cisco-eagle.com/vector/170/conveyor-systems,,,"[""CEMA Member""]",Conveyor Equipment Manufacturer,[],info@cisco-eagle.com,1-866-443-5648,[],1999,,CEMA wp-json,2026-06-17 05:14:18,incomplete,partial,"{""company_name"": {""source"": ""CEMA wp-json"", ""date"": ""2026-06-17""}, ""website_url"": {""source"": ""CEMA wp-json"", ""date"": ""2026-06-17""}, ""primary_business_type"": {""source"": ""CEMA wp-json"", ""date"": ""2026-06-17""}, ""certifications_held"": {""source"": ""CEMA wp-json"", ""date"": ""2026-06-17""}}"
643,BeltService Corporation,,,,"[""CEMA Member""]",Conveyor Equipment Manufacturer,"[""Plastic""]",,,[],,,CEMA wp-json,2026-06-17 05:14:18,incomplete,partial,"{""company_name"": {""source"": ""CEMA wp-json"", ""date"": ""2026-06-17""}, ""primary_business_type"": {""source"": ""CEMA wp-json"", ""date"": ""2026-06-17""}, ""certifications_held"": {""source"": ""CEMA wp-json"", ""date"": ""2026-06-17""}, ""materials_handled"": {""source"": ""CEMA wp-json"", ""date"": ""2026-06-17""}}"
644,Automation Controls Group,,,,"[""CEMA Member""]",Conveyor Equipment Manufacturer,[],,,[],,,CEMA wp-json,2026-06-17 05:14:18,incomplete,partial,"{""company_name"": {""source"": ""CEMA wp-json"", ""date"": ""2026-06-17""}, ""primary_business_type"": {""source"": ""CEMA wp-json"", ""date"": ""2026-06-17""}, ""certifications_held"": {""source"": ""CEMA wp-json"", ""date"": ""2026-06-17""}}"
645,Gates Corporation,,,,"[""CEMA Member""]",Conveyor Equipment Manufacturer,[],,,[],,,CEMA wp-json,2026-06-17 05:14:18,incomplete,partial,"{""company_name"": {""source"": ""CEMA wp-json"", ""date"": ""2026-06-17""}, ""primary_business_type"": {""source"": ""CEMA wp-json"", ""date"": ""2026-06-17""}, ""certifications_held"": {""source"": ""CEMA wp-json"", ""date"": ""2026-06-17""}}"
646,REMA Tip Top,,,,"[""CEMA Member""]",Conveyor Equipment Manufacturer,[],,,[],,,CEMA wp-json,2026-06-17 05:14:18,incomplete,partial,"{""company_name"": {""source"": ""CEMA wp-json"", ""date"": ""2026-06-17""}, ""primary_business_type"": {""source"": ""CEMA wp-json"", ""date"": ""2026-06-17""}, ""certifications_held"": {""source"": ""CEMA wp-json"", ""date"": ""2026-06-17""}}"
647,FMH Conveyors,,,,"[""CEMA Member""]",Conveyor Equipment Manufacturer,[],,,[],,,CEMA wp-json,2026-06-17 05:14:18,incomplete,partial,"{""company_name"": {""source"": ""CEMA wp-json"", ""date"": ""2026-06-17""}, ""primary_business_type"": {""source"": ""CEMA wp-json"", ""date"": ""2026-06-17""}, ""certifications_held"": {""source"": ""CEMA wp-json"", ""date"": ""2026-06-17""}}"
648,SPIRAC® (USA) INC,,,,"[""CEMA Member""]",Conveyor Equipment Manufacturer,[],,,[],,,CEMA wp-json,2026-06-17 05:14:18,incomplete,partial,"{""company_name"": {""source"": ""CEMA wp-json"", ""date"": ""2026-06-17""}, ""primary_business_type"": {""source"": ""CEMA wp-json"", ""date"": ""2026-06-17""}, ""certifications_held"": {""source"": ""CEMA wp-json"", ""date"": ""2026-06-17""}}"
649,Mantis Conveyor Products,https://mantis-mfg.com/product-category/trough-assemblies/,"Riverbend Place Claremont, NH",,"[""CEMA Member""]",Conveyor Equipment Manufacturer,[],,17187298763,[],1978,,CEMA wp-json,2026-06-17 05:14:18,verified,verified,"{""company_name"": {""source"": ""CEMA wp-json"", ""date"": ""2026-06-17""}, ""website_url"": {""source"": ""CEMA wp-json"", ""date"": ""2026-06-17""}, ""headquarters_location"": {""source"": ""CEMA wp-json"", ""date"": ""2026-06-17""}, ""primary_business_type"": {""source"": ""CEMA wp-json"", ""date"": ""2026-06-17""}, ""contact_phone"": {""source"": ""CEMA wp-json"", ""date"": ""2026-06-17""}, ""certifications_held"": {""source"": ""CEMA wp-json"", ""date"": ""2026-06-17""}}"
650,LENZE AMERICAS,https://www.lenze.com/en-us,,,"[""CEMA Member""]",Conveyor Equipment Manufacturer,[],,,[],,,CEMA wp-json,2026-06-17 05:14:18,incomplete,partial,"{""company_name"": {""source"": ""CEMA wp-json"", ""date"": ""2026-06-17""}, ""website_url"": {""source"": ""CEMA wp-json"", ""date"": ""2026-06-17""}, ""primary_business_type"": {""source"": ""CEMA wp-json"", ""date"": ""2026-06-17""}, ""certifications_held"": {""source"": ""CEMA wp-json"", ""date"": ""2026-06-17""}}"
651,Ashland Conveyor Products,https://www.ashlandconveyor.com/collections/roller-conveyor,"Midwest, United States",,"[""CEMA Member""]",Conveyor Equipment Manufacturer,[],,1611671638,[],,,CEMA wp-json,2026-06-17 05:14:18,incomplete,partial,"{""company_name"": {""source"": ""CEMA wp-json"", ""date"": ""2026-06-17""}, ""website_url"": {""source"": ""CEMA wp-json"", ""date"": ""2026-06-17""}, ""primary_business_type"": {""source"": ""CEMA wp-json"", ""date"": ""2026-06-17""}, ""certifications_held"": {""source"": ""CEMA wp-json"", ""date"": ""2026-06-17""}}"
652,Brother International Corporation,,,,"[""CEMA Member""]",Conveyor Equipment Manufacturer,[],,,[],,,CEMA wp-json,2026-06-17 05:14:18,incomplete,partial,"{""company_name"": {""source"": ""CEMA wp-json"", ""date"": ""2026-06-17""}, ""primary_business_type"": {""source"": ""CEMA wp-json"", ""date"": ""2026-06-17""}, ""certifications_held"": {""source"": ""CEMA wp-json"", ""date"": ""2026-06-17""}}"
653,BASTIAN SOLUTIONS,,"Floor Second Floor Carmel, IN",,"[""CEMA Member""]",Conveyor Equipment Manufacturer,[],,17238223777,[],,,CEMA wp-json,2026-06-17 05:14:18,verified,verified,"{""company_name"": {""source"": ""CEMA wp-json"", ""date"": ""2026-06-17""}, ""headquarters_location"": {""source"": ""CEMA wp-json"", ""date"": ""2026-06-17""}, ""primary_business_type"": {""source"": ""CEMA wp-json"", ""date"": ""2026-06-17""}, ""contact_phone"": {""source"": ""CEMA wp-json"", ""date"": ""2026-06-17""}, ""certifications_held"": {""source"": ""CEMA wp-json"", ""date"": ""2026-06-17""}}"
654,"ADVANCED CONVEYOR TECHNOLOGIES, INC",,,,"[""CEMA Member""]",Conveyor Equipment Manufacturer,[],,,[],,,CEMA wp-json,2026-06-17 05:14:18,incomplete,partial,"{""company_name"": {""source"": ""CEMA wp-json"", ""date"": ""2026-06-17""}, ""primary_business_type"": {""source"": ""CEMA wp-json"", ""date"": ""2026-06-17""}, ""certifications_held"": {""source"": ""CEMA wp-json"", ""date"": ""2026-06-17""}}"
655,SERGIO ZAMORANO INGENIERIA (ZING) eirl,,,,"[""CEMA Member""]",Conveyor Equipment Manufacturer,[],,,[],,,CEMA wp-json,2026-06-17 05:14:18,incomplete,partial,"{""company_name"": {""source"": ""CEMA wp-json"", ""date"": ""2026-06-17""}, ""primary_business_type"": {""source"": ""CEMA wp-json"", ""date"": ""2026-06-17""}, ""certifications_held"": {""source"": ""CEMA wp-json"", ""date"": ""2026-06-17""}}"
656,QUALITY STEEL PRODUCTS,,,,"[""CEMA Member""]",Conveyor Equipment Manufacturer,[],,,[],,,CEMA wp-json,2026-06-17 05:14:18,incomplete,partial,"{""company_name"": {""source"": ""CEMA wp-json"", ""date"": ""2026-06-17""}, ""primary_business_type"": {""source"": ""CEMA wp-json"", ""date"": ""2026-06-17""}, ""certifications_held"": {""source"": ""CEMA wp-json"", ""date"": ""2026-06-17""}}"
657,"WOODEX BEARING COMPANY, INC./MECO Seal",https://woodex-meco.com/,"Midwest, USA",,"[""CEMA Member""]",Conveyor Equipment Manufacturer,"[""Plastic""]",,,[],,,CEMA wp-json,2026-06-17 05:14:18,incomplete,partial,"{""company_name"": {""source"": ""CEMA wp-json"", ""date"": ""2026-06-17""}, ""website_url"": {""source"": ""CEMA wp-json"", ""date"": ""2026-06-17""}, ""primary_business_type"": {""source"": ""CEMA wp-json"", ""date"": ""2026-06-17""}, ""certifications_held"": {""source"": ""CEMA wp-json"", ""date"": ""2026-06-17""}, ""materials_handled"": {""source"": ""CEMA wp-json"", ""date"": ""2026-06-17""}}"
658,"SST Conveyor Components, Inc",,,,"[""CEMA Member""]",Conveyor Equipment Manufacturer,[],,,[],,,CEMA wp-json,2026-06-17 05:14:18,incomplete,partial,"{""company_name"": {""source"": ""CEMA wp-json"", ""date"": ""2026-06-17""}, ""primary_business_type"": {""source"": ""CEMA wp-json"", ""date"": ""2026-06-17""}, ""certifications_held"": {""source"": ""CEMA wp-json"", ""date"": ""2026-06-17""}}"
659,Talos Engineered Products,,,,"[""CEMA Member""]",Conveyor Equipment Manufacturer,[],,,[],,,CEMA wp-json,2026-06-17 05:14:18,incomplete,partial,"{""company_name"": {""source"": ""CEMA wp-json"", ""date"": ""2026-06-17""}, ""primary_business_type"": {""source"": ""CEMA wp-json"", ""date"": ""2026-06-17""}, ""certifications_held"": {""source"": ""CEMA wp-json"", ""date"": ""2026-06-17""}}"
660,West River Conveyors & Machinery Co,,,,"[""CEMA Member""]",Conveyor Equipment Manufacturer,[],,,[],,,CEMA wp-json,2026-06-17 05:14:18,incomplete,partial,"{""company_name"": {""source"": ""CEMA wp-json"", ""date"": ""2026-06-17""}, ""primary_business_type"": {""source"": ""CEMA wp-json"", ""date"": ""2026-06-17""}, ""certifications_held"": {""source"": ""CEMA wp-json"", ""date"": ""2026-06-17""}}"
661,NORD DRIVESYSTEMS,https://www.nord.com,"Kansas City, MO",,"[""CEMA Member""]",Conveyor Equipment Manufacturer,[],,17774104089,[],,,CEMA wp-json,2026-06-17 05:14:18,incomplete,partial,"{""company_name"": {""source"": ""CEMA wp-json"", ""date"": ""2026-06-17""}, ""website_url"": {""source"": ""CEMA wp-json"", ""date"": ""2026-06-17""}, ""primary_business_type"": {""source"": ""CEMA wp-json"", ""date"": ""2026-06-17""}, ""certifications_held"": {""source"": ""CEMA wp-json"", ""date"": ""2026-06-17""}}"
662,Timken/Drives/Diamond,,,,"[""CEMA Member""]",Conveyor Equipment Manufacturer,[],,,[],,,CEMA wp-json,2026-06-17 05:14:18,incomplete,partial,"{""company_name"": {""source"": ""CEMA wp-json"", ""date"": ""2026-06-17""}, ""primary_business_type"": {""source"": ""CEMA wp-json"", ""date"": ""2026-06-17""}, ""certifications_held"": {""source"": ""CEMA wp-json"", ""date"": ""2026-06-17""}}"
663,"Dodge Industrial, Inc",http://www.dodgeindustrial.com,"Kansas City, MO","125,000","[""CEMA Member""]",Conveyor Equipment Manufacturer,[],,+1 770 339 67 67,[],1985,,CEMA wp-json,2026-06-17 05:14:18,incomplete,partial,"{""company_name"": {""source"": ""CEMA wp-json"", ""date"": ""2026-06-17""}, ""website_url"": {""source"": ""CEMA wp-json"", ""date"": ""2026-06-17""}, ""primary_business_type"": {""source"": ""CEMA wp-json"", ""date"": ""2026-06-17""}, ""certifications_held"": {""source"": ""CEMA wp-json"", ""date"": ""2026-06-17""}}"
664,"LICO, Inc",,,,"[""CEMA Member""]",Conveyor Equipment Manufacturer,[],,,[],,,CEMA wp-json,2026-06-17 05:14:18,incomplete,partial,"{""company_name"": {""source"": ""CEMA wp-json"", ""date"": ""2026-06-17""}, ""primary_business_type"": {""source"": ""CEMA wp-json"", ""date"": ""2026-06-17""}, ""certifications_held"": {""source"": ""CEMA wp-json"", ""date"": ""2026-06-17""}}"
665,"Webster Industries, Inc",,,,"[""CEMA Member""]",Conveyor Equipment Manufacturer,[],,,[],,,CEMA wp-json,2026-06-17 05:14:18,incomplete,partial,"{""company_name"": {""source"": ""CEMA wp-json"", ""date"": ""2026-06-17""}, ""primary_business_type"": {""source"": ""CEMA wp-json"", ""date"": ""2026-06-17""}, ""certifications_held"": {""source"": ""CEMA wp-json"", ""date"": ""2026-06-17""}}"
666,WAM Inc,https://www.waminc.com,"Lawrenceville, GA",,"[""CEMA Member""]",Conveyor Equipment Manufacturer,[],,+1 770 339 67 67,[],1985,,CEMA wp-json,2026-06-17 05:14:18,incomplete,partial,"{""company_name"": {""source"": ""CEMA wp-json"", ""date"": ""2026-06-17""}, ""website_url"": {""source"": ""CEMA wp-json"", ""date"": ""2026-06-17""}, ""primary_business_type"": {""source"": ""CEMA wp-json"", ""date"": ""2026-06-17""}, ""certifications_held"": {""source"": ""CEMA wp-json"", ""date"": ""2026-06-17""}}"
667,"ContiTech North America, Inc",https://www.contitech.us,USA,,"[""CEMA Member""]",Conveyor Equipment Manufacturer,[],,,[],1996,,CEMA wp-json,2026-06-17 05:14:18,incomplete,partial,"{""company_name"": {""source"": ""CEMA wp-json"", ""date"": ""2026-06-17""}, ""website_url"": {""source"": ""CEMA wp-json"", ""date"": ""2026-06-17""}, ""primary_business_type"": {""source"": ""CEMA wp-json"", ""date"": ""2026-06-17""}, ""certifications_held"": {""source"": ""CEMA wp-json"", ""date"": ""2026-06-17""}}"
668,"U.S. Tsubaki, Inc",,,,"[""CEMA Member""]",Conveyor Equipment Manufacturer,[],,,[],,,CEMA wp-json,2026-06-17 05:14:18,incomplete,partial,"{""company_name"": {""source"": ""CEMA wp-json"", ""date"": ""2026-06-17""}, ""primary_business_type"": {""source"": ""CEMA wp-json"", ""date"": ""2026-06-17""}, ""certifications_held"": {""source"": ""CEMA wp-json"", ""date"": ""2026-06-17""}}"
669,"Transnorm System, Inc",,,,"[""CEMA Member""]",Conveyor Equipment Manufacturer,"[""Fiberglass""]",,,[],,,CEMA wp-json,2026-06-17 05:14:18,incomplete,partial,"{""company_name"": {""source"": ""CEMA wp-json"", ""date"": ""2026-06-17""}, ""primary_business_type"": {""source"": ""CEMA wp-json"", ""date"": ""2026-06-17""}, ""certifications_held"": {""source"": ""CEMA wp-json"", ""date"": ""2026-06-17""}, ""materials_handled"": {""source"": ""CEMA wp-json"", ""date"": ""2026-06-17""}}"
670,"TKF Conveyor Systems, LLC",https://www.tkf.com,"Medical Center in Pueblo, CO",,"[""CEMA Member""]",Conveyor Equipment Manufacturer,[],Not provided,Not provided,[],1996,,CEMA wp-json,2026-06-17 05:14:18,incomplete,partial,"{""company_name"": {""source"": ""CEMA wp-json"", ""date"": ""2026-06-17""}, ""website_url"": {""source"": ""CEMA wp-json"", ""date"": ""2026-06-17""}, ""primary_business_type"": {""source"": ""CEMA wp-json"", ""date"": ""2026-06-17""}, ""certifications_held"": {""source"": ""CEMA wp-json"", ""date"": ""2026-06-17""}}"
671,Thomas Conveyor Company,,,,"[""CEMA Member""]",Conveyor Equipment Manufacturer,"[""Plastic""]",,,[],,,CEMA wp-json,2026-06-17 05:14:18,incomplete,partial,"{""company_name"": {""source"": ""CEMA wp-json"", ""date"": ""2026-06-17""}, ""primary_business_type"": {""source"": ""CEMA wp-json"", ""date"": ""2026-06-17""}, ""certifications_held"": {""source"": ""CEMA wp-json"", ""date"": ""2026-06-17""}, ""materials_handled"": {""source"": ""CEMA wp-json"", ""date"": ""2026-06-17""}}"
672,"Superior Industries, Inc",https://www.superior-ind.com,"Maysville, Kentucky",,"[""CEMA Member""]",Conveyor Equipment Manufacturer,[],sales@stober.com,19843513950,[],1934,,CEMA wp-json,2026-06-17 05:14:18,incomplete,partial,"{""company_name"": {""source"": ""CEMA wp-json"", ""date"": ""2026-06-17""}, ""website_url"": {""source"": ""CEMA wp-json"", ""date"": ""2026-06-17""}, ""primary_business_type"": {""source"": ""CEMA wp-json"", ""date"": ""2026-06-17""}, ""certifications_held"": {""source"": ""CEMA wp-json"", ""date"": ""2026-06-17""}}"
673,"Summerlot Engineered Products, Inc",,,,"[""CEMA Member""]",Conveyor Equipment Manufacturer,"[""Plastic""]",,,[],,,CEMA wp-json,2026-06-17 05:14:18,incomplete,partial,"{""company_name"": {""source"": ""CEMA wp-json"", ""date"": ""2026-06-17""}, ""primary_business_type"": {""source"": ""CEMA wp-json"", ""date"": ""2026-06-17""}, ""certifications_held"": {""source"": ""CEMA wp-json"", ""date"": ""2026-06-17""}, ""materials_handled"": {""source"": ""CEMA wp-json"", ""date"": ""2026-06-17""}}"
674,Sumitomo Machinery Corporation of America,,,,"[""CEMA Member""]",Conveyor Equipment Manufacturer,[],,,[],,,CEMA wp-json,2026-06-17 05:14:18,incomplete,partial,"{""company_name"": {""source"": ""CEMA wp-json"", ""date"": ""2026-06-17""}, ""primary_business_type"": {""source"": ""CEMA wp-json"", ""date"": ""2026-06-17""}, ""certifications_held"": {""source"": ""CEMA wp-json"", ""date"": ""2026-06-17""}}"
675,"Stober Drives, Inc",https://www.stober.com,"Maysville, Kentucky",,"[""CEMA Member""]",Conveyor Equipment Manufacturer,[],sales@stober.com,+1 (888) 786-2371,[],1934,,CEMA wp-json,2026-06-17 05:14:18,incomplete,partial,"{""company_name"": {""source"": ""CEMA wp-json"", ""date"": ""2026-06-17""}, ""website_url"": {""source"": ""CEMA wp-json"", ""date"": ""2026-06-17""}, ""primary_business_type"": {""source"": ""CEMA wp-json"", ""date"": ""2026-06-17""}, ""certifications_held"": {""source"": ""CEMA wp-json"", ""date"": ""2026-06-17""}}"
676,Metso Minerals,,,,"[""CEMA Member""]",Conveyor Equipment Manufacturer,[],,,[],,,CEMA wp-json,2026-06-17 05:14:18,incomplete,partial,"{""company_name"": {""source"": ""CEMA wp-json"", ""date"": ""2026-06-17""}, ""primary_business_type"": {""source"": ""CEMA wp-json"", ""date"": ""2026-06-17""}, ""certifications_held"": {""source"": ""CEMA wp-json"", ""date"": ""2026-06-17""}}"
677,Screw Conveyor Corporation,,,,"[""CEMA Member""]",Conveyor Equipment Manufacturer,[],,,[],,,CEMA wp-json,2026-06-17 05:14:18,incomplete,partial,"{""company_name"": {""source"": ""CEMA wp-json"", ""date"": ""2026-06-17""}, ""primary_business_type"": {""source"": ""CEMA wp-json"", ""date"": ""2026-06-17""}, ""certifications_held"": {""source"": ""CEMA wp-json"", ""date"": ""2026-06-17""}}"
678,Schneider Electric,https://www.us.schneider-electric.com,United States of America,,"[""CEMA Member""]",Conveyor Equipment Manufacturer,[],,800-884-0064,[],,,CEMA wp-json,2026-06-17 05:14:18,incomplete,partial,"{""company_name"": {""source"": ""CEMA wp-json"", ""date"": ""2026-06-17""}, ""website_url"": {""source"": ""CEMA wp-json"", ""date"": ""2026-06-17""}, ""primary_business_type"": {""source"": ""CEMA wp-json"", ""date"": ""2026-06-17""}, ""certifications_held"": {""source"": ""CEMA wp-json"", ""date"": ""2026-06-17""}}"
679,"Richwood Industries, Inc",https://www.richwood.com,"Calgary, Alberta",state-of-the-art,"[""CEMA Member""]",Conveyor Equipment Manufacturer,[],,,[],1973,,CEMA wp-json,2026-06-17 05:14:18,incomplete,partial,"{""company_name"": {""source"": ""CEMA wp-json"", ""date"": ""2026-06-17""}, ""website_url"": {""source"": ""CEMA wp-json"", ""date"": ""2026-06-17""}, ""primary_business_type"": {""source"": ""CEMA wp-json"", ""date"": ""2026-06-17""}, ""certifications_held"": {""source"": ""CEMA wp-json"", ""date"": ""2026-06-17""}}"
680,"Rexnord, LLC",https://www.rexnord.com,,,"[""CEMA Member""]",Conveyor Equipment Manufacturer,"[""Plastic""]",,1-800-486-0021,[],1955,,CEMA wp-json,2026-06-17 05:14:18,incomplete,partial,"{""company_name"": {""source"": ""CEMA wp-json"", ""date"": ""2026-06-17""}, ""website_url"": {""source"": ""CEMA wp-json"", ""date"": ""2026-06-17""}, ""primary_business_type"": {""source"": ""CEMA wp-json"", ""date"": ""2026-06-17""}, ""certifications_held"": {""source"": ""CEMA wp-json"", ""date"": ""2026-06-17""}, ""materials_handled"": {""source"": ""CEMA wp-json"", ""date"": ""2026-06-17""}}"
681,Rapat Corporation,https://www.rapat.com,"Kalamazoo, Michigan, USA",,"[""CEMA Member""]",Conveyor Equipment Manufacturer,[],,(800) 968-7722,[],,,CEMA wp-json,2026-06-17 05:14:18,incomplete,partial,"{""company_name"": {""source"": ""CEMA wp-json"", ""date"": ""2026-06-17""}, ""website_url"": {""source"": ""CEMA wp-json"", ""date"": ""2026-06-17""}, ""primary_business_type"": {""source"": ""CEMA wp-json"", ""date"": ""2026-06-17""}, ""certifications_held"": {""source"": ""CEMA wp-json"", ""date"": ""2026-06-17""}}"
682,"Ralphs-Pugh Co., Inc",https://www.ralphs-pugh.com,,,"[""CEMA Member""]",Conveyor Equipment Manufacturer,"[""Plastic""]",,1-800-486-0021,[],,,CEMA wp-json,2026-06-17 05:14:18,incomplete,partial,"{""company_name"": {""source"": ""CEMA wp-json"", ""date"": ""2026-06-17""}, ""website_url"": {""source"": ""CEMA wp-json"", ""date"": ""2026-06-17""}, ""primary_business_type"": {""source"": ""CEMA wp-json"", ""date"": ""2026-06-17""}, ""certifications_held"": {""source"": ""CEMA wp-json"", ""date"": ""2026-06-17""}, ""materials_handled"": {""source"": ""CEMA wp-json"", ""date"": ""2026-06-17""}}"
683,Rulmeca Canada Limited,,,,"[""CEMA Member""]",Conveyor Equipment Manufacturer,"[""Nickel""]",,,[],,,CEMA wp-json,2026-06-17 05:14:18,incomplete,partial,"{""company_name"": {""source"": ""CEMA wp-json"", ""date"": ""2026-06-17""}, ""primary_business_type"": {""source"": ""CEMA wp-json"", ""date"": ""2026-06-17""}, ""certifications_held"": {""source"": ""CEMA wp-json"", ""date"": ""2026-06-17""}, ""materials_handled"": {""source"": ""CEMA wp-json"", ""date"": ""2026-06-17""}}"
684,Precision Pulley and Idler Co. (PPI),,,,"[""CEMA Member""]",Conveyor Equipment Manufacturer,[],,,[],,,CEMA wp-json,2026-06-17 05:14:18,incomplete,partial,"{""company_name"": {""source"": ""CEMA wp-json"", ""date"": ""2026-06-17""}, ""primary_business_type"": {""source"": ""CEMA wp-json"", ""date"": ""2026-06-17""}, ""certifications_held"": {""source"": ""CEMA wp-json"", ""date"": ""2026-06-17""}}"
685,"Prab, Inc. / Prab / Hapman",https://www.prab.com,"Kalamazoo, Michigan",,"[""CEMA Member""]",Conveyor Equipment Manufacturer,"[""Plastic""]",sales@prab.com,800-968-7722,[],,,CEMA wp-json,2026-06-17 05:14:18,incomplete,partial,"{""company_name"": {""source"": ""CEMA wp-json"", ""date"": ""2026-06-17""}, ""website_url"": {""source"": ""CEMA wp-json"", ""date"": ""2026-06-17""}, ""primary_business_type"": {""source"": ""CEMA wp-json"", ""date"": ""2026-06-17""}, ""certifications_held"": {""source"": ""CEMA wp-json"", ""date"": ""2026-06-17""}, ""materials_handled"": {""source"": ""CEMA wp-json"", ""date"": ""2026-06-17""}}"
686,Interroll,,,,"[""CEMA Member""]",Conveyor Equipment Manufacturer,[],,,[],,,CEMA wp-json,2026-06-17 05:14:18,incomplete,partial,"{""company_name"": {""source"": ""CEMA wp-json"", ""date"": ""2026-06-17""}, ""primary_business_type"": {""source"": ""CEMA wp-json"", ""date"": ""2026-06-17""}, ""certifications_held"": {""source"": ""CEMA wp-json"", ""date"": ""2026-06-17""}}"
687,PEER Chain,https://www.peerchain.com/,,,"[""CEMA Member""]",Conveyor Equipment Manufacturer,[],info@peerchain.com,8886296952,[],1969,,CEMA wp-json,2026-06-17 05:14:18,incomplete,partial,"{""company_name"": {""source"": ""CEMA wp-json"", ""date"": ""2026-06-17""}, ""website_url"": {""source"": ""CEMA wp-json"", ""date"": ""2026-06-17""}, ""primary_business_type"": {""source"": ""CEMA wp-json"", ""date"": ""2026-06-17""}, ""certifications_held"": {""source"": ""CEMA wp-json"", ""date"": ""2026-06-17""}}"
688,PEER Bearing Company,,,,"[""CEMA Member""]",Conveyor Equipment Manufacturer,[],,,[],,,CEMA wp-json,2026-06-17 05:14:18,incomplete,partial,"{""company_name"": {""source"": ""CEMA wp-json"", ""date"": ""2026-06-17""}, ""primary_business_type"": {""source"": ""CEMA wp-json"", ""date"": ""2026-06-17""}, ""certifications_held"": {""source"": ""CEMA wp-json"", ""date"": ""2026-06-17""}}"
689,Continental Global Material Handling,,,,"[""CEMA Member""]",Conveyor Equipment Manufacturer,[],,,[],,,CEMA wp-json,2026-06-17 05:14:18,incomplete,partial,"{""company_name"": {""source"": ""CEMA wp-json"", ""date"": ""2026-06-17""}, ""primary_business_type"": {""source"": ""CEMA wp-json"", ""date"": ""2026-06-17""}, ""certifications_held"": {""source"": ""CEMA wp-json"", ""date"": ""2026-06-17""}}"
690,"Maxi-Lift, Inc",https://www.maxilift.com,"Calgary, Alberta",not specified,"[""CEMA Member""]",Conveyor Equipment Manufacturer,[],not specified,not specified,[],,,CEMA wp-json,2026-06-17 05:14:18,incomplete,partial,"{""company_name"": {""source"": ""CEMA wp-json"", ""date"": ""2026-06-17""}, ""website_url"": {""source"": ""CEMA wp-json"", ""date"": ""2026-06-17""}, ""primary_business_type"": {""source"": ""CEMA wp-json"", ""date"": ""2026-06-17""}, ""certifications_held"": {""source"": ""CEMA wp-json"", ""date"": ""2026-06-17""}}"
691,"Martin Sprocket & Gear, Inc",https://www.martinsprocket.com,USA,,"[""CEMA Member""]",Conveyor Equipment Manufacturer,[],learning@martinsprocket.com,,[],,,CEMA wp-json,2026-06-17 05:14:18,incomplete,partial,"{""company_name"": {""source"": ""CEMA wp-json"", ""date"": ""2026-06-17""}, ""website_url"": {""source"": ""CEMA wp-json"", ""date"": ""2026-06-17""}, ""primary_business_type"": {""source"": ""CEMA wp-json"", ""date"": ""2026-06-17""}, ""certifications_held"": {""source"": ""CEMA wp-json"", ""date"": ""2026-06-17""}}"
692,Martin Engineering Company,,,,"[""CEMA Member""]",Conveyor Equipment Manufacturer,[],,,[],,,CEMA wp-json,2026-06-17 05:14:18,incomplete,partial,"{""company_name"": {""source"": ""CEMA wp-json"", ""date"": ""2026-06-17""}, ""primary_business_type"": {""source"": ""CEMA wp-json"", ""date"": ""2026-06-17""}, ""certifications_held"": {""source"": ""CEMA wp-json"", ""date"": ""2026-06-17""}}"
693,Luff Industries LTD,https://www.luffindustries.com,"Calgary, Alberta","125,000","[""CEMA Member""]",Conveyor Equipment Manufacturer,"[""Stainless Steel""]",,,[],,,CEMA wp-json,2026-06-17 05:14:18,incomplete,partial,"{""company_name"": {""source"": ""CEMA wp-json"", ""date"": ""2026-06-17""}, ""website_url"": {""source"": ""CEMA wp-json"", ""date"": ""2026-06-17""}, ""primary_business_type"": {""source"": ""CEMA wp-json"", ""date"": ""2026-06-17""}, ""certifications_held"": {""source"": ""CEMA wp-json"", ""date"": ""2026-06-17""}, ""materials_handled"": {""source"": ""CEMA wp-json"", ""date"": ""2026-06-17""}}"
694,"OCS IntelliTrak, Inc",,,,"[""CEMA Member""]",Conveyor Equipment Manufacturer,"[""Plastic""]",,,[],,,CEMA wp-json,2026-06-17 05:14:18,incomplete,partial,"{""company_name"": {""source"": ""CEMA wp-json"", ""date"": ""2026-06-17""}, ""primary_business_type"": {""source"": ""CEMA wp-json"", ""date"": ""2026-06-17""}, ""certifications_held"": {""source"": ""CEMA wp-json"", ""date"": ""2026-06-17""}, ""materials_handled"": {""source"": ""CEMA wp-json"", ""date"": ""2026-06-17""}}"
695,"Automatic Systems, Inc",https://www.asi.com,,,"[""CEMA Member""]",Conveyor Equipment Manufacturer,[],,"419-625-4014, ext. 4003; 419-502-2780",[],1972,,CEMA wp-json,2026-06-17 05:14:18,incomplete,partial,"{""company_name"": {""source"": ""CEMA wp-json"", ""date"": ""2026-06-17""}, ""website_url"": {""source"": ""CEMA wp-json"", ""date"": ""2026-06-17""}, ""primary_business_type"": {""source"": ""CEMA wp-json"", ""date"": ""2026-06-17""}, ""certifications_held"": {""source"": ""CEMA wp-json"", ""date"": ""2026-06-17""}}"
696,"LEWCO, INC",https://www.lewcoinc.com,,,"[""CEMA Member""]",Conveyor Equipment Manufacturer,[],,11340518692,[],2000,,CEMA wp-json,2026-06-17 05:14:18,incomplete,partial,"{""company_name"": {""source"": ""CEMA wp-json"", ""date"": ""2026-06-17""}, ""website_url"": {""source"": ""CEMA wp-json"", ""date"": ""2026-06-17""}, ""primary_business_type"": {""source"": ""CEMA wp-json"", ""date"": ""2026-06-17""}, ""certifications_held"": {""source"": ""CEMA wp-json"", ""date"": ""2026-06-17""}}"
697,"KWS Manufacturing Company, LTD",https://www.kwsmfg.com,"Burleson, TX","125,000","[""CEMA Member""]",Conveyor Equipment Manufacturer,[],,,[],1919,,CEMA wp-json,2026-06-17 05:14:18,verified,verified,"{""company_name"": {""source"": ""CEMA wp-json"", ""date"": ""2026-06-17""}, ""website_url"": {""source"": ""CEMA wp-json"", ""date"": ""2026-06-17""}, ""headquarters_location"": {""source"": ""CEMA wp-json"", ""date"": ""2026-06-17""}, ""primary_business_type"": {""source"": ""CEMA wp-json"", ""date"": ""2026-06-17""}, ""certifications_held"": {""source"": ""CEMA wp-json"", ""date"": ""2026-06-17""}}"
698,"Kolberg-Pioneer, Inc",https://www.kolbergpioneer.com,"Cocoa, FL",,"[""CEMA Member""]",Conveyor Equipment Manufacturer,[],,,[],,,CEMA wp-json,2026-06-17 05:14:18,incomplete,partial,"{""company_name"": {""source"": ""CEMA wp-json"", ""date"": ""2026-06-17""}, ""website_url"": {""source"": ""CEMA wp-json"", ""date"": ""2026-06-17""}, ""primary_business_type"": {""source"": ""CEMA wp-json"", ""date"": ""2026-06-17""}, ""certifications_held"": {""source"": ""CEMA wp-json"", ""date"": ""2026-06-17""}}"
699,KMEC Engineering & Conveying Systems,,,,"[""CEMA Member""]",Conveyor Equipment Manufacturer,[],,,[],,,CEMA wp-json,2026-06-17 05:14:18,incomplete,partial,"{""company_name"": {""source"": ""CEMA wp-json"", ""date"": ""2026-06-17""}, ""primary_business_type"": {""source"": ""CEMA wp-json"", ""date"": ""2026-06-17""}, ""certifications_held"": {""source"": ""CEMA wp-json"", ""date"": ""2026-06-17""}}"
700,Kase Conveyors,https://www.kaseconveyors.com,,,"[""CEMA Member""]",Conveyor Equipment Manufacturer,"[""Plastic""]",,,[],,,CEMA wp-json,2026-06-17 05:14:18,incomplete,partial,"{""company_name"": {""source"": ""CEMA wp-json"", ""date"": ""2026-06-17""}, ""website_url"": {""source"": ""CEMA wp-json"", ""date"": ""2026-06-17""}, ""primary_business_type"": {""source"": ""CEMA wp-json"", ""date"": ""2026-06-17""}, ""certifications_held"": {""source"": ""CEMA wp-json"", ""date"": ""2026-06-17""}, ""materials_handled"": {""source"": ""CEMA wp-json"", ""date"": ""2026-06-17""}}"
701,Kasa Companies,,,,"[""CEMA Member""]",Conveyor Equipment Manufacturer,"[""Aluminum"", ""Plastic""]",,,[],,,CEMA wp-json,2026-06-17 05:14:18,incomplete,partial,"{""company_name"": {""source"": ""CEMA wp-json"", ""date"": ""2026-06-17""}, ""primary_business_type"": {""source"": ""CEMA wp-json"", ""date"": ""2026-06-17""}, ""certifications_held"": {""source"": ""CEMA wp-json"", ""date"": ""2026-06-17""}, ""materials_handled"": {""source"": ""CEMA wp-json"", ""date"": ""2026-06-17""}}"
702,Mission of the Technical Committee,http://www.ras-inc.com/,"New Jersey, United States",,"[""TEMA Member""]",Heat Exchanger Manufacturer,"[""Carbon Steel"", ""Stainless Steel""]",,,[],1917,,TEMA,2026-06-17 05:14:22,incomplete,partial,"{""company_name"": {""source"": ""TEMA"", ""date"": ""2026-06-17""}, ""website_url"": {""source"": ""TEMA"", ""date"": ""2026-06-17""}, ""primary_business_type"": {""source"": ""TEMA"", ""date"": ""2026-06-17""}, ""certifications_held"": {""source"": ""TEMA"", ""date"": ""2026-06-17""}, ""materials_handled"": {""source"": ""TEMA"", ""date"": ""2026-06-17""}}"
704,![Alabama Heat Exchangers,https://tema.org/wp-content/uploads/2023/08/AlabamaHeatExchangers_Logo.png,,,"[""TEMA Member""]",Heat Exchanger Manufacturer,"[""Carbon Steel"", ""Stainless Steel""]",,,[],1919,,TEMA,2026-06-17 05:14:22,incomplete,partial,"{""company_name"": {""source"": ""TEMA"", ""date"": ""2026-06-17""}, ""website_url"": {""source"": ""TEMA"", ""date"": ""2026-06-17""}, ""primary_business_type"": {""source"": ""TEMA"", ""date"": ""2026-06-17""}, ""certifications_held"": {""source"": ""TEMA"", ""date"": ""2026-06-17""}, ""materials_handled"": {""source"": ""TEMA"", ""date"": ""2026-06-17""}}"
705,"![Brask Inc, The Heat Exchanger People",https://tema.org/wp-content/uploads/2025/08/302021923_Design_v4.jpg,"Hartford, WI",,"[""TEMA Member""]",Heat Exchanger Manufacturer,"[""Carbon Steel"", ""Stainless Steel""]",,770-205-1969 x102,[],,,TEMA,2026-06-17 05:14:22,incomplete,partial,"{""company_name"": {""source"": ""TEMA"", ""date"": ""2026-06-17""}, ""website_url"": {""source"": ""TEMA"", ""date"": ""2026-06-17""}, ""primary_business_type"": {""source"": ""TEMA"", ""date"": ""2026-06-17""}, ""certifications_held"": {""source"": ""TEMA"", ""date"": ""2026-06-17""}, ""materials_handled"": {""source"": ""TEMA"", ""date"": ""2026-06-17""}}"
706,![Harris Thermal Transfer Products Logo,https://tema.org/wp-content/uploads/2025/10/Harris-Logo-long-1.png,"New Jersey, United States",Not provided,"[""TEMA Member""]",Heat Exchanger Manufacturer,"[""Carbon Steel"", ""Stainless Steel""]",Not provided,Not provided,[],1917,,TEMA,2026-06-17 05:14:22,incomplete,partial,"{""company_name"": {""source"": ""TEMA"", ""date"": ""2026-06-17""}, ""website_url"": {""source"": ""TEMA"", ""date"": ""2026-06-17""}, ""primary_business_type"": {""source"": ""TEMA"", ""date"": ""2026-06-17""}, ""certifications_held"": {""source"": ""TEMA"", ""date"": ""2026-06-17""}, ""materials_handled"": {""source"": ""TEMA"", ""date"": ""2026-06-17""}}"
708,3030 M Street,http://spartaninc.net/,"Bakersfield, CA",,"[""ASME"", ""DOE"", ""HAF-604"", ""NUPIC"", ""STI/SPFA Member""]",Steel Tank / Pipe Fabricator,"[""Carbon Steel"", ""Corrosion resistant alloys"", ""Custom Fabrication"", ""Custom fabrication"", ""Custom shop storage tanks"", ""Fabrication"", ""Field Erected Tanks"", ""Field erected tanks"", ""Fireguard Fuel Tanks"", ""GEN-TANKS"", ""Installation"", ""Maintenance"", ""Piping Design"", ""Piping design"", ""Piping design and installation"", ""Pressure Vessels"", ""Pressure vessels"", ""Radioactive materials"", ""Repair"", ""Repair and maintenance"", ""Shop Storage Tanks"", ""Shop storage tanks"", ""Steel"", ""custom fabrication"", ""field erected tanks"", ""installation"", ""maintenance"", ""pipes"", ""piping design"", ""pressure vessels"", ""repair"", ""shop storage tank"", ""shop storage tanks"", ""storage tanks""]",,661-327-1205,[],,,STI-SPFA,2026-06-17 05:01:47,verified,verified,"{""company_name"": {""source"": ""STI-SPFA"", ""date"": ""2026-06-17""}, ""website_url"": {""source"": ""STI-SPFA"", ""date"": ""2026-06-17""}, ""headquarters_location"": {""source"": ""STI-SPFA"", ""date"": ""2026-06-17""}, ""primary_business_type"": {""source"": ""STI-SPFA"", ""date"": ""2026-06-17""}, ""contact_phone"": {""source"": ""STI-SPFA"", ""date"": ""2026-06-17""}, ""year_established"": {""source"": ""STI-SPFA"", ""date"": ""2026-06-17""}, ""certifications_held"": {""source"": ""STI-SPFA"", ""date"": ""2026-06-17""}, ""materials_handled"": {""source"": ""STI-SPFA"", ""date"": ""2026-06-17""}}"
713,570 East 7th Street,https://www.morbros.com/,"Dubuque, IA",,"[""STI/SPFA Member"", ""UL 2583""]",Steel Tank / Pipe Fabricator,"[""Carbon Steel"", ""Fuel storage components"", ""Steel""]",,563-583-5701,"[""Not specified""]",,,STI-SPFA,2026-06-17 04:31:16,verified,verified,"{""company_name"": {""source"": ""STI-SPFA"", ""date"": ""2026-06-17""}, ""website_url"": {""source"": ""STI-SPFA"", ""date"": ""2026-06-17""}, ""headquarters_location"": {""source"": ""STI-SPFA"", ""date"": ""2026-06-17""}, ""facility_size_sqft"": {""source"": ""STI-SPFA"", ""date"": ""2026-06-17""}, ""primary_business_type"": {""source"": ""STI-SPFA"", ""date"": ""2026-06-17""}, ""contact_email"": {""source"": ""STI-SPFA"", ""date"": ""2026-06-17""}, ""contact_phone"": {""source"": ""STI-SPFA"", ""date"": ""2026-06-17""}, ""year_established"": {""source"": ""STI-SPFA"", ""date"": ""2026-06-17""}, ""certifications_held"": {""source"": ""STI-SPFA"", ""date"": ""2026-06-17""}, ""materials_handled"": {""source"": ""STI-SPFA"", ""date"": ""2026-06-17""}, ""key_personnel"": {""source"": ""STI-SPFA"", ""date"": ""2026-06-17""}}"
716,View Email,"https://members.stispfa.org/members/secure-contact?customerId=b10cf0d7-d0b0-4479-859b-fb0b7e6cd461 ""View Email""","Maumee, OH",,"[""STI/SPFA Member""]",Steel Tank / Pipe Fabricator,"[""Carbon Steel"", ""Steel""]",,,[],,,STI-SPFA,2026-06-17 04:59:28,verified,verified,"{""company_name"": {""source"": ""STI-SPFA"", ""date"": ""2026-06-17""}, ""website_url"": {""source"": ""STI-SPFA"", ""date"": ""2026-06-17""}, ""headquarters_location"": {""source"": ""STI-SPFA"", ""date"": ""2026-06-17""}, ""primary_business_type"": {""source"": ""STI-SPFA"", ""date"": ""2026-06-17""}, ""certifications_held"": {""source"": ""STI-SPFA"", ""date"": ""2026-06-17""}, ""materials_handled"": {""source"": ""STI-SPFA"", ""date"": ""2026-06-17""}}"
719,42146 U.S. 290 Business,https://www.daytank.com/,"Waller, TX",,"[""EGSA"", ""STI/SPFA Member"", ""Underwriters Labs""]",Steel Tank / Pipe Fabricator,"[""Automatic Day Tanks"", ""Carbon Steel"", ""Day Tanks"", ""Economy Automatic Day Tanks"", ""Enclosures"", ""Fuel"", ""Fuel Tanks"", ""Generator Base Tanks"", ""Meter Panels"", ""Pump Sets"", ""Secondary Containment Day Tanks"", ""Steel"", ""automatic day tanks"", ""economy automatic day tanks"", ""fuel tanks"", ""generator base tanks"", ""meter panels"", ""secondary containment"", ""secondary containment day tanks"", ""slim day tanks""]",,713-466-8679,"[""Not specified""]",2000,,STI-SPFA,2026-06-17 04:58:31,verified,verified,"{""company_name"": {""source"": ""STI-SPFA"", ""date"": ""2026-06-17""}, ""website_url"": {""source"": ""STI-SPFA"", ""date"": ""2026-06-17""}, ""headquarters_location"": {""source"": ""STI-SPFA"", ""date"": ""2026-06-17""}, ""facility_size_sqft"": {""source"": ""STI-SPFA"", ""date"": ""2026-06-17""}, ""primary_business_type"": {""source"": ""STI-SPFA"", ""date"": ""2026-06-17""}, ""contact_email"": {""source"": ""STI-SPFA"", ""date"": ""2026-06-17""}, ""contact_phone"": {""source"": ""STI-SPFA"", ""date"": ""2026-06-17""}, ""year_established"": {""source"": ""STI-SPFA"", ""date"": ""2026-06-17""}, ""certifications_held"": {""source"": ""STI-SPFA"", ""date"": ""2026-06-17""}, ""materials_handled"": {""source"": ""STI-SPFA"", ""date"": ""2026-06-17""}, ""key_personnel"": {""source"": ""STI-SPFA"", ""date"": ""2026-06-17""}}"
739,5050 Old Montgomery Highway,https://www.sheco.com/,"Tuscaloosa, AL",,"[""ASME-certified"", ""STI/SPFA Member""]",Steel Tank / Pipe Fabricator,"[""Alloy Plate"", ""Carbon Steel"", ""Steel""]",,205-345-5335,[],1955,,STI-SPFA,2026-06-17 04:32:26,verified,verified,"{""company_name"": {""source"": ""STI-SPFA"", ""date"": ""2026-06-17""}, ""website_url"": {""source"": ""STI-SPFA"", ""date"": ""2026-06-17""}, ""headquarters_location"": {""source"": ""STI-SPFA"", ""date"": ""2026-06-17""}, ""primary_business_type"": {""source"": ""STI-SPFA"", ""date"": ""2026-06-17""}, ""contact_phone"": {""source"": ""STI-SPFA"", ""date"": ""2026-06-17""}, ""year_established"": {""source"": ""STI-SPFA"", ""date"": ""2026-06-17""}, ""certifications_held"": {""source"": ""STI-SPFA"", ""date"": ""2026-06-17""}, ""materials_handled"": {""source"": ""STI-SPFA"", ""date"": ""2026-06-17""}}"
754,"801 W Front Street Florence, NJ 08518",https://www.dcfab.com/,"Simko Blvd Charleroi, PA",,"[""HEI Member""]",Heat Exchange Manufacturer,"[""Carbon Steel"", ""Stainless Steel""]",,609.499.3000,[],1989,,HEI,2026-06-17 05:14:31,verified,verified,"{""company_name"": {""source"": ""HEI"", ""date"": ""2026-06-17""}, ""website_url"": {""source"": ""HEI"", ""date"": ""2026-06-17""}, ""headquarters_location"": {""source"": ""HEI"", ""date"": ""2026-06-17""}, ""primary_business_type"": {""source"": ""HEI"", ""date"": ""2026-06-17""}, ""contact_phone"": {""source"": ""HEI"", ""date"": ""2026-06-17""}, ""certifications_held"": {""source"": ""HEI"", ""date"": ""2026-06-17""}, ""materials_handled"": {""source"": ""HEI"", ""date"": ""2026-06-17""}}"
760,"7387 West 162nd Street Stilwell, KS 66085",http://www.deaerator.com,"West Channel Road Catoosa, OK",,"[""HEI Member""]",Heat Exchange Manufacturer,"[""Carbon Steel"", ""Stainless Steel""]",,913.338.2111,[],1989,,HEI,2026-06-17 05:14:31,verified,verified,"{""company_name"": {""source"": ""HEI"", ""date"": ""2026-06-17""}, ""website_url"": {""source"": ""HEI"", ""date"": ""2026-06-17""}, ""headquarters_location"": {""source"": ""HEI"", ""date"": ""2026-06-17""}, ""primary_business_type"": {""source"": ""HEI"", ""date"": ""2026-06-17""}, ""contact_phone"": {""source"": ""HEI"", ""date"": ""2026-06-17""}, ""certifications_held"": {""source"": ""HEI"", ""date"": ""2026-06-17""}, ""materials_handled"": {""source"": ""HEI"", ""date"": ""2026-06-17""}}"
770,Jorgensen Conveyor and Filtration Solutions,,,,"[""CEMA Member""]",Conveyor Equipment Manufacturer,"[""Aluminum"", ""Plastic""]",,,[],,,CEMA wp-json,2026-06-17 05:14:24,incomplete,partial,"{""company_name"": {""source"": ""CEMA wp-json"", ""date"": ""2026-06-17""}, ""primary_business_type"": {""source"": ""CEMA wp-json"", ""date"": ""2026-06-17""}, ""certifications_held"": {""source"": ""CEMA wp-json"", ""date"": ""2026-06-17""}, ""materials_handled"": {""source"": ""CEMA wp-json"", ""date"": ""2026-06-17""}}"
771,"Itoh Denki USA, Inc",https://www.itohdenki.com,"Wilkes-Barre, PA",,"[""CEMA Member""]",Conveyor Equipment Manufacturer,[],info@itohdenki.com,570-820-8811,[],,,CEMA wp-json,2026-06-17 05:14:24,incomplete,partial,"{""company_name"": {""source"": ""CEMA wp-json"", ""date"": ""2026-06-17""}, ""website_url"": {""source"": ""CEMA wp-json"", ""date"": ""2026-06-17""}, ""primary_business_type"": {""source"": ""CEMA wp-json"", ""date"": ""2026-06-17""}, ""certifications_held"": {""source"": ""CEMA wp-json"", ""date"": ""2026-06-17""}}"
772,Honeywell Intelligrated,,,,"[""CEMA Member""]",Conveyor Equipment Manufacturer,[],,,[],,,CEMA wp-json,2026-06-17 05:14:24,incomplete,partial,"{""company_name"": {""source"": ""CEMA wp-json"", ""date"": ""2026-06-17""}, ""primary_business_type"": {""source"": ""CEMA wp-json"", ""date"": ""2026-06-17""}, ""certifications_held"": {""source"": ""CEMA wp-json"", ""date"": ""2026-06-17""}}"
773,ISC Industrial Manufacturing,,,,"[""CEMA Member""]",Conveyor Equipment Manufacturer,[],,,[],,,CEMA wp-json,2026-06-17 05:14:24,incomplete,partial,"{""company_name"": {""source"": ""CEMA wp-json"", ""date"": ""2026-06-17""}, ""primary_business_type"": {""source"": ""CEMA wp-json"", ""date"": ""2026-06-17""}, ""certifications_held"": {""source"": ""CEMA wp-json"", ""date"": ""2026-06-17""}}"
774,"Industrial Kinetics, Inc",https://www.iki.com,"2535 Curtiss St., Downers Grove, IL 60515",,"[""CEMA Member""]",Conveyor Equipment Manufacturer,[],ikiinfo@iki.com,630-655-0300,[],1969,,CEMA wp-json,2026-06-17 05:14:24,incomplete,partial,"{""company_name"": {""source"": ""CEMA wp-json"", ""date"": ""2026-06-17""}, ""website_url"": {""source"": ""CEMA wp-json"", ""date"": ""2026-06-17""}, ""primary_business_type"": {""source"": ""CEMA wp-json"", ""date"": ""2026-06-17""}, ""certifications_held"": {""source"": ""CEMA wp-json"", ""date"": ""2026-06-17""}}"
775,"Hytrol Conveyor Company, Inc",https://www.hytrol.com,,,"[""CEMA Member""]",Conveyor Equipment Manufacturer,"[""Plastic""]",,+1,[],1970,,CEMA wp-json,2026-06-17 05:14:24,incomplete,partial,"{""company_name"": {""source"": ""CEMA wp-json"", ""date"": ""2026-06-17""}, ""website_url"": {""source"": ""CEMA wp-json"", ""date"": ""2026-06-17""}, ""primary_business_type"": {""source"": ""CEMA wp-json"", ""date"": ""2026-06-17""}, ""certifications_held"": {""source"": ""CEMA wp-json"", ""date"": ""2026-06-17""}, ""materials_handled"": {""source"": ""CEMA wp-json"", ""date"": ""2026-06-17""}}"
776,"SENQCIA MAXCO, Ltd",,,,"[""CEMA Member""]",Conveyor Equipment Manufacturer,[],,,[],,,CEMA wp-json,2026-06-17 05:14:24,incomplete,partial,"{""company_name"": {""source"": ""CEMA wp-json"", ""date"": ""2026-06-17""}, ""primary_business_type"": {""source"": ""CEMA wp-json"", ""date"": ""2026-06-17""}, ""certifications_held"": {""source"": ""CEMA wp-json"", ""date"": ""2026-06-17""}}"
777,Frantz Manufacturing Company,https://www.frantz-mfg.com,,,"[""CEMA Member""]",Conveyor Equipment Manufacturer,[],,1801716357,[],,,CEMA wp-json,2026-06-17 05:14:24,incomplete,partial,"{""company_name"": {""source"": ""CEMA wp-json"", ""date"": ""2026-06-17""}, ""website_url"": {""source"": ""CEMA wp-json"", ""date"": ""2026-06-17""}, ""primary_business_type"": {""source"": ""CEMA wp-json"", ""date"": ""2026-06-17""}, ""certifications_held"": {""source"": ""CEMA wp-json"", ""date"": ""2026-06-17""}}"
778,Syntron Material Handling,,,,"[""CEMA Member""]",Conveyor Equipment Manufacturer,[],,,[],,,CEMA wp-json,2026-06-17 05:14:24,incomplete,partial,"{""company_name"": {""source"": ""CEMA wp-json"", ""date"": ""2026-06-17""}, ""primary_business_type"": {""source"": ""CEMA wp-json"", ""date"": ""2026-06-17""}, ""certifications_held"": {""source"": ""CEMA wp-json"", ""date"": ""2026-06-17""}}"
779,"Flow-Turn, Inc",https://www.flow-turn.com,,,"[""CEMA Member""]",Conveyor Equipment Manufacturer,[],,,[],,,CEMA wp-json,2026-06-17 05:14:24,incomplete,partial,"{""company_name"": {""source"": ""CEMA wp-json"", ""date"": ""2026-06-17""}, ""website_url"": {""source"": ""CEMA wp-json"", ""date"": ""2026-06-17""}, ""primary_business_type"": {""source"": ""CEMA wp-json"", ""date"": ""2026-06-17""}, ""certifications_held"": {""source"": ""CEMA wp-json"", ""date"": ""2026-06-17""}}"
780,Flexco,https://www.flexco.com,,,"[""CEMA Member""]",Conveyor Equipment Manufacturer,[],,,[],,,CEMA wp-json,2026-06-17 05:14:24,incomplete,partial,"{""company_name"": {""source"": ""CEMA wp-json"", ""date"": ""2026-06-17""}, ""website_url"": {""source"": ""CEMA wp-json"", ""date"": ""2026-06-17""}, ""primary_business_type"": {""source"": ""CEMA wp-json"", ""date"": ""2026-06-17""}, ""certifications_held"": {""source"": ""CEMA wp-json"", ""date"": ""2026-06-17""}}"
781,Fenner Dunlop Conveyor Belting,https://fennerdunlopamericas.com/,,,"[""CEMA Member""]",Conveyor Equipment Manufacturer,[],,16056444995,[],,,CEMA wp-json,2026-06-17 05:14:24,incomplete,partial,"{""company_name"": {""source"": ""CEMA wp-json"", ""date"": ""2026-06-17""}, ""website_url"": {""source"": ""CEMA wp-json"", ""date"": ""2026-06-17""}, ""primary_business_type"": {""source"": ""CEMA wp-json"", ""date"": ""2026-06-17""}, ""certifications_held"": {""source"": ""CEMA wp-json"", ""date"": ""2026-06-17""}}"
782,Eriez Magnetics,https://www.eriez.com,"Frankfurt, DE",,"[""CEMA Member""]",Conveyor Equipment Manufacturer,"[""Plastic""]",,,[],1942,,CEMA wp-json,2026-06-17 05:14:24,incomplete,partial,"{""company_name"": {""source"": ""CEMA wp-json"", ""date"": ""2026-06-17""}, ""website_url"": {""source"": ""CEMA wp-json"", ""date"": ""2026-06-17""}, ""primary_business_type"": {""source"": ""CEMA wp-json"", ""date"": ""2026-06-17""}, ""certifications_held"": {""source"": ""CEMA wp-json"", ""date"": ""2026-06-17""}, ""materials_handled"": {""source"": ""CEMA wp-json"", ""date"": ""2026-06-17""}}"
783,"Regal Beloit America, Inc",,,,"[""CEMA Member""]",Conveyor Equipment Manufacturer,[],,,[],,,CEMA wp-json,2026-06-17 05:14:24,incomplete,partial,"{""company_name"": {""source"": ""CEMA wp-json"", ""date"": ""2026-06-17""}, ""primary_business_type"": {""source"": ""CEMA wp-json"", ""date"": ""2026-06-17""}, ""certifications_held"": {""source"": ""CEMA wp-json"", ""date"": ""2026-06-17""}}"
784,Douglas | Rulmeca,https://www.douglasmanufacturing.com/pulleys/,"Park Drive Pell City, AL",,"[""CEMA Member""]",Conveyor Equipment Manufacturer,[],,17138045395,[],,,CEMA wp-json,2026-06-17 05:14:24,verified,verified,"{""company_name"": {""source"": ""CEMA wp-json"", ""date"": ""2026-06-17""}, ""website_url"": {""source"": ""CEMA wp-json"", ""date"": ""2026-06-17""}, ""headquarters_location"": {""source"": ""CEMA wp-json"", ""date"": ""2026-06-17""}, ""primary_business_type"": {""source"": ""CEMA wp-json"", ""date"": ""2026-06-17""}, ""contact_phone"": {""source"": ""CEMA wp-json"", ""date"": ""2026-06-17""}, ""certifications_held"": {""source"": ""CEMA wp-json"", ""date"": ""2026-06-17""}}"
785,Dorris Gear Drives,https://www.dorrisco.com,"Malyn Blvd. Fraser, MI",,"[""CEMA Member""]",Conveyor Equipment Manufacturer,[],sales@dorrisco.com,586-293-5260,[],,,CEMA wp-json,2026-06-17 05:14:24,incomplete,partial,"{""company_name"": {""source"": ""CEMA wp-json"", ""date"": ""2026-06-17""}, ""website_url"": {""source"": ""CEMA wp-json"", ""date"": ""2026-06-17""}, ""primary_business_type"": {""source"": ""CEMA wp-json"", ""date"": ""2026-06-17""}, ""certifications_held"": {""source"": ""CEMA wp-json"", ""date"": ""2026-06-17""}}"
786,Dematic Corp,https://www.dematic.com,,,"[""CEMA Member""]",Conveyor Equipment Manufacturer,[],,,[],1924,,CEMA wp-json,2026-06-17 05:14:24,incomplete,partial,"{""company_name"": {""source"": ""CEMA wp-json"", ""date"": ""2026-06-17""}, ""website_url"": {""source"": ""CEMA wp-json"", ""date"": ""2026-06-17""}, ""primary_business_type"": {""source"": ""CEMA wp-json"", ""date"": ""2026-06-17""}, ""certifications_held"": {""source"": ""CEMA wp-json"", ""date"": ""2026-06-17""}}"
787,"Conveyors, Incorporated",https://www.conveyorsinc.net,"Mansfield, Texas","100,000","[""CEMA Member""]",Conveyor Equipment Manufacturer,[],,1491788025,[],1974,,CEMA wp-json,2026-06-17 05:14:24,incomplete,partial,"{""company_name"": {""source"": ""CEMA wp-json"", ""date"": ""2026-06-17""}, ""website_url"": {""source"": ""CEMA wp-json"", ""date"": ""2026-06-17""}, ""primary_business_type"": {""source"": ""CEMA wp-json"", ""date"": ""2026-06-17""}, ""certifications_held"": {""source"": ""CEMA wp-json"", ""date"": ""2026-06-17""}}"
788,Conveyor Components Company,https://www.conveyorcomponents.com,Not provided,Not provided,"[""CEMA Member""]",Conveyor Equipment Manufacturer,[],Not provided,Not provided,[],,,CEMA wp-json,2026-06-17 05:14:24,incomplete,partial,"{""company_name"": {""source"": ""CEMA wp-json"", ""date"": ""2026-06-17""}, ""website_url"": {""source"": ""CEMA wp-json"", ""date"": ""2026-06-17""}, ""primary_business_type"": {""source"": ""CEMA wp-json"", ""date"": ""2026-06-17""}, ""certifications_held"": {""source"": ""CEMA wp-json"", ""date"": ""2026-06-17""}}"
789,Conveyance Solutions by Continental,https://www.continentalscrew.com,,,"[""CEMA Member""]",Conveyor Equipment Manufacturer,[],,,[],1924,,CEMA wp-json,2026-06-17 05:14:24,incomplete,partial,"{""company_name"": {""source"": ""CEMA wp-json"", ""date"": ""2026-06-17""}, ""website_url"": {""source"": ""CEMA wp-json"", ""date"": ""2026-06-17""}, ""primary_business_type"": {""source"": ""CEMA wp-json"", ""date"": ""2026-06-17""}, ""certifications_held"": {""source"": ""CEMA wp-json"", ""date"": ""2026-06-17""}}"
790,The Timken Company,,,,"[""CEMA Member""]",Conveyor Equipment Manufacturer,[],,,[],,,CEMA wp-json,2026-06-17 05:14:24,incomplete,partial,"{""company_name"": {""source"": ""CEMA wp-json"", ""date"": ""2026-06-17""}, ""primary_business_type"": {""source"": ""CEMA wp-json"", ""date"": ""2026-06-17""}, ""certifications_held"": {""source"": ""CEMA wp-json"", ""date"": ""2026-06-17""}}"
791,"Wynright, A Daifuku Webb Company",https://www.wynrightproducts.com/products/conveyor/#belt,"Sioux Falls, South Dakota",,"[""CEMA Member""]",Conveyor Equipment Manufacturer,[],,,[],,,CEMA wp-json,2026-06-17 05:14:24,incomplete,partial,"{""company_name"": {""source"": ""CEMA wp-json"", ""date"": ""2026-06-17""}, ""website_url"": {""source"": ""CEMA wp-json"", ""date"": ""2026-06-17""}, ""primary_business_type"": {""source"": ""CEMA wp-json"", ""date"": ""2026-06-17""}, ""certifications_held"": {""source"": ""CEMA wp-json"", ""date"": ""2026-06-17""}}"
792,"Automated Conveyor Systems, Inc",https://www.automatedconveyors.com/,"West Memphis, AR",,"[""CEMA Member""]",Conveyor Equipment Manufacturer,[],,+18707325050,[],1973,,CEMA wp-json,2026-06-17 05:14:24,incomplete,partial,"{""company_name"": {""source"": ""CEMA wp-json"", ""date"": ""2026-06-17""}, ""website_url"": {""source"": ""CEMA wp-json"", ""date"": ""2026-06-17""}, ""primary_business_type"": {""source"": ""CEMA wp-json"", ""date"": ""2026-06-17""}, ""certifications_held"": {""source"": ""CEMA wp-json"", ""date"": ""2026-06-17""}}"
793,ASGCO “Complete Conveyor Solutions”,,,,"[""CEMA Member""]",Conveyor Equipment Manufacturer,[],,,[],,,CEMA wp-json,2026-06-17 05:14:24,incomplete,partial,"{""company_name"": {""source"": ""CEMA wp-json"", ""date"": ""2026-06-17""}, ""primary_business_type"": {""source"": ""CEMA wp-json"", ""date"": ""2026-06-17""}, ""certifications_held"": {""source"": ""CEMA wp-json"", ""date"": ""2026-06-17""}}"
794,Argonics Inc,,,,"[""CEMA Member""]",Conveyor Equipment Manufacturer,[],,,[],,,CEMA wp-json,2026-06-17 05:14:24,incomplete,partial,"{""company_name"": {""source"": ""CEMA wp-json"", ""date"": ""2026-06-17""}, ""primary_business_type"": {""source"": ""CEMA wp-json"", ""date"": ""2026-06-17""}, ""certifications_held"": {""source"": ""CEMA wp-json"", ""date"": ""2026-06-17""}}"
795,"Arch Environmental Equipment, Inc",,,,"[""CEMA Member""]",Conveyor Equipment Manufacturer,[],,,[],,,CEMA wp-json,2026-06-17 05:14:24,incomplete,partial,"{""company_name"": {""source"": ""CEMA wp-json"", ""date"": ""2026-06-17""}, ""primary_business_type"": {""source"": ""CEMA wp-json"", ""date"": ""2026-06-17""}, ""certifications_held"": {""source"": ""CEMA wp-json"", ""date"": ""2026-06-17""}}"
796,"American Roller, SA de C.V",,,,"[""CEMA Member""]",Conveyor Equipment Manufacturer,[],,,[],,,CEMA wp-json,2026-06-17 05:14:24,incomplete,partial,"{""company_name"": {""source"": ""CEMA wp-json"", ""date"": ""2026-06-17""}, ""primary_business_type"": {""source"": ""CEMA wp-json"", ""date"": ""2026-06-17""}, ""certifications_held"": {""source"": ""CEMA wp-json"", ""date"": ""2026-06-17""}}"
798,404 - Page Not Found,https://www.nationalboard.org/,,,"[""NBIC R Stamp""]",Pressure Equipment Repair,[],,,[],,,NBIC-R-Stamp,2026-06-17 05:14:20,incomplete,partial,"{""company_name"": {""source"": ""NBIC-R-Stamp"", ""date"": ""2026-06-17""}, ""website_url"": {""source"": ""NBIC-R-Stamp"", ""date"": ""2026-06-17""}, ""primary_business_type"": {""source"": ""NBIC-R-Stamp"", ""date"": ""2026-06-17""}, ""certifications_held"": {""source"": ""NBIC-R-Stamp"", ""date"": ""2026-06-17""}}"
930,Mid South Steam Boiler Engineering CO INC,,"Van Buren, AR",,[],,[],,,[],,https://www.thomasnet.com/company/mid-south-steam-boiler-engineering-co-inc-1308761/profile,Thomasnet:asme-code-pressure-vessels:arkansas,2026-06-17 03:48:40,incomplete,partial,{}
931,"Lexicon, Inc",,"Little Rock, AR",,[],,[],,,[],,https://www.thomasnet.com/company/lexicon-inc-30982009/profile,Thomasnet:asme-code-pressure-vessels:arkansas,2026-06-17 03:48:40,incomplete,partial,{}
932,Amsco Conveyor Systems,,"Pine Bluff, AR",,[],,[],,,[],,https://www.thomasnet.com/company/amsco-conveyor-systems-1244425/profile,Thomasnet:asme-code-pressure-vessels:arkansas,2026-06-17 03:43:20,incomplete,partial,{}
933,Alair,,"Jacksonville, AR",,[],,[],,,[],,https://www.thomasnet.com/company/alair-460492/profile,Thomasnet:asme-code-pressure-vessels:arkansas,2026-06-17 03:43:20,incomplete,partial,{}
934,Halgo INC,,"Little Rock, AR",,[],,[],,,[],,https://www.thomasnet.com/company/halgo-inc-1274804/profile,Thomasnet:asme-code-pressure-vessels:arkansas,2026-06-17 03:43:20,incomplete,partial,{}
936,"Springs Fabrication, Inc",,"Colorado Springs, CO",,[],,[],,,[],,https://www.thomasnet.com/company/springs-fabrication-inc-10043588/profile,Thomasnet:asme-code-pressure-vessels:colorado,2026-06-17 03:43:20,incomplete,partial,{}
937,"Bentley Welding, Inc",,"Greeley, CO",,[],,[],,,[],,https://www.thomasnet.com/company/bentley-welding-inc-30933519/profile,Thomasnet:asme-code-pressure-vessels:colorado,2026-06-17 03:43:20,incomplete,partial,{}
938,Precision Pipe Vessel LLC,,"Commerce City, CO",,[],,[],,,[],,https://www.thomasnet.com/company/precision-pipe-vessel-llc-10099363/profile,Thomasnet:asme-code-pressure-vessels:colorado,2026-06-17 03:43:20,incomplete,partial,{}
939,St Louis Pipe Supply,,"Denver, CO",,[],,[],,,[],,https://www.thomasnet.com/company/st-louis-pipe-supply-10033890/profile,Thomasnet:asme-code-pressure-vessels:colorado,2026-06-17 03:43:20,incomplete,partial,{}
941,Longero INC,,"Denver, CO",,[],,[],,,[],,https://www.thomasnet.com/company/longero-inc-1189043/profile,Thomasnet:asme-code-pressure-vessels:colorado,2026-06-17 03:43:20,incomplete,partial,{}
942,Castle Welding & Inspection,,"Lakewood, CO",,[],,[],,,[],,https://www.thomasnet.com/company/castle-welding-inspection-30826740/profile,Thomasnet:asme-code-pressure-vessels:colorado,2026-06-17 03:43:20,incomplete,partial,{}
943,Western Steel Boiler CO,,"Denver, CO",,[],,[],,,[],,https://www.thomasnet.com/company/western-steel-boiler-co-10041728/profile,Thomasnet:asme-code-pressure-vessels:colorado,2026-06-17 03:43:20,incomplete,partial,{}
946,Denver Mineral Engineers INC,,"Littleton, CO",,[],,[],,,[],,https://www.thomasnet.com/company/denver-mineral-engineers-inc-1234664/profile,Thomasnet:asme-code-pressure-vessels:colorado,2026-06-17 03:43:20,incomplete,partial,{}
947,Leed Fabrication Services,,"Brighton, CO",,[],,[],,,[],,https://www.thomasnet.com/company/leed-fabrication-services-10079393/profile,Thomasnet:asme-code-pressure-vessels:colorado,2026-06-17 03:43:20,incomplete,partial,{}
948,"Apex Piping Systems, Inc",,"Newport, DE",,[],,[],,,[],,https://www.thomasnet.com/company/apex-piping-systems-inc-142449/profile,Thomasnet:asme-code-pressure-vessels:delaware,2026-06-17 03:43:20,incomplete,partial,{}
949,"Graver Technologies, LLC",,"Glasgow, DE",,[],,[],,,[],,https://www.thomasnet.com/company/graver-technologies-llc-1029540/profile,Thomasnet:asme-code-pressure-vessels:delaware,2026-06-17 03:43:20,incomplete,partial,{}
950,Supercritical Fluid Technologies INC,,"Newark, DE",,[],,[],,,[],,https://www.thomasnet.com/company/supercritical-fluid-technologies-inc-20077764/profile,Thomasnet:asme-code-pressure-vessels:delaware,2026-06-17 03:43:20,incomplete,partial,{}
951,Reynolds Culligan,,"West Reading, PA",,[],,[],,,[],,https://www.thomasnet.com/company/reynolds-culligan-144207/profile,Thomasnet:frp-tanks:maryland,2026-06-17 04:05:15,incomplete,partial,{}
953,Allied Steel Products Corp,,"Newport, DE",,[],,[],,,[],,https://www.thomasnet.com/company/allied-steel-products-corp-10096218/profile,Thomasnet:asme-code-pressure-vessels:delaware,2026-06-17 03:43:20,incomplete,partial,{}
954,Sheet Metal Contracting CO INC,,"Bear, DE",,[],,[],,,[],,https://www.thomasnet.com/company/sheet-metal-contracting-co-inc-135297/profile,Thomasnet:asme-code-pressure-vessels:delaware,2026-06-17 03:43:20,incomplete,partial,{}
955,"JFD Tube & Coil Products, Inc",,"Hamden, CT",,[],,[],,,[],,https://www.thomasnet.com/company/jfd-tube-coil-products-inc-473727/profile,Thomasnet:asme-code-pressure-vessels:connecticut,2026-06-17 03:43:22,incomplete,partial,{}
956,F.W. Webb Company,,"Hartford, CT",,[],,[],,,[],,https://www.thomasnet.com/company/f-w-webb-company-400881/profile,Thomasnet:frp-tanks:connecticut,2026-06-17 03:44:06,incomplete,partial,{}
957,Isun International Group,,"East Berlin, CT",,[],,[],,,[],,https://www.thomasnet.com/company/isun-international-group-1305390/profile,Thomasnet:asme-code-pressure-vessels:connecticut,2026-06-17 03:43:22,incomplete,partial,{}
960,M M Welding INC,,"Hippo, KY",,[],,[],,,[],,https://www.thomasnet.com/company/m-m-welding-inc-10023921/profile,Thomasnet:asme-code-pressure-vessels:kentucky,2026-06-17 04:02:59,incomplete,partial,{}
961,Eaton Crouse-Hinds Division,,"Williamsport, MD",,[],,[],,,[],,https://www.thomasnet.com/company/eaton-crouse-hinds-division-834094/profile,Thomasnet:asme-code-pressure-vessels:maryland,2026-06-17 04:03:13,incomplete,partial,{}
962,Recor Welding CO INC,,"New Britain, CT",,[],,[],,,[],,https://www.thomasnet.com/company/recor-welding-co-inc-1309459/profile,Thomasnet:asme-code-pressure-vessels:connecticut,2026-06-17 03:43:22,incomplete,partial,{}
963,Naugatuck Manufacturing Company INC,,"Waterbury, CT",,[],,[],,,[],,https://www.thomasnet.com/company/naugatuck-manufacturing-company-inc-10027512/profile,Thomasnet:asme-code-pressure-vessels:connecticut,2026-06-17 03:43:22,incomplete,partial,{}
964,Gas Equipment Engineering Corporation,,"Milford, CT",,[],,[],,,[],,https://www.thomasnet.com/company/gas-equipment-engineering-corporation-467819/profile,Thomasnet:asme-code-pressure-vessels:connecticut,2026-06-17 03:43:22,incomplete,partial,{}
965,Q Labtech LLC,,"Waterford, CT",,[],,[],,,[],,https://www.thomasnet.com/company/q-labtech-llc-30388425/profile,Thomasnet:asme-code-pressure-vessels:connecticut,2026-06-17 03:43:22,incomplete,partial,{}
967,"Johnstone Company, Inc",,"North Haven, CT",,[],,[],,,[],,https://www.thomasnet.com/company/johnstone-company-inc-10098628/profile,Thomasnet:asme-code-pressure-vessels:connecticut,2026-06-17 03:43:22,incomplete,partial,{}
968,"T.J. Banisch, LLC",,"Madison, CT",,[],,[],,,[],,https://www.thomasnet.com/company/t-j-banisch-llc-10108078/profile,Thomasnet:asme-code-pressure-vessels:connecticut,2026-06-17 03:43:22,incomplete,partial,{}
970,The Halvorsen Co,https://www.halvorsenusa.com/,"Garfield Heights, OH 44125",,"[""ASME"", ""ASME-certified"", ""ASTM""]",Custom Manufacturer,"[""Alloy"", ""Alloy Plate"", ""Steel""]",,800-423-7080,"[""Project Manager"", ""Purchasing Manager""]",1955,https://www.thomasnet.com/suppliers/northern-ohio/all-cities/asme-code-pressure-vessels-91721100,Thomasnet,2026-06-17 04:51:31,verified,partial,"{""company_name"": {""source"": ""Thomasnet"", ""date"": ""2026-06-17""}, ""website_url"": {""source"": ""Thomasnet"", ""date"": ""2026-06-17""}, ""headquarters_location"": {""source"": ""Thomasnet"", ""date"": ""2026-06-17""}, ""facility_size_sqft"": {""source"": ""Thomasnet"", ""date"": ""2026-06-17""}, ""primary_business_type"": {""source"": ""Thomasnet"", ""date"": ""2026-06-17""}, ""contact_email"": {""source"": ""Thomasnet"", ""date"": ""2026-06-17""}, ""contact_phone"": {""source"": ""Thomasnet"", ""date"": ""2026-06-17""}, ""year_established"": {""source"": ""Thomasnet"", ""date"": ""2026-06-17""}, ""thomasnet_profile_url"": {""source"": ""Thomasnet"", ""date"": ""2026-06-17""}, ""certifications_held"": {""source"": ""Thomasnet"", ""date"": ""2026-06-17""}, ""materials_handled"": {""source"": ""Thomasnet"", ""date"": ""2026-06-17""}, ""key_personnel"": {""source"": ""Thomasnet"", ""date"": ""2026-06-17""}}"
971,C.P. Eakes Co,,"Greensboro, NC",,[],,[],,,[],,https://www.thomasnet.com/company/c-p-eakes-co-1059207/profile,Thomasnet:asme-code-pressure-vessels:georgia,2026-06-17 03:43:28,incomplete,partial,{}
972,Factory Tour,,"Millville, NJ",,[],,[],,,[],,https://www.thomasnet.com/company/aluminox-welding-services-llc-30994284/profile,Thomasnet:stainless-steel-tanks:maryland,2026-06-17 04:05:05,incomplete,partial,{}
973,Southgate Process Equipment Inc,,"Canton, GA",,[],,[],,,[],,https://www.thomasnet.com/company/southgate-process-equipment-inc-30501728/profile,Thomasnet:asme-code-pressure-vessels:georgia,2026-06-17 03:43:28,incomplete,partial,{}
974,Savanah Tank Equipment Corp,,"Savannah, GA",,[],,[],,,[],,https://www.thomasnet.com/company/savanah-tank-equipment-corp-30976632/profile,Thomasnet:asme-code-pressure-vessels:georgia,2026-06-17 03:43:28,incomplete,partial,{}
975,Sigma Manufacturing,,"Marietta, GA",,[],,[],,,[],,https://www.thomasnet.com/company/sigma-manufacturing-30852999/profile,Thomasnet:asme-code-pressure-vessels:georgia,2026-06-17 03:43:28,incomplete,partial,{}
976,Bitzer US Inc,,"Flowery Branch, GA",,[],,[],,,[],,https://www.thomasnet.com/company/bitzer-us-inc-20084528/profile,Thomasnet:asme-code-pressure-vessels:georgia,2026-06-17 03:43:28,incomplete,partial,{}
977,ROSS Mixers,,"Savannah, GA",,[],,[],,,[],,https://www.thomasnet.com/company/ross-mixers-444838/profile,Thomasnet:stainless-steel-tanks:georgia,2026-06-17 03:43:54,incomplete,partial,{}
980,Crosslink Products CO INC,,"Emerson, GA",,[],,[],,,[],,https://www.thomasnet.com/company/crosslink-products-co-inc-1150901/profile,Thomasnet:asme-code-pressure-vessels:georgia,2026-06-17 03:43:28,incomplete,partial,{}
981,National Boiler Service INC,,"Trenton, GA",,[],,[],,,[],,https://www.thomasnet.com/company/national-boiler-service-inc-30715507/profile,Thomasnet:asme-code-pressure-vessels:georgia,2026-06-17 03:43:28,incomplete,partial,{}
982,"Munroe, Inc",,"Ringgold, GA",,[],,[],,,[],,https://www.thomasnet.com/company/munroe-inc-1006774/profile,Thomasnet:asme-code-pressure-vessels:georgia,2026-06-17 03:43:28,incomplete,partial,{}
984,Chart Industries,,"Ball Ground, GA",,[],,[],,,[],,https://www.thomasnet.com/company/chart-industries-10026385/profile,Thomasnet:asme-code-pressure-vessels:georgia,2026-06-17 03:43:28,incomplete,partial,{}
985,Carbo Tech,,"Monroe, GA",,[],,[],,,[],,https://www.thomasnet.com/company/carbo-tech-10098200/profile,Thomasnet:asme-code-pressure-vessels:georgia,2026-06-17 03:43:28,incomplete,partial,{}
987,"Modern Welding Co. of Kentucky, Inc",,"Elizabethtown, KY",,[],,[],,,[],,https://www.thomasnet.com/company/modern-welding-co-of-kentucky-inc-1083777/profile,Thomasnet:asme-code-pressure-vessels:kentucky,2026-06-17 04:02:59,incomplete,partial,{}
988,Industrial Metalworks INC,,"Savannah, GA",,[],,[],,,[],,https://www.thomasnet.com/company/industrial-metalworks-inc-23976/profile,Thomasnet:asme-code-pressure-vessels:georgia,2026-06-17 03:43:28,incomplete,partial,{}
989,Advanced Vessel Alloy,,"Valdosta, GA",,[],,[],,,[],,https://www.thomasnet.com/company/advanced-vessel-alloy-977909/profile,Thomasnet:asme-code-pressure-vessels:georgia,2026-06-17 03:43:28,incomplete,partial,{}
990,American Alloy Fabricators,,"Norristown, PA",,[],,[],,,[],,https://www.thomasnet.com/company/american-alloy-fabricators-585677/profile,Thomasnet:asme-code-pressure-vessels:maryland,2026-06-17 04:03:13,incomplete,partial,{}
991,Air Compressor Works,,"Riviera Beach, FL",,[],,[],,,[],,https://www.thomasnet.com/company/air-compressor-works-958849/profile,Thomasnet:asme-code-pressure-vessels:florida,2026-06-17 03:43:30,incomplete,partial,{}
992,"Tekna Manufacturing, LLC",,"Zephyrhills, FL",,[],,[],,,[],,https://www.thomasnet.com/company/tekna-manufacturing-llc-30830302/profile,Thomasnet:asme-code-pressure-vessels:florida,2026-06-17 03:43:30,incomplete,partial,{}
993,Industrial Plastic Systems,,"Lakeland, FL",,[],,[],,,[],,https://www.thomasnet.com/company/industrial-plastic-systems-811876/profile,Thomasnet:asme-code-pressure-vessels:florida,2026-06-17 03:43:30,incomplete,partial,{}
994,"Kinequip, Inc",,"Cocoa, FL",,[],,[],,,[],,https://www.thomasnet.com/company/kinequip-inc-379292/profile,Thomasnet:asme-code-pressure-vessels:florida,2026-06-17 03:43:30,incomplete,partial,{}
995,"Metalcraft Services of Tampa, LLC",,"Tampa, FL",,[],,[],,,[],,https://www.thomasnet.com/company/metalcraft-services-of-tampa-llc-30163570/profile,Thomasnet:asme-code-pressure-vessels:florida,2026-06-17 03:43:30,incomplete,partial,{}
996,"Aerex Industries, Inc",,"Fort Pierce, FL",,[],,[],,,[],,https://www.thomasnet.com/company/aerex-industries-inc-30828521/profile,Thomasnet:asme-code-pressure-vessels:florida,2026-06-17 03:43:30,incomplete,partial,{}
997,Reverse Osmosis of South Florida,,"Fort Lauderdale, FL",,[],,[],,,[],,https://www.thomasnet.com/company/reverse-osmosis-of-south-florida-762792/profile,Thomasnet:asme-code-pressure-vessels:florida,2026-06-17 03:43:30,incomplete,partial,{}
998,Dixie Southern,,"Duette, FL",,[],,[],,,[],,https://www.thomasnet.com/company/dixie-southern-811584/profile,Thomasnet:asme-code-pressure-vessels:florida,2026-06-17 03:43:30,incomplete,partial,{}
999,Daico Water Management,,"Valrico, FL",,[],,[],,,[],,https://www.thomasnet.com/company/daico-water-management-982323/profile,Thomasnet:asme-code-pressure-vessels:florida,2026-06-17 03:43:30,incomplete,partial,{}
1003,Gulf Atlantic Equipment CO INC,,"Jacksonville, FL",,[],,[],,,[],,https://www.thomasnet.com/company/gulf-atlantic-equipment-co-inc-769535/profile,Thomasnet:asme-code-pressure-vessels:florida,2026-06-17 03:43:30,incomplete,partial,{}
1006,International Technisystems,,"Miami, FL",,[],,[],,,[],,https://www.thomasnet.com/company/international-technisystems-1075175/profile,Thomasnet:asme-code-pressure-vessels:florida,2026-06-17 03:43:30,incomplete,partial,{}
1007,Systems Engineering Research Facilities Inc (SERF),,"Cantonment, FL",,[],,[],,,[],,https://www.thomasnet.com/company/systems-engineering-research-facilities-inc-serf-799884/profile,Thomasnet:asme-code-pressure-vessels:florida,2026-06-17 03:43:30,incomplete,partial,{}
1008,Filtration Systems,,"Sunrise, FL",,[],,[],,,[],,https://www.thomasnet.com/company/filtration-systems-762066/profile,Thomasnet:asme-code-pressure-vessels:florida,2026-06-17 03:43:30,incomplete,partial,{}
1009,The Roberts Company,,"Mulberry, FL",,[],,[],,,[],,https://www.thomasnet.com/company/the-roberts-company-10050982/profile,Thomasnet:asme-code-pressure-vessels:florida,2026-06-17 03:43:30,incomplete,partial,{}
1010,Dcr Fabrication INC,,"Lakeland, FL",,[],,[],,,[],,https://www.thomasnet.com/company/dcr-fabrication-inc-30745608/profile,Thomasnet:asme-code-pressure-vessels:florida,2026-06-17 03:43:30,incomplete,partial,{}
1011,Waco Filters,,"Tampa, FL",,[],,[],,,[],,https://www.thomasnet.com/company/waco-filters-20101711/profile,Thomasnet:asme-code-pressure-vessels:florida,2026-06-17 03:43:30,incomplete,partial,{}
1012,Bulk Manufacturing CO,,"Plant City, FL",,[],,[],,,[],,https://www.thomasnet.com/company/bulk-manufacturing-co-10060869/profile,Thomasnet:asme-code-pressure-vessels:florida,2026-06-17 03:43:30,incomplete,partial,{}
1013,Brewfab LLC,,"Saint Petersburg, FL",,[],,[],,,[],,https://www.thomasnet.com/company/brewfab-llc-30854048/profile,Thomasnet:asme-code-pressure-vessels:florida,2026-06-17 03:43:30,incomplete,partial,{}
1014,Lenntech,,"South Miami, FL",,[],,[],,,[],,https://www.thomasnet.com/company/lenntech-30874171/profile,Thomasnet:asme-code-pressure-vessels:florida,2026-06-17 03:43:30,incomplete,partial,{}
1015,"Penn Stainless Products, Inc",,"Quakertown, PA",,[],,[],,,[],,https://www.thomasnet.com/company/penn-stainless-products-inc-150505/profile,Thomasnet:stainless-steel-tanks:maryland,2026-06-17 04:05:05,incomplete,partial,{}
1016,Nutmeg Chrome Corporation,,"West Hartford, CT",,[],,[],,,[],,https://www.thomasnet.com/company/nutmeg-chrome-corporation-472084/profile,Thomasnet:stainless-steel-tanks:connecticut,2026-06-17 03:43:50,incomplete,partial,{}
1017,"Metal Finishing Technologies, LLC",,"Bristol, CT",,[],,[],,,[],,https://www.thomasnet.com/company/metal-finishing-technologies-llc-476289/profile,Thomasnet:stainless-steel-tanks:connecticut,2026-06-17 03:43:50,incomplete,partial,{}
1018,Prescott Metal,,"Biddeford, ME",,[],,[],,,[],,https://www.thomasnet.com/company/prescott-metal-385339/profile,Thomasnet:stainless-steel-tanks:maine,2026-06-17 04:04:48,incomplete,partial,{}
1019,Progressive Alloy Steels Unlimited,,"Willimantic, CT",,[],,[],,,[],,https://www.thomasnet.com/company/progressive-alloy-steels-unlimited-10108574/profile,Thomasnet:stainless-steel-tanks:connecticut,2026-06-17 03:43:50,incomplete,partial,{}
1020,Accurate Burring CO LLC,,"Plainville, CT",,[],,[],,,[],,https://www.thomasnet.com/company/accurate-burring-co-llc-473719/profile,Thomasnet:stainless-steel-tanks:connecticut,2026-06-17 03:43:50,incomplete,partial,{}
1021,Scott Metal Finishing LLC,,"Bristol, CT",,[],,[],,,[],,https://www.thomasnet.com/company/scott-metal-finishing-llc-473270/profile,Thomasnet:stainless-steel-tanks:connecticut,2026-06-17 03:43:50,incomplete,partial,{}
1022,"C.S.I.V, Inc",,"Wallingford, CT",,[],,[],,,[],,https://www.thomasnet.com/company/c-s-i-v-inc-30998048/profile,Thomasnet:stainless-steel-tanks:connecticut,2026-06-17 03:43:50,incomplete,partial,{}
1024,New England Chrome Plating INC,,"East Hartford, CT",,[],,[],,,[],,https://www.thomasnet.com/company/new-england-chrome-plating-inc-30165701/profile,Thomasnet:stainless-steel-tanks:connecticut,2026-06-17 03:43:50,incomplete,partial,{}
1025,U.S. Chrome Corporation,,"Kingston, IL",,[],,[],,,[],,https://www.thomasnet.com/company/u-s-chrome-corporation-10039850/profile,Thomasnet:stainless-steel-tanks:illinois,2026-06-17 04:04:55,incomplete,partial,{}
1026,Microfab Company LLC,,"Oxford, CT",,[],,[],,,[],,https://www.thomasnet.com/company/microfab-company-llc-30854427/profile,Thomasnet:stainless-steel-tanks:connecticut,2026-06-17 03:43:50,incomplete,partial,{}
1027,New England Grinding & Machining LLC,,"Bridgeport, CT",,[],,[],,,[],,https://www.thomasnet.com/company/new-england-grinding-machining-llc-1298470/profile,Thomasnet:stainless-steel-tanks:connecticut,2026-06-17 03:43:50,incomplete,partial,{}
1028,Rayco Metal Finishing INC,,"Middletown, CT",,[],,[],,,[],,https://www.thomasnet.com/company/rayco-metal-finishing-inc-468756/profile,Thomasnet:stainless-steel-tanks:connecticut,2026-06-17 03:43:50,incomplete,partial,{}
1029,"ApMar USA, Inc",,"Springfield, MA",,[],,[],,,[],,https://www.thomasnet.com/company/apmar-usa-inc-473091/profile,Thomasnet:stainless-steel-tanks:maine,2026-06-17 04:04:48,incomplete,partial,{}
1030,Jls Metal Finishing,,"Middletown, CT",,[],,[],,,[],,https://www.thomasnet.com/company/jls-metal-finishing-1276584/profile,Thomasnet:stainless-steel-tanks:connecticut,2026-06-17 03:43:50,incomplete,partial,{}
1031,"Sound Manufacturing, Inc",,"Old Saybrook, CT",,[],,[],,,[],,https://www.thomasnet.com/company/sound-manufacturing-inc-1159317/profile,Thomasnet:stainless-steel-tanks:connecticut,2026-06-17 03:43:50,incomplete,partial,{}
1032,Stylecraft Ironworks,,"Oxford, CT",,[],,[],,,[],,https://www.thomasnet.com/company/stylecraft-ironworks-1002406/profile,Thomasnet:stainless-steel-tanks:connecticut,2026-06-17 03:43:50,incomplete,partial,{}
1033,East Coast Precision Manufacturing LLC,,"Killingworth, CT",,[],,[],,,[],,https://www.thomasnet.com/company/east-coast-precision-manufacturing-llc-20093640/profile,Thomasnet:stainless-steel-tanks:connecticut,2026-06-17 03:43:50,incomplete,partial,{}
1034,Mirror Polishing & Plating Company Inc. (MPP Inc.),,"Waterbury, CT",,[],,[],,,[],,https://www.thomasnet.com/company/mirror-polishing-plating-company-inc-mpp-inc-472040/profile,Thomasnet:stainless-steel-tanks:connecticut,2026-06-17 03:43:50,incomplete,partial,{}
1035,Rayco INC,,"New Britain, CT",,[],,[],,,[],,https://www.thomasnet.com/company/rayco-inc-30878950/profile,Thomasnet:stainless-steel-tanks:connecticut,2026-06-17 03:43:50,incomplete,partial,{}
1036,Stewart Stevenson Power Products LLC Atlantic Division,,"Middletown, CT",,[],,[],,,[],,https://www.thomasnet.com/company/stewart-stevenson-power-products-llc-atlantic-division-572630/profile,Thomasnet:frp-tanks:connecticut,2026-06-17 03:44:06,incomplete,partial,{}
1038,"Westport Precision, LLC",,"Stratford, CT",,[],,[],,,[],,https://www.thomasnet.com/company/westport-precision-llc-473326/profile,Thomasnet:stainless-steel-tanks:connecticut,2026-06-17 03:43:50,incomplete,partial,{}
1039,"Hygrade Precision Technologies, LLC",,"Plainville, CT",,[],,[],,,[],,https://www.thomasnet.com/company/hygrade-precision-technologies-llc-474234/profile,Thomasnet:stainless-steel-tanks:connecticut,2026-06-17 03:43:50,incomplete,partial,{}
1040,Metalmasters,,"South Elgin, IL",,[],,[],,,[],,https://www.thomasnet.com/company/metalmasters-20105004/profile,Thomasnet:stainless-steel-tanks:illinois,2026-06-17 04:04:55,incomplete,partial,{}
1041,Advanced Surface Technologies,,"Arvada, CO",,[],,[],,,[],,https://www.thomasnet.com/company/advanced-surface-technologies-1222484/profile,Thomasnet:stainless-steel-tanks:colorado,2026-06-17 03:43:52,incomplete,partial,{}
1042,Accu Tube Corporation,,"Englewood, CO",,[],,[],,,[],,https://www.thomasnet.com/company/accu-tube-corporation-1211631/profile,Thomasnet:stainless-steel-tanks:colorado,2026-06-17 03:43:52,incomplete,partial,{}
1043,Alpha Plastic & Design,,"Fort Collins, CO",,[],,[],,,[],,https://www.thomasnet.com/company/alpha-plastic-design-30721628/profile,Thomasnet:stainless-steel-tanks:colorado,2026-06-17 03:43:52,incomplete,partial,{}
1044,Metalglazers,,"Castle Rock, CO",,[],,[],,,[],,https://www.thomasnet.com/company/metalglazers-30203458/profile,Thomasnet:stainless-steel-tanks:colorado,2026-06-17 03:43:52,incomplete,partial,{}
1047,Colorado Precision Products INC,,"Boulder, CO",,[],,[],,,[],,https://www.thomasnet.com/company/colorado-precision-products-inc-1230027/profile,Thomasnet:stainless-steel-tanks:colorado,2026-06-17 03:43:52,incomplete,partial,{}
1049,General Machine INC,,"Colorado Springs, CO",,[],,[],,,[],,https://www.thomasnet.com/company/general-machine-inc-10016062/profile,Thomasnet:stainless-steel-tanks:colorado,2026-06-17 03:43:52,incomplete,partial,{}
1050,Phoenix Metals,,"Gary, IN",,[],,[],,,[],,https://www.thomasnet.com/company/phoenix-metals-836747/profile,Thomasnet:stainless-steel-tanks:indiana,2026-06-17 04:05:01,incomplete,partial,{}
1051,Shaw Stainless & Alloy,,"Marietta, GA",,[],,[],,,[],,https://www.thomasnet.com/company/shaw-stainless-alloy-905795/profile,Thomasnet:stainless-steel-tanks:georgia,2026-06-17 03:43:54,incomplete,partial,{}
1052,Main Steel LLC,,"Elk Grove Village, IL",,[],,[],,,[],,https://www.thomasnet.com/company/main-steel-llc-997975/profile,Thomasnet:stainless-steel-tanks:illinois,2026-06-17 04:04:55,incomplete,partial,{}
1053,Peachtree Tooling Corp,,"Braselton, GA",,[],,[],,,[],,https://www.thomasnet.com/company/peachtree-tooling-corp-30337527/profile,Thomasnet:stainless-steel-tanks:georgia,2026-06-17 03:43:54,incomplete,partial,{}
1054,Team Metal Finishing,,"Toccoa, GA",,[],,[],,,[],,https://www.thomasnet.com/company/team-metal-finishing-939083/profile,Thomasnet:stainless-steel-tanks:georgia,2026-06-17 03:43:54,incomplete,partial,{}
1055,Shl Automation,,"Tucker, GA",,[],,[],,,[],,https://www.thomasnet.com/company/shl-automation-30679413/profile,Thomasnet:stainless-steel-tanks:georgia,2026-06-17 03:43:54,incomplete,partial,{}
1056,Rockcrete USA,,"Duluth, GA",,[],,[],,,[],,https://www.thomasnet.com/company/rockcrete-usa-30232615/profile,Thomasnet:stainless-steel-tanks:georgia,2026-06-17 03:43:54,incomplete,partial,{}
1057,QCP Enterprises,,"Brunswick, GA",,[],,[],,,[],,https://www.thomasnet.com/company/qcp-enterprises-987875/profile,Thomasnet:stainless-steel-tanks:georgia,2026-06-17 03:43:54,incomplete,partial,{}
1058,Eps,,"Alpharetta, GA",,[],,[],,,[],,https://www.thomasnet.com/company/eps-1285610/profile,Thomasnet:stainless-steel-tanks:georgia,2026-06-17 03:43:54,incomplete,partial,{}
1060,"Blackwell's, Inc",,"Lagrange, GA",,[],,[],,,[],,https://www.thomasnet.com/company/blackwell-s-inc-1305697/profile,Thomasnet:stainless-steel-tanks:georgia,2026-06-17 03:43:54,incomplete,partial,{}
1061,"Benise-Dowling & Associates, Inc",,"Decatur, GA",,[],,[],,,[],,https://www.thomasnet.com/company/benise-dowling-associates-inc-905369/profile,Thomasnet:stainless-steel-tanks:georgia,2026-06-17 03:43:54,incomplete,partial,{}
1062,Standex Engraving Mold-Tech,,"McDonnough, GA",,[],,[],,,[],,https://www.thomasnet.com/company/standex-engraving-mold-tech-10092208/profile,Thomasnet:stainless-steel-tanks:georgia,2026-06-17 03:43:54,incomplete,partial,{}
1063,"Precision Industries, Inc",,"McPherson, KS",,[],,[],,,[],,https://www.thomasnet.com/company/precision-industries-inc-10056198/profile,Thomasnet:stainless-steel-tanks:kansas,2026-06-17 04:04:52,incomplete,partial,{}
1064,Southeast Sealing Inc,,"Conyers, GA",,[],,[],,,[],,https://www.thomasnet.com/company/southeast-sealing-inc-10035815/profile,Thomasnet:stainless-steel-tanks:georgia,2026-06-17 03:43:54,incomplete,partial,{}
1065,Cogri USA INC,,"Kennesaw, GA",,[],,[],,,[],,https://www.thomasnet.com/company/cogri-usa-inc-30967164/profile,Thomasnet:stainless-steel-tanks:georgia,2026-06-17 03:43:54,incomplete,partial,{}
1066,Johnson Bros. Roll Forming Co,,"Berkeley, IL",,[],,[],,,[],,https://www.thomasnet.com/company/johnson-bros-roll-forming-co-453024/profile,Thomasnet:stainless-steel-tanks:georgia,2026-06-17 03:43:54,incomplete,partial,{}
1067,"Bishop Metal Stamping, Inc",,"Charlotte, NC",,[],,[],,,[],,https://www.thomasnet.com/company/bishop-metal-stamping-inc-27765/profile,Thomasnet:stainless-steel-tanks:georgia,2026-06-17 03:43:54,incomplete,partial,{}
1069,"Williams Metalfinishing, Inc",,"Sinking Spring, PA",,[],,[],,,[],,https://www.thomasnet.com/company/williams-metalfinishing-inc-141007/profile,Thomasnet:stainless-steel-tanks:delaware,2026-06-17 03:43:56,incomplete,partial,{}
1070,"Precision Finishing, Inc",,"Quakertown, PA",,[],,[],,,[],,https://www.thomasnet.com/company/precision-finishing-inc-139807/profile,Thomasnet:stainless-steel-tanks:maryland,2026-06-17 04:05:05,incomplete,partial,{}
1071,"R/J Florig Industrial Co., Inc",,"Conshohocken, PA",,[],,[],,,[],,https://www.thomasnet.com/company/r-j-florig-industrial-co-inc-1083741/profile,Thomasnet:stainless-steel-tanks:delaware,2026-06-17 03:43:56,incomplete,partial,{}
1072,A H Metals,,"Newark, DE",,[],,[],,,[],,https://www.thomasnet.com/company/a-h-metals-135492/profile,Thomasnet:stainless-steel-tanks:delaware,2026-06-17 03:43:56,incomplete,partial,{}
1073,Commercial Cleaning Services,,"Wilmington, DE",,[],,[],,,[],,https://www.thomasnet.com/company/commercial-cleaning-services-30792692/profile,Thomasnet:stainless-steel-tanks:delaware,2026-06-17 03:43:56,incomplete,partial,{}
1075,"Level 7 Chemical, Inc",,"Conway, AR",,[],,[],,,[],,https://www.thomasnet.com/company/level-7-chemical-inc-30998358/profile,Thomasnet:frp-tanks:arkansas,2026-06-17 03:44:00,incomplete,partial,{}
1076,"Bio-Tech Pharmacal, Inc",,"Fayetteville, AR",,[],,[],,,[],,https://www.thomasnet.com/company/bio-tech-pharmacal-inc-30839653/profile,Thomasnet:frp-tanks:arkansas,2026-06-17 03:44:00,incomplete,partial,{}
1079,"Parker Solvents Company, Inc",,"Fort Smith, AR",,[],,[],,,[],,https://www.thomasnet.com/company/parker-solvents-company-inc-30930199/profile,Thomasnet:frp-tanks:arkansas,2026-06-17 03:44:00,incomplete,partial,{}
1080,Swift Chemical CO,,"Rogers, AR",,[],,[],,,[],,https://www.thomasnet.com/company/swift-chemical-co-1200349/profile,Thomasnet:frp-tanks:arkansas,2026-06-17 03:44:00,incomplete,partial,{}
1082,"Leaucon, Inc",,"Malvern, AR",,[],,[],,,[],,https://www.thomasnet.com/company/leaucon-inc-1212623/profile,Thomasnet:frp-tanks:arkansas,2026-06-17 03:44:00,incomplete,partial,{}
1085,"Hawkins, Inc",,"Frankfort, KY",,[],,[],,,[],,https://www.thomasnet.com/company/hawkins-inc-1248805/profile,Thomasnet:frp-tanks:kentucky,2026-06-17 04:05:33,incomplete,partial,{}
1087,Abernathy Company,,"Conway, AR",,[],,[],,,[],,https://www.thomasnet.com/company/chemical-distribution-solutions-30789039/profile,Thomasnet:frp-tanks:arkansas,2026-06-17 03:44:00,incomplete,partial,{}
1089,Olin Corp,,"Russellville, AR",,[],,[],,,[],,https://www.thomasnet.com/company/olin-corp-631036/profile,Thomasnet:frp-tanks:arkansas,2026-06-17 03:44:00,incomplete,partial,{}
1090,Koppers Inc,,"Overland Park, KS",,[],,[],,,[],,https://www.thomasnet.com/company/koppers-inc-163113/profile,Thomasnet:frp-tanks:kansas,2026-06-17 04:05:29,incomplete,partial,{}
1091,Evonik Corporation,,"Osceola, AR",,[],,[],,,[],,https://www.thomasnet.com/company/evonik-corporation-583312/profile,Thomasnet:frp-tanks:arkansas,2026-06-17 03:44:00,incomplete,partial,{}
1092,Gnb Battery Technologies,,"Fort Smith, AR",,[],,[],,,[],,https://www.thomasnet.com/company/gnb-battery-technologies-1187525/profile,Thomasnet:frp-tanks:arkansas,2026-06-17 03:44:00,incomplete,partial,{}
1093,Mr Plastic INC,,"Little Rock, AR",,[],,[],,,[],,https://www.thomasnet.com/company/mr-plastic-inc-30980382/profile,Thomasnet:frp-tanks:arkansas,2026-06-17 03:44:00,incomplete,partial,{}
1094,Earth Science Laboratories INC,,"Rogers, AR",,[],,[],,,[],,https://www.thomasnet.com/company/earth-science-laboratories-inc-30995322/profile,Thomasnet:frp-tanks:arkansas,2026-06-17 03:44:00,incomplete,partial,{}
1095,Murphy Oil Co,,"El Dorado, AR",,[],,[],,,[],,https://www.thomasnet.com/company/murphy-oil-co-10086739/profile,Thomasnet:frp-tanks:arkansas,2026-06-17 03:44:00,incomplete,partial,{}
1096,Screenprinting.com,,"Harriston, AR",,[],,[],,,[],,https://www.thomasnet.com/company/screenprinting-com-20059589/profile,Thomasnet:frp-tanks:arkansas,2026-06-17 03:44:00,incomplete,partial,{}
1097,IR-G Industrial Rubber & Gasket,,"Blytheville, AR",,[],,[],,,[],,https://www.thomasnet.com/company/ir-g-industrial-rubber-gasket-872326/profile,Thomasnet:frp-tanks:arkansas,2026-06-17 03:44:00,incomplete,partial,{}
1098,"Conway Industrial Supply, Inc",,"Conway, AR",,[],,[],,,[],,https://www.thomasnet.com/company/conway-industrial-supply-inc-30123893/profile,Thomasnet:frp-tanks:arkansas,2026-06-17 03:44:00,incomplete,partial,{}
1099,"Chardon Laboratories, Inc",,"Reynoldsburg, OH",,[],,[],,,[],,https://www.thomasnet.com/company/chardon-laboratories-inc-35832/profile,Thomasnet:frp-tanks:kentucky,2026-06-17 04:05:33,incomplete,partial,{}
1100,Hibrett Puratex,,"Pennsauken, NJ",,[],,[],,,[],,https://www.thomasnet.com/company/hibrett-puratex-577267/profile,Thomasnet:frp-tanks:delaware,2026-06-17 03:44:02,incomplete,partial,{}
1103,"Shanghai Sanfu Chemical Co., Ltd d/b/a EcoFluor Chemical Inc",,"Dover, DE",,[],,[],,,[],,https://www.thomasnet.com/company/shanghai-sanfu-chemical-co-ltd-d-b-a-ecofluor-chemical-inc-31008217/profile,Thomasnet:frp-tanks:delaware,2026-06-17 03:44:02,incomplete,partial,{}
1104,"Diversified Chemical Products, Inc",,"Wilmington, DE",,[],,[],,,[],,https://www.thomasnet.com/company/diversified-chemical-products-inc-698764/profile,Thomasnet:frp-tanks:delaware,2026-06-17 03:44:02,incomplete,partial,{}
1105,"U.S. Chlorides, Inc",,"Dover, DE",,[],,[],,,[],,https://www.thomasnet.com/company/u-s-chlorides-inc-30784295/profile,Thomasnet:frp-tanks:delaware,2026-06-17 03:44:02,incomplete,partial,{}
1106,Rohm Haas CO,,"Wilmington, DE",,[],,[],,,[],,https://www.thomasnet.com/company/rohm-haas-co-135265/profile,Thomasnet:frp-tanks:delaware,2026-06-17 03:44:02,incomplete,partial,{}
1107,Enerkem INC,,"Montreal, QC",,[],,[],,,[],,https://www.thomasnet.com/company/enerkem-inc-30916215/profile,Thomasnet:frp-tanks:delaware,2026-06-17 03:44:02,incomplete,partial,{}
1108,Indo Amines Americas LLC,,"Wilmington, DE",,[],,[],,,[],,https://www.thomasnet.com/company/indo-amines-americas-llc-30834638/profile,Thomasnet:frp-tanks:delaware,2026-06-17 03:44:02,incomplete,partial,{}
1109,100salts,,"Wilmington, DE",,[],,[],,,[],,https://www.thomasnet.com/company/100salts-30532668/profile,Thomasnet:frp-tanks:delaware,2026-06-17 03:44:02,incomplete,partial,{}
1110,PDM Chemicals,,"Newark, DE",,[],,[],,,[],,https://www.thomasnet.com/company/cyclesolv-com-20044251/profile,Thomasnet:frp-tanks:delaware,2026-06-17 03:44:02,incomplete,partial,{}
1112,"Kuehne Chemical Co., Inc",,"Delaware City, DE",,[],,[],,,[],,https://www.thomasnet.com/company/kuehne-chemical-co-inc-142168/profile,Thomasnet:frp-tanks:delaware,2026-06-17 03:44:02,incomplete,partial,{}
1113,The Chemours Company,,"Wilmington, DE",,[],,[],,,[],,https://www.thomasnet.com/company/the-chemours-company-10080270/profile,Thomasnet:frp-tanks:delaware,2026-06-17 03:44:02,incomplete,partial,{}
1114,Innospec,,"Newark, DE",,[],,[],,,[],,https://www.thomasnet.com/company/innospec-30847579/profile,Thomasnet:frp-tanks:delaware,2026-06-17 03:44:02,incomplete,partial,{}
1115,Croda INC and Sederma INC,,"New Castle, DE",,[],,[],,,[],,https://www.thomasnet.com/company/croda-inc-and-sederma-inc-10018959/profile,Thomasnet:frp-tanks:delaware,2026-06-17 03:44:02,incomplete,partial,{}
1116,Ashland,,"Russell, KY",,[],,[],,,[],,https://www.thomasnet.com/company/ashland-10044591/profile,Thomasnet:frp-tanks:kentucky,2026-06-17 04:05:33,incomplete,partial,{}
1117,Precise Peg LLC,,"Wilmington, DE",,[],,[],,,[],,https://www.thomasnet.com/company/precise-peg-llc-30994202/profile,Thomasnet:frp-tanks:delaware,2026-06-17 03:44:02,incomplete,partial,{}
1118,Diamond Chemical Supply CO INC,,"Wilmington, DE",,[],,[],,,[],,https://www.thomasnet.com/company/diamond-chemical-supply-co-inc-135439/profile,Thomasnet:frp-tanks:delaware,2026-06-17 03:44:02,incomplete,partial,{}
1120,"Atlantic Screen & Mfg., Inc",,"Milton, DE",,[],,[],,,[],,https://www.thomasnet.com/company/atlantic-screen-mfg-inc-699676/profile,Thomasnet:frp-tanks:delaware,2026-06-17 03:44:02,incomplete,partial,{}
1121,Solenis,,"Wilmington, DE",,[],,[],,,[],,https://www.thomasnet.com/company/solenis-30839810/profile,Thomasnet:frp-tanks:delaware,2026-06-17 03:44:02,incomplete,partial,{}
1122,Cornerstone Technology LLC,,"Newark, DE",,[],,[],,,[],,https://www.thomasnet.com/company/cornerstone-technology-llc-30947248/profile,Thomasnet:frp-tanks:delaware,2026-06-17 03:44:02,incomplete,partial,{}
1123,Agrevo USA CO,,"Wilmington, DE",,[],,[],,,[],,https://www.thomasnet.com/company/agrevo-usa-co-1309984/profile,Thomasnet:frp-tanks:delaware,2026-06-17 03:44:02,incomplete,partial,{}
1125,Ayers International Corp,,"Greenwich, CT",,[],,[],,,[],,https://www.thomasnet.com/company/ayers-international-corp-10003799/profile,Thomasnet:frp-tanks:connecticut,2026-06-17 03:44:06,incomplete,partial,{}
1126,Rsa Corporation,,"Danbury, CT",,[],,[],,,[],,https://www.thomasnet.com/company/rsa-corporation-419832/profile,Thomasnet:frp-tanks:connecticut,2026-06-17 03:44:06,incomplete,partial,{}
1127,Chessco Industries INC,,"Westport, CT",,[],,[],,,[],,https://www.thomasnet.com/company/chessco-industries-inc-422766/profile,Thomasnet:frp-tanks:connecticut,2026-06-17 03:44:06,incomplete,partial,{}
1128,Amsyn INC,,"Stamford, CT",,[],,[],,,[],,https://www.thomasnet.com/company/amsyn-inc-1046091/profile,Thomasnet:frp-tanks:connecticut,2026-06-17 03:44:06,incomplete,partial,{}
1129,AG&P Mineral Purveyors Inc,,"New Milford, CT",,[],,[],,,[],,https://www.thomasnet.com/company/ag-p-mineral-purveyors-inc-30984140/profile,Thomasnet:frp-tanks:connecticut,2026-06-17 03:44:06,incomplete,partial,{}
1131,"PVS Chemicals Solutions, Inc",,"Louisville, KY",,[],,[],,,[],,https://www.thomasnet.com/company/pvs-chemicals-solutions-inc-47218/profile,Thomasnet:frp-tanks:kentucky,2026-06-17 04:05:33,incomplete,partial,{}
1132,Pfaltz Bauer,,"Waterbury, CT",,[],,[],,,[],,https://www.thomasnet.com/company/pfaltz-bauer-685218/profile,Thomasnet:frp-tanks:connecticut,2026-06-17 03:44:06,incomplete,partial,{}
1133,Rain Carbon Inc,,"Stamford, CT",,[],,[],,,[],,https://www.thomasnet.com/company/rain-carbon-inc-30849536/profile,Thomasnet:frp-tanks:connecticut,2026-06-17 03:44:06,incomplete,partial,{}
1134,LANXESS,,"Shelton, CT",,[],,[],,,[],,https://www.thomasnet.com/company/lanxess-20073134/profile,Thomasnet:frp-tanks:connecticut,2026-06-17 03:44:06,incomplete,partial,{}
1135,Rose Mill Co,,"West Hartford, CT",,[],,[],,,[],,https://www.thomasnet.com/company/rose-mill-co-1191046/profile,Thomasnet:frp-tanks:connecticut,2026-06-17 03:44:06,incomplete,partial,{}
1136,MSC Industrial Supply Co,,"Melville, NY",,[],,[],,,[],,https://www.thomasnet.com/company/msc-industrial-supply-co-424725/profile,Thomasnet:frp-tanks:iowa,2026-06-17 04:05:21,incomplete,partial,{}
1138,"Double Bond Chemical Co., Ltd",,"West Simsbury, CT",,[],,[],,,[],,https://www.thomasnet.com/company/double-bond-chemical-co-ltd-30844144/profile,Thomasnet:frp-tanks:connecticut,2026-06-17 03:44:06,incomplete,partial,{}
1139,"Prochimie International, Inc",,"Windsor, CT",,[],,[],,,[],,https://www.thomasnet.com/company/prochimie-international-inc-30964386/profile,Thomasnet:frp-tanks:connecticut,2026-06-17 03:44:06,incomplete,partial,{}
1140,Industrialsafety Com,,"Westport, CT",,[],,[],,,[],,https://www.thomasnet.com/company/industrialsafety-com-30726578/profile,Thomasnet:frp-tanks:connecticut,2026-06-17 03:44:06,incomplete,partial,{}
1141,Miller-Stephenson Chemical Company,,"Danbury, CT",,[],,[],,,[],,https://www.thomasnet.com/company/miller-stephenson-chemical-company-10026268/profile,Thomasnet:frp-tanks:connecticut,2026-06-17 03:44:06,incomplete,partial,{}
1142,"U.S. Chemicals, LLC",,"New Canaan, CT",,[],,[],,,[],,https://www.thomasnet.com/company/u-s-chemicals-llc-827597/profile,Thomasnet:frp-tanks:connecticut,2026-06-17 03:44:06,incomplete,partial,{}
1143,Hampford Research,,"Stratford, CT",,[],,[],,,[],,https://www.thomasnet.com/company/hampford-research-672857/profile,Thomasnet:frp-tanks:connecticut,2026-06-17 03:44:06,incomplete,partial,{}
1144,R T Vanderbilt Holding Company INC,,"Norwalk, CT",,[],,[],,,[],,https://www.thomasnet.com/company/r-t-vanderbilt-holding-company-inc-30960059/profile,Thomasnet:frp-tanks:connecticut,2026-06-17 03:44:06,incomplete,partial,{}
1147,Abosyn Chemicals INC,,"Branford, CT",,[],,[],,,[],,https://www.thomasnet.com/company/abosyn-chemicals-inc-30987724/profile,Thomasnet:frp-tanks:connecticut,2026-06-17 03:44:06,incomplete,partial,{}
1149,"Anchor Machine & Fabrication, Inc",,"Tampa, FL",,[],,[],,,[],,https://www.thomasnet.com/company/anchor-machine-fabrication-inc-1081468/profile,Thomasnet:stainless-steel-tanks:florida,2026-06-17 03:44:10,incomplete,partial,{}
1150,Astro Pak,,"Indianapolis, IN",,[],,[],,,[],,https://www.thomasnet.com/company/astro-pak-30110179/profile,Thomasnet:stainless-steel-tanks:indiana,2026-06-17 04:05:01,incomplete,partial,{}
1151,Big Dogs Extreme Hydrographics LLC,,"Zephyrhills, FL",,[],,[],,,[],,https://www.thomasnet.com/company/big-dogs-extreme-hydrographics-llc-30673371/profile,Thomasnet:stainless-steel-tanks:florida,2026-06-17 03:44:10,incomplete,partial,{}
1152,S&B Metal Products,,"Daytona Beach, FL",,[],,[],,,[],,https://www.thomasnet.com/company/s-b-metal-products-1134008/profile,Thomasnet:stainless-steel-tanks:florida,2026-06-17 03:44:10,incomplete,partial,{}
1154,Sleek Finishing,,"Lakeland, FL",,[],,[],,,[],,https://www.thomasnet.com/company/sleek-finishing-30966298/profile,Thomasnet:stainless-steel-tanks:florida,2026-06-17 03:44:10,incomplete,partial,{}
1155,"Sterling Process Equipment and Services, Inc",,"Lakeland, FL",,[],,[],,,[],,https://www.thomasnet.com/company/sterling-process-equipment-and-services-inc-20101370/profile,Thomasnet:stainless-steel-tanks:florida,2026-06-17 03:44:10,incomplete,partial,{}
1156,Metal Shop USA INC,,"New Port Richey, FL",,[],,[],,,[],,https://www.thomasnet.com/company/metal-shop-usa-inc-30407228/profile,Thomasnet:stainless-steel-tanks:florida,2026-06-17 03:44:10,incomplete,partial,{}
1157,The Polishing Shop,,"Fort Lauderdale, FL",,[],,[],,,[],,https://www.thomasnet.com/company/the-polishing-shop-20081649/profile,Thomasnet:stainless-steel-tanks:florida,2026-06-17 03:44:10,incomplete,partial,{}
1158,Best Fabrications INC,,"Bartow, FL",,[],,[],,,[],,https://www.thomasnet.com/company/best-fabrications-inc-30118051/profile,Thomasnet:stainless-steel-tanks:florida,2026-06-17 03:44:10,incomplete,partial,{}
1159,3 Axis Development INC,,"Boynton Beach, FL",,[],,[],,,[],,https://www.thomasnet.com/company/3-axis-development-inc-30149343/profile,Thomasnet:stainless-steel-tanks:florida,2026-06-17 03:44:10,incomplete,partial,{}
1160,Migrandy Corp,,"Merritt Island, FL",,[],,[],,,[],,https://www.thomasnet.com/company/migrandy-corp-754153/profile,Thomasnet:stainless-steel-tanks:florida,2026-06-17 03:44:10,incomplete,partial,{}
1161,Florida Metal Refinishing,,"Tampa, FL",,[],,[],,,[],,https://www.thomasnet.com/company/florida-metal-refinishing-736048/profile,Thomasnet:stainless-steel-tanks:florida,2026-06-17 03:44:10,incomplete,partial,{}
1162,Southeast Waterjet Services,,"Fort Pierce, FL",,[],,[],,,[],,https://www.thomasnet.com/company/southeast-waterjet-services-30852926/profile,Thomasnet:stainless-steel-tanks:florida,2026-06-17 03:44:10,incomplete,partial,{}
1163,All Custom Fabrication INC,,"Brooksville, FL",,[],,[],,,[],,https://www.thomasnet.com/company/all-custom-fabrication-inc-30878378/profile,Thomasnet:stainless-steel-tanks:florida,2026-06-17 03:44:10,incomplete,partial,{}
1164,Yeager Manufacturing Technologies,,"Winter Park, FL",,[],,[],,,[],,https://www.thomasnet.com/company/yeager-manufacturing-technologies-30990476/profile,Thomasnet:stainless-steel-tanks:florida,2026-06-17 03:44:10,incomplete,partial,{}
1165,Accurate Metal Finishing of Florida INC,,"Rockledge, FL",,[],,[],,,[],,https://www.thomasnet.com/company/accurate-metal-finishing-of-florida-inc-704175/profile,Thomasnet:stainless-steel-tanks:florida,2026-06-17 03:44:10,incomplete,partial,{}
1166,Mark Plating,,"West Palm Beach, FL",,[],,[],,,[],,https://www.thomasnet.com/company/mark-plating-30788612/profile,Thomasnet:stainless-steel-tanks:florida,2026-06-17 03:44:10,incomplete,partial,{}
1167,Galo S Polishers Corp,,"Miami, FL",,[],,[],,,[],,https://www.thomasnet.com/company/galo-s-polishers-corp-786228/profile,Thomasnet:stainless-steel-tanks:florida,2026-06-17 03:44:10,incomplete,partial,{}
1168,Fill Tech Solutions INC,,"Largo, FL",,[],,[],,,[],,https://www.thomasnet.com/company/fill-tech-solutions-inc-30720983/profile,Thomasnet:stainless-steel-tanks:florida,2026-06-17 03:44:10,incomplete,partial,{}
1169,B Oscar S Plating Polishing INC,,"Miami, FL",,[],,[],,,[],,https://www.thomasnet.com/company/b-oscar-s-plating-polishing-inc-787402/profile,Thomasnet:stainless-steel-tanks:florida,2026-06-17 03:44:10,incomplete,partial,{}
1170,Stainless Precision Engineering LLC,,"Jacksonville, FL",,[],,[],,,[],,https://www.thomasnet.com/company/stainless-precision-engineering-llc-31002941/profile,Thomasnet:stainless-steel-tanks:florida,2026-06-17 03:44:10,incomplete,partial,{}
1171,Anodize LLC,,"Ocala, FL",,[],,[],,,[],,https://www.thomasnet.com/company/anodize-llc-30707232/profile,Thomasnet:stainless-steel-tanks:florida,2026-06-17 03:44:10,incomplete,partial,{}
1172,"MSK Precision Products, Inc",,"Tamarac, FL",,[],,[],,,[],,https://www.thomasnet.com/company/msk-precision-products-inc-752232/profile,Thomasnet:stainless-steel-tanks:florida,2026-06-17 03:44:10,incomplete,partial,{}
1173,Marsh Fasteners,,"Jupiter, FL",,[],,[],,,[],,https://www.thomasnet.com/company/marsh-fasteners-30167905/profile,Thomasnet:stainless-steel-tanks:florida,2026-06-17 03:44:10,incomplete,partial,{}
1174,Sowega Chlorinator CO INC,,"Albany, GA",,[],,[],,,[],,https://www.thomasnet.com/company/sowega-chlorinator-co-inc-31004038/profile,Thomasnet:frp-tanks:georgia,2026-06-17 03:44:12,incomplete,partial,{}
1175,"Miura America Co., Ltd",,"Rockmart, GA",,[],,[],,,[],,https://www.thomasnet.com/company/miura-america-co-ltd-30177039/profile,Thomasnet:frp-tanks:georgia,2026-06-17 03:44:12,incomplete,partial,{}
1177,ChemWorld,,"Roswell, GA",,[],,[],,,[],,https://www.thomasnet.com/company/chemworld-30832435/profile,Thomasnet:frp-tanks:georgia,2026-06-17 03:44:12,incomplete,partial,{}
1178,"Connect Chemicals USA, LLC",,"Atlanta, GA",,[],,[],,,[],,https://www.thomasnet.com/company/connect-chemicals-usa-llc-30808631/profile,Thomasnet:frp-tanks:georgia,2026-06-17 03:44:12,incomplete,partial,{}
1179,"AlzChem, LLC",,"Marietta, GA",,[],,[],,,[],,https://www.thomasnet.com/company/alzchem-llc-30755552/profile,Thomasnet:frp-tanks:georgia,2026-06-17 03:44:12,incomplete,partial,{}
1180,CJB Industries,,"Valdosta, GA",,[],,[],,,[],,https://www.thomasnet.com/company/cjb-industries-10076398/profile,Thomasnet:frp-tanks:georgia,2026-06-17 03:44:12,incomplete,partial,{}
1181,Optima Chemical Group LLC,,"Douglas, GA",,[],,[],,,[],,https://www.thomasnet.com/company/optima-chemical-group-llc-842302/profile,Thomasnet:frp-tanks:georgia,2026-06-17 03:44:12,incomplete,partial,{}
1182,Colonial Chemical Solutions Inc,,"Savannah, GA",,[],,[],,,[],,https://www.thomasnet.com/company/colonial-chemical-solutions-inc-30863400/profile,Thomasnet:frp-tanks:georgia,2026-06-17 03:44:12,incomplete,partial,{}
1183,Reddy Chemtech INC,,"Kennesaw, GA",,[],,[],,,[],,https://www.thomasnet.com/company/reddy-chemtech-inc-30753543/profile,Thomasnet:frp-tanks:georgia,2026-06-17 03:44:12,incomplete,partial,{}
1184,RITA Corporation,,"Crystal Lake, IL",,[],,[],,,[],,https://www.thomasnet.com/company/rita-corporation-452034/profile,Thomasnet:frp-tanks:illinois,2026-06-17 04:05:05,incomplete,partial,{}
1185,PQ Corp,,"Baltimore, MD",,[],,[],,,[],,https://www.thomasnet.com/company/philadelphia-quartz-co-10030091/profile,Thomasnet:frp-tanks:maryland,2026-06-17 04:05:15,incomplete,partial,{}
1187,"Vista Supply & Services, Llc",,"Marietta, GA",,[],,[],,,[],,https://www.thomasnet.com/company/vista-supply-services-llc-30920338/profile,Thomasnet:frp-tanks:georgia,2026-06-17 03:44:12,incomplete,partial,{}
1189,Natrochem INC,,"Savannah, GA",,[],,[],,,[],,https://www.thomasnet.com/company/natrochem-inc-23921/profile,Thomasnet:frp-tanks:georgia,2026-06-17 03:44:12,incomplete,partial,{}
1191,"Fang Phos, Inc",,"Carrollton, GA",,[],,[],,,[],,https://www.thomasnet.com/company/fang-phos-inc-849153/profile,Thomasnet:frp-tanks:georgia,2026-06-17 03:44:12,incomplete,partial,{}
1192,"Kor-Chem, Inc",,"Atlanta, GA",,[],,[],,,[],,https://www.thomasnet.com/company/kor-chem-inc-909091/profile,Thomasnet:frp-tanks:georgia,2026-06-17 03:44:12,incomplete,partial,{}
1193,"Mayzo, Inc",,"Suwanee, GA",,[],,[],,,[],,https://www.thomasnet.com/company/mayzo-inc-10052955/profile,Thomasnet:frp-tanks:georgia,2026-06-17 03:44:12,incomplete,partial,{}
1194,Qualchem INC,,"Duluth, GA",,[],,[],,,[],,https://www.thomasnet.com/company/qualchem-inc-30837024/profile,Thomasnet:frp-tanks:georgia,2026-06-17 03:44:12,incomplete,partial,{}
1196,"Chemrite, Inc",,"Buford, GA",,[],,[],,,[],,https://www.thomasnet.com/company/chemrite-inc-30920644/profile,Thomasnet:frp-tanks:georgia,2026-06-17 03:44:12,incomplete,partial,{}
1198,Griffin LLC,,"Valdosta, GA",,[],,[],,,[],,https://www.thomasnet.com/company/griffin-llc-10061246/profile,Thomasnet:frp-tanks:georgia,2026-06-17 03:44:12,incomplete,partial,{}
1199,American Water Chemicals Inc,,"Plant City, FL",,[],,[],,,[],,https://www.thomasnet.com/company/american-water-chemicals-inc-30757751/profile,Thomasnet:frp-tanks:florida,2026-06-17 03:44:19,incomplete,partial,{}
1200,All Trade International LLC,,"Doral, FL",,[],,[],,,[],,https://www.thomasnet.com/company/all-trade-international-llc-30870653/profile,Thomasnet:frp-tanks:florida,2026-06-17 03:44:19,incomplete,partial,{}
1201,Vital Oxide,,"West Palm Beach, FL",,[],,[],,,[],,https://www.thomasnet.com/company/vital-oxide-30923041/profile,Thomasnet:frp-tanks:florida,2026-06-17 03:44:19,incomplete,partial,{}
1202,Esin Chemical,,"Plantation, FL",,[],,[],,,[],,https://www.thomasnet.com/company/esin-chemical-30972992/profile,Thomasnet:frp-tanks:florida,2026-06-17 03:44:19,incomplete,partial,{}
1203,Astor Products INC,,"Jacksonville, FL",,[],,[],,,[],,https://www.thomasnet.com/company/astor-products-inc-10003359/profile,Thomasnet:frp-tanks:florida,2026-06-17 03:44:19,incomplete,partial,{}
1204,Terra Asgrow Florida CO,,"Immokalee, FL",,[],,[],,,[],,https://www.thomasnet.com/company/terra-asgrow-florida-co-719400/profile,Thomasnet:frp-tanks:florida,2026-06-17 03:44:19,incomplete,partial,{}
1205,Barentz,,"Boca Raton, FL",,[],,[],,,[],,https://www.thomasnet.com/company/barentz-30863567/profile,Thomasnet:frp-tanks:florida,2026-06-17 03:44:19,incomplete,partial,{}
1206,Technic Inc,,"Arlington Heights, IL",,[],,[],,,[],,https://www.thomasnet.com/company/technic-inc-10025890/profile,Thomasnet:frp-tanks:illinois,2026-06-17 04:05:05,incomplete,partial,{}
1207,Thatcher Chemical Co,,"Twin Falls, ID",,[],,[],,,[],,https://www.thomasnet.com/company/thatcher-chemical-co-1205952/profile,Thomasnet:frp-tanks:idaho,2026-06-17 04:05:05,incomplete,partial,{}
1208,ASG Chemie,,"Gainesville, FL",,[],,[],,,[],,https://www.thomasnet.com/company/asg-chemie-31000255/profile,Thomasnet:frp-tanks:florida,2026-06-17 03:44:19,incomplete,partial,{}
1210,Ftf Scientific,,"Pensacola, FL",,[],,[],,,[],,https://www.thomasnet.com/company/ftf-scientific-30986395/profile,Thomasnet:frp-tanks:florida,2026-06-17 03:44:19,incomplete,partial,{}
1212,Lorad Chemical Corporation,,"St. Petersburg, FL",,[],,[],,,[],,https://www.thomasnet.com/company/lorad-chemical-corporation-1284509/profile,Thomasnet:frp-tanks:florida,2026-06-17 03:44:19,incomplete,partial,{}
1213,Darwin Chemical Company,,"Weston, FL",,[],,[],,,[],,https://www.thomasnet.com/company/darwin-chemical-company-30996654/profile,Thomasnet:frp-tanks:florida,2026-06-17 03:44:19,incomplete,partial,{}
1214,Matheson,,"Prestonsburg, KY",,[],,[],,,[],,https://www.thomasnet.com/company/matheson-30129799/profile,Thomasnet:frp-tanks:kentucky,2026-06-17 04:05:33,incomplete,partial,{}
1215,Kemcal LLC,,"Neptune Beach, FL",,[],,[],,,[],,https://www.thomasnet.com/company/kemcal-llc-31002552/profile,Thomasnet:frp-tanks:florida,2026-06-17 03:44:19,incomplete,partial,{}
1217,Ez Chem LLC,,"Miramar, FL",,[],,[],,,[],,https://www.thomasnet.com/company/ez-chem-llc-30996675/profile,Thomasnet:frp-tanks:florida,2026-06-17 03:44:19,incomplete,partial,{}
1218,Brewer International,,"Tampa, FL",,[],,[],,,[],,https://www.thomasnet.com/company/yara-north-america-inc-30752900/profile,Thomasnet:frp-tanks:florida,2026-06-17 03:44:19,incomplete,partial,{}
1221,Copa Supplies LLC,,"Orlando, FL",,[],,[],,,[],,https://www.thomasnet.com/company/copa-supplies-llc-30871397/profile,Thomasnet:frp-tanks:florida,2026-06-17 03:44:19,incomplete,partial,{}
1222,SDI Chemicals,,"Fort Lauderdale, FL",,[],,[],,,[],,https://www.thomasnet.com/company/sdi-chemicals-31001866/profile,Thomasnet:frp-tanks:florida,2026-06-17 03:44:19,incomplete,partial,{}
1223,Chemical Standards Laboratory INC,,"Clearwater, FL",,[],,[],,,[],,https://www.thomasnet.com/company/chemical-standards-laboratory-inc-10017324/profile,Thomasnet:frp-tanks:florida,2026-06-17 03:44:19,incomplete,partial,{}
1440,Hemisphere Machinery,,"Granger, IA",,"[""STI/SPFA Member""]",Steel Tank / Pipe Fabricator,"[""Carbon Steel"", ""Steel""]",,515-999-9988,[],,,STI-SPFA,2026-06-17 04:59:28,verified,verified,"{""company_name"": {""source"": ""STI-SPFA"", ""date"": ""2026-06-17""}, ""headquarters_location"": {""source"": ""STI-SPFA"", ""date"": ""2026-06-17""}, ""primary_business_type"": {""source"": ""STI-SPFA"", ""date"": ""2026-06-17""}, ""contact_phone"": {""source"": ""STI-SPFA"", ""date"": ""2026-06-17""}, ""certifications_held"": {""source"": ""STI-SPFA"", ""date"": ""2026-06-17""}, ""materials_handled"": {""source"": ""STI-SPFA"", ""date"": ""2026-06-17""}}"
1441,"Granger, IA 50109-9746",https://hemimac.com/,,,"[""STI/SPFA Member""]",Steel Tank / Pipe Fabricator,"[""Carbon Steel"", ""Metal"", ""Steel""]",sales@hemimac.com,515-999-9988,[],,,STI-SPFA,2026-06-17 05:03:32,incomplete,partial,"{""company_name"": {""source"": ""STI-SPFA"", ""date"": ""2026-06-17""}, ""website_url"": {""source"": ""STI-SPFA"", ""date"": ""2026-06-17""}, ""primary_business_type"": {""source"": ""STI-SPFA"", ""date"": ""2026-06-17""}, ""contact_email"": {""source"": ""STI-SPFA"", ""date"": ""2026-06-17""}, ""contact_phone"": {""source"": ""STI-SPFA"", ""date"": ""2026-06-17""}, ""certifications_held"": {""source"": ""STI-SPFA"", ""date"": ""2026-06-17""}, ""materials_handled"": {""source"": ""STI-SPFA"", ""date"": ""2026-06-17""}}"
1442,Hemisphere Machinery's website,https://hemimac.com/,,,"[""STI/SPFA Member""]",Steel Tank / Pipe Fabricator,"[""Carbon Steel"", ""Steel""]",sales@hemimac.com,+1-515-999-9988,[],,,STI-SPFA,2026-06-17 05:03:17,incomplete,partial,"{""company_name"": {""source"": ""STI-SPFA"", ""date"": ""2026-06-17""}, ""website_url"": {""source"": ""STI-SPFA"", ""date"": ""2026-06-17""}, ""primary_business_type"": {""source"": ""STI-SPFA"", ""date"": ""2026-06-17""}, ""contact_email"": {""source"": ""STI-SPFA"", ""date"": ""2026-06-17""}, ""contact_phone"": {""source"": ""STI-SPFA"", ""date"": ""2026-06-17""}, ""certifications_held"": {""source"": ""STI-SPFA"", ""date"": ""2026-06-17""}, ""materials_handled"": {""source"": ""STI-SPFA"", ""date"": ""2026-06-17""}}"
1447,Rolled Alloys,,"Maumee, OH",,"[""STI/SPFA Member""]",Steel Tank / Pipe Fabricator,"[""Carbon Steel"", ""Steel""]",,800-521-0332,[],,,STI-SPFA,2026-06-17 04:59:28,verified,verified,"{""company_name"": {""source"": ""STI-SPFA"", ""date"": ""2026-06-17""}, ""headquarters_location"": {""source"": ""STI-SPFA"", ""date"": ""2026-06-17""}, ""primary_business_type"": {""source"": ""STI-SPFA"", ""date"": ""2026-06-17""}, ""contact_phone"": {""source"": ""STI-SPFA"", ""date"": ""2026-06-17""}, ""certifications_held"": {""source"": ""STI-SPFA"", ""date"": ""2026-06-17""}, ""materials_handled"": {""source"": ""STI-SPFA"", ""date"": ""2026-06-17""}}"
1448,"Maumee, OH 43537",http://www.rolledalloys.com/,,23100,"[""STI/SPFA Member""]",Steel Tank / Pipe Fabricator,"[""Carbon Steel"", ""Duplex"", ""Duplex Stainless"", ""Nickel"", ""Nickel Alloys"", ""Stainless Steel"", ""Steel"", ""Titanium"", ""Titanium & Cobalt""]",,800-521-0332,[],1953,,STI-SPFA,2026-06-17 05:03:32,incomplete,partial,"{""company_name"": {""source"": ""STI-SPFA"", ""date"": ""2026-06-17""}, ""website_url"": {""source"": ""STI-SPFA"", ""date"": ""2026-06-17""}, ""facility_size_sqft"": {""source"": ""STI-SPFA"", ""date"": ""2026-06-17""}, ""primary_business_type"": {""source"": ""STI-SPFA"", ""date"": ""2026-06-17""}, ""contact_phone"": {""source"": ""STI-SPFA"", ""date"": ""2026-06-17""}, ""year_established"": {""source"": ""STI-SPFA"", ""date"": ""2026-06-17""}, ""certifications_held"": {""source"": ""STI-SPFA"", ""date"": ""2026-06-17""}, ""materials_handled"": {""source"": ""STI-SPFA"", ""date"": ""2026-06-17""}}"
1449,Rolled Alloys's website,http://www.rolledalloys.com/,,"23,100","[""STI/SPFA Member""]",Steel Tank / Pipe Fabricator,"[""Carbon Steel"", ""Cobalt"", ""Duplex"", ""Duplex Stainless"", ""Nickel"", ""Nickel Alloys"", ""Stainless Steel"", ""Steel"", ""Titanium""]",,321-243-9540,[],1953,,STI-SPFA,2026-06-17 05:04:19,verified,verified,"{""company_name"": {""source"": ""STI-SPFA"", ""date"": ""2026-06-17""}, ""website_url"": {""source"": ""STI-SPFA"", ""date"": ""2026-06-17""}, ""headquarters_location"": {""source"": ""STI-SPFA"", ""date"": ""2026-06-17""}, ""facility_size_sqft"": {""source"": ""STI-SPFA"", ""date"": ""2026-06-17""}, ""primary_business_type"": {""source"": ""STI-SPFA"", ""date"": ""2026-06-17""}, ""contact_email"": {""source"": ""STI-SPFA"", ""date"": ""2026-06-17""}, ""contact_phone"": {""source"": ""STI-SPFA"", ""date"": ""2026-06-17""}, ""year_established"": {""source"": ""STI-SPFA"", ""date"": ""2026-06-17""}, ""certifications_held"": {""source"": ""STI-SPFA"", ""date"": ""2026-06-17""}, ""materials_handled"": {""source"": ""STI-SPFA"", ""date"": ""2026-06-17""}}"
1450,Brian Pridemore,,,,"[""STI/SPFA Member""]",Steel Tank / Pipe Fabricator,"[""Carbon Steel"", ""Steel""]",,321-243-9540,[],,,STI-SPFA,2026-06-17 04:59:28,incomplete,partial,"{""company_name"": {""source"": ""STI-SPFA"", ""date"": ""2026-06-17""}, ""primary_business_type"": {""source"": ""STI-SPFA"", ""date"": ""2026-06-17""}, ""contact_phone"": {""source"": ""STI-SPFA"", ""date"": ""2026-06-17""}, ""certifications_held"": {""source"": ""STI-SPFA"", ""date"": ""2026-06-17""}, ""materials_handled"": {""source"": ""STI-SPFA"", ""date"": ""2026-06-17""}}"
1451,Kumar Nidathavolu,,,,"[""STI/SPFA Member""]",Steel Tank / Pipe Fabricator,"[""Carbon Steel"", ""Steel""]",,832-302-3397,[],,,STI-SPFA,2026-06-17 04:59:28,incomplete,partial,"{""company_name"": {""source"": ""STI-SPFA"", ""date"": ""2026-06-17""}, ""primary_business_type"": {""source"": ""STI-SPFA"", ""date"": ""2026-06-17""}, ""contact_phone"": {""source"": ""STI-SPFA"", ""date"": ""2026-06-17""}, ""certifications_held"": {""source"": ""STI-SPFA"", ""date"": ""2026-06-17""}, ""materials_handled"": {""source"": ""STI-SPFA"", ""date"": ""2026-06-17""}}"
1452,"United Alloy, Inc",,"Janesville, WI",,"[""STI/SPFA Member""]",Steel Tank / Pipe Fabricator,"[""Carbon Steel"", ""Steel""]",,,[],,,STI-SPFA,2026-06-17 04:59:28,incomplete,partial,"{""company_name"": {""source"": ""STI-SPFA"", ""date"": ""2026-06-17""}, ""headquarters_location"": {""source"": ""STI-SPFA"", ""date"": ""2026-06-17""}, ""primary_business_type"": {""source"": ""STI-SPFA"", ""date"": ""2026-06-17""}, ""certifications_held"": {""source"": ""STI-SPFA"", ""date"": ""2026-06-17""}, ""materials_handled"": {""source"": ""STI-SPFA"", ""date"": ""2026-06-17""}}"
1453,"Janesville, WI 53545-8825",https://www.unitedalloy.com/,"Union, OH",,"[""STI/SPFA Member""]",Steel Tank / Pipe Fabricator,"[""Carbon Steel"", ""Steel""]",,608-758-4717,[],,,STI-SPFA,2026-06-17 05:08:14,verified,verified,"{""company_name"": {""source"": ""STI-SPFA"", ""date"": ""2026-06-17""}, ""website_url"": {""source"": ""STI-SPFA"", ""date"": ""2026-06-17""}, ""headquarters_location"": {""source"": ""STI-SPFA"", ""date"": ""2026-06-17""}, ""primary_business_type"": {""source"": ""STI-SPFA"", ""date"": ""2026-06-17""}, ""contact_phone"": {""source"": ""STI-SPFA"", ""date"": ""2026-06-17""}, ""certifications_held"": {""source"": ""STI-SPFA"", ""date"": ""2026-06-17""}, ""materials_handled"": {""source"": ""STI-SPFA"", ""date"": ""2026-06-17""}}"
1454,United States,https://www.resourcedevelopmentco.com/,,,"[""STI/SPFA Member""]",Steel Tank / Pipe Fabricator,"[""Carbon Steel"", ""Steel""]",,775-356-8004,[],,,STI-SPFA,2026-06-17 05:14:54,incomplete,partial,"{""company_name"": {""source"": ""STI-SPFA"", ""date"": ""2026-06-17""}, ""website_url"": {""source"": ""STI-SPFA"", ""date"": ""2026-06-17""}, ""primary_business_type"": {""source"": ""STI-SPFA"", ""date"": ""2026-06-17""}, ""contact_phone"": {""source"": ""STI-SPFA"", ""date"": ""2026-06-17""}, ""certifications_held"": {""source"": ""STI-SPFA"", ""date"": ""2026-06-17""}, ""materials_handled"": {""source"": ""STI-SPFA"", ""date"": ""2026-06-17""}}"
1455,"United Alloy, Inc.'s website",https://www.unitedalloy.com/,"Union, OH",,"[""ASQ American Society"", ""BSI ISO QA"", ""C-UL-US LISTED"", ""STI/SPFA Member"", ""WBENC ISO Certifications""]",Steel Tank / Pipe Fabricator,"[""Carbon Steel"", ""Metal"", ""Steel""]",,405-212-2277,[],,,STI-SPFA,2026-06-17 05:10:35,verified,verified,"{""company_name"": {""source"": ""STI-SPFA"", ""date"": ""2026-06-17""}, ""website_url"": {""source"": ""STI-SPFA"", ""date"": ""2026-06-17""}, ""headquarters_location"": {""source"": ""STI-SPFA"", ""date"": ""2026-06-17""}, ""primary_business_type"": {""source"": ""STI-SPFA"", ""date"": ""2026-06-17""}, ""contact_phone"": {""source"": ""STI-SPFA"", ""date"": ""2026-06-17""}, ""certifications_held"": {""source"": ""STI-SPFA"", ""date"": ""2026-06-17""}, ""materials_handled"": {""source"": ""STI-SPFA"", ""date"": ""2026-06-17""}}"
1457,Terry Miller,,,,"[""STI/SPFA Member""]",Steel Tank / Pipe Fabricator,"[""Carbon Steel"", ""Steel""]",,405-212-2277,[],,,STI-SPFA,2026-06-17 04:59:28,incomplete,partial,"{""company_name"": {""source"": ""STI-SPFA"", ""date"": ""2026-06-17""}, ""primary_business_type"": {""source"": ""STI-SPFA"", ""date"": ""2026-06-17""}, ""contact_phone"": {""source"": ""STI-SPFA"", ""date"": ""2026-06-17""}, ""certifications_held"": {""source"": ""STI-SPFA"", ""date"": ""2026-06-17""}, ""materials_handled"": {""source"": ""STI-SPFA"", ""date"": ""2026-06-17""}}"
1458,Ace Testing,,,,"[""STI/SPFA Member""]",Steel Tank / Pipe Fabricator,"[""Carbon Steel"", ""Steel""]",,405-212-2277,[],,,STI-SPFA,2026-06-17 04:59:28,incomplete,partial,"{""company_name"": {""source"": ""STI-SPFA"", ""date"": ""2026-06-17""}, ""primary_business_type"": {""source"": ""STI-SPFA"", ""date"": ""2026-06-17""}, ""contact_phone"": {""source"": ""STI-SPFA"", ""date"": ""2026-06-17""}, ""certifications_held"": {""source"": ""STI-SPFA"", ""date"": ""2026-06-17""}, ""materials_handled"": {""source"": ""STI-SPFA"", ""date"": ""2026-06-17""}}"
1459,Corrosion Control Corp,,"Pedricktown, NJ",,"[""STI/SPFA Member""]",Steel Tank / Pipe Fabricator,"[""Carbon Steel"", ""Steel""]",,856-299-4200,[],,,STI-SPFA,2026-06-17 05:14:54,verified,verified,"{""company_name"": {""source"": ""STI-SPFA"", ""date"": ""2026-06-17""}, ""headquarters_location"": {""source"": ""STI-SPFA"", ""date"": ""2026-06-17""}, ""primary_business_type"": {""source"": ""STI-SPFA"", ""date"": ""2026-06-17""}, ""contact_phone"": {""source"": ""STI-SPFA"", ""date"": ""2026-06-17""}, ""certifications_held"": {""source"": ""STI-SPFA"", ""date"": ""2026-06-17""}, ""materials_handled"": {""source"": ""STI-SPFA"", ""date"": ""2026-06-17""}}"
1460,177 US Route 130,https://tankcare.com/,"Pedricktown, NJ",,"[""STI/SPFA Member""]",Steel Tank / Pipe Fabricator,"[""Carbon Steel"", ""Steel""]",,856-299-4200,[],,,STI-SPFA,2026-06-17 05:14:54,verified,verified,"{""company_name"": {""source"": ""STI-SPFA"", ""date"": ""2026-06-17""}, ""website_url"": {""source"": ""STI-SPFA"", ""date"": ""2026-06-17""}, ""headquarters_location"": {""source"": ""STI-SPFA"", ""date"": ""2026-06-17""}, ""primary_business_type"": {""source"": ""STI-SPFA"", ""date"": ""2026-06-17""}, ""contact_phone"": {""source"": ""STI-SPFA"", ""date"": ""2026-06-17""}, ""certifications_held"": {""source"": ""STI-SPFA"", ""date"": ""2026-06-17""}, ""materials_handled"": {""source"": ""STI-SPFA"", ""date"": ""2026-06-17""}}"
1461,"Pedricktown, NJ 08067",https://tankcare.com/,,,"[""STI/SPFA Member""]",Steel Tank / Pipe Fabricator,"[""Carbon Steel"", ""Steel""]",,856-299-4200,[],,,STI-SPFA,2026-06-17 05:14:54,incomplete,partial,"{""company_name"": {""source"": ""STI-SPFA"", ""date"": ""2026-06-17""}, ""website_url"": {""source"": ""STI-SPFA"", ""date"": ""2026-06-17""}, ""primary_business_type"": {""source"": ""STI-SPFA"", ""date"": ""2026-06-17""}, ""contact_phone"": {""source"": ""STI-SPFA"", ""date"": ""2026-06-17""}, ""certifications_held"": {""source"": ""STI-SPFA"", ""date"": ""2026-06-17""}, ""materials_handled"": {""source"": ""STI-SPFA"", ""date"": ""2026-06-17""}}"
1462,Corrosion Control Corp.'s website,https://tankcare.com/,"Broomfield, CO",,"[""STI/SPFA Member""]",Steel Tank / Pipe Fabricator,"[""Carbon Steel"", ""Steel""]",,216-431-6100,[],,,STI-SPFA,2026-06-17 05:14:54,incomplete,partial,"{""company_name"": {""source"": ""STI-SPFA"", ""date"": ""2026-06-17""}, ""website_url"": {""source"": ""STI-SPFA"", ""date"": ""2026-06-17""}, ""primary_business_type"": {""source"": ""STI-SPFA"", ""date"": ""2026-06-17""}, ""contact_phone"": {""source"": ""STI-SPFA"", ""date"": ""2026-06-17""}, ""certifications_held"": {""source"": ""STI-SPFA"", ""date"": ""2026-06-17""}, ""materials_handled"": {""source"": ""STI-SPFA"", ""date"": ""2026-06-17""}}"
1463,"Broomfield, CO 80021-6525",https://nobelclad.com/,"Broomfield, Colorado",,"[""STI/SPFA Member""]",Steel Tank / Pipe Fabricator,"[""Carbon Steel"", ""Steel"", ""base metal"", ""corrosion-resistant alloy""]",,303-665-5700,[],,,STI-SPFA,2026-06-17 05:10:35,verified,verified,"{""company_name"": {""source"": ""STI-SPFA"", ""date"": ""2026-06-17""}, ""website_url"": {""source"": ""STI-SPFA"", ""date"": ""2026-06-17""}, ""headquarters_location"": {""source"": ""STI-SPFA"", ""date"": ""2026-06-17""}, ""primary_business_type"": {""source"": ""STI-SPFA"", ""date"": ""2026-06-17""}, ""contact_phone"": {""source"": ""STI-SPFA"", ""date"": ""2026-06-17""}, ""certifications_held"": {""source"": ""STI-SPFA"", ""date"": ""2026-06-17""}, ""materials_handled"": {""source"": ""STI-SPFA"", ""date"": ""2026-06-17""}}"
1464,NobelClad's website,https://nobelclad.com/,"Broomfield, Colorado",,"[""STI/SPFA Member""]",Steel Tank / Pipe Fabricator,"[""Carbon Steel"", ""Steel"", ""base metals"", ""corrosion-resistant alloys""]",,808-216-6494,[],,,STI-SPFA,2026-06-17 05:11:01,verified,verified,"{""company_name"": {""source"": ""STI-SPFA"", ""date"": ""2026-06-17""}, ""website_url"": {""source"": ""STI-SPFA"", ""date"": ""2026-06-17""}, ""headquarters_location"": {""source"": ""STI-SPFA"", ""date"": ""2026-06-17""}, ""primary_business_type"": {""source"": ""STI-SPFA"", ""date"": ""2026-06-17""}, ""contact_phone"": {""source"": ""STI-SPFA"", ""date"": ""2026-06-17""}, ""certifications_held"": {""source"": ""STI-SPFA"", ""date"": ""2026-06-17""}, ""materials_handled"": {""source"": ""STI-SPFA"", ""date"": ""2026-06-17""}}"
1465,Macario Panajon,,,,"[""STI/SPFA Member""]",Steel Tank / Pipe Fabricator,"[""Carbon Steel"", ""Steel""]",,808-216-6494,[],,,STI-SPFA,2026-06-17 04:59:28,incomplete,partial,"{""company_name"": {""source"": ""STI-SPFA"", ""date"": ""2026-06-17""}, ""primary_business_type"": {""source"": ""STI-SPFA"", ""date"": ""2026-06-17""}, ""contact_phone"": {""source"": ""STI-SPFA"", ""date"": ""2026-06-17""}, ""certifications_held"": {""source"": ""STI-SPFA"", ""date"": ""2026-06-17""}, ""materials_handled"": {""source"": ""STI-SPFA"", ""date"": ""2026-06-17""}}"
1466,Pittsburg Tank & Tower Group,,"Henderson, KY",,"[""STI/SPFA Member""]",Steel Tank / Pipe Fabricator,"[""Carbon Steel"", ""Steel""]",,,[],,,STI-SPFA,2026-06-17 04:59:28,incomplete,partial,"{""company_name"": {""source"": ""STI-SPFA"", ""date"": ""2026-06-17""}, ""headquarters_location"": {""source"": ""STI-SPFA"", ""date"": ""2026-06-17""}, ""primary_business_type"": {""source"": ""STI-SPFA"", ""date"": ""2026-06-17""}, ""certifications_held"": {""source"": ""STI-SPFA"", ""date"": ""2026-06-17""}, ""materials_handled"": {""source"": ""STI-SPFA"", ""date"": ""2026-06-17""}}"
1467,"Henderson, KY 42420",http://www.pttg.com/,"Henderson, KY",,"[""STI/SPFA Member""]",Steel Tank / Pipe Fabricator,"[""Carbon Steel"", ""Steel""]",,270-826-9000,[],1919,,STI-SPFA,2026-06-17 05:11:14,verified,verified,"{""company_name"": {""source"": ""STI-SPFA"", ""date"": ""2026-06-17""}, ""website_url"": {""source"": ""STI-SPFA"", ""date"": ""2026-06-17""}, ""headquarters_location"": {""source"": ""STI-SPFA"", ""date"": ""2026-06-17""}, ""primary_business_type"": {""source"": ""STI-SPFA"", ""date"": ""2026-06-17""}, ""contact_phone"": {""source"": ""STI-SPFA"", ""date"": ""2026-06-17""}, ""year_established"": {""source"": ""STI-SPFA"", ""date"": ""2026-06-17""}, ""certifications_held"": {""source"": ""STI-SPFA"", ""date"": ""2026-06-17""}, ""materials_handled"": {""source"": ""STI-SPFA"", ""date"": ""2026-06-17""}}"
1468,Pittsburg Tank & Tower Group's website,http://www.pttg.com/,"Longview, WA",,"[""STI/SPFA Member""]",Steel Tank / Pipe Fabricator,"[""Carbon Steel"", ""Steel""]",,,[],,,STI-SPFA,2026-06-17 04:59:28,verified,verified,"{""company_name"": {""source"": ""STI-SPFA"", ""date"": ""2026-06-17""}, ""website_url"": {""source"": ""STI-SPFA"", ""date"": ""2026-06-17""}, ""headquarters_location"": {""source"": ""STI-SPFA"", ""date"": ""2026-06-17""}, ""primary_business_type"": {""source"": ""STI-SPFA"", ""date"": ""2026-06-17""}, ""certifications_held"": {""source"": ""STI-SPFA"", ""date"": ""2026-06-17""}, ""materials_handled"": {""source"": ""STI-SPFA"", ""date"": ""2026-06-17""}}"
1470,Nucor Skyline (Longview),,"Longview, WA",,"[""STI/SPFA Member""]",Steel Tank / Pipe Fabricator,"[""Carbon Steel"", ""Steel""]",,215-383-1334,[],,,STI-SPFA,2026-06-17 04:59:28,verified,verified,"{""company_name"": {""source"": ""STI-SPFA"", ""date"": ""2026-06-17""}, ""headquarters_location"": {""source"": ""STI-SPFA"", ""date"": ""2026-06-17""}, ""primary_business_type"": {""source"": ""STI-SPFA"", ""date"": ""2026-06-17""}, ""contact_phone"": {""source"": ""STI-SPFA"", ""date"": ""2026-06-17""}, ""certifications_held"": {""source"": ""STI-SPFA"", ""date"": ""2026-06-17""}, ""materials_handled"": {""source"": ""STI-SPFA"", ""date"": ""2026-06-17""}}"
1471,"Longview, WA 98632-1020",https://www.nucorskyline.com/,,,"[""STI/SPFA Member""]",Steel Tank / Pipe Fabricator,"[""Carbon Steel"", ""Steel""]",engineering@nucorskyline.com,215-383-1334,[],,,STI-SPFA,2026-06-17 04:59:28,incomplete,partial,"{""company_name"": {""source"": ""STI-SPFA"", ""date"": ""2026-06-17""}, ""website_url"": {""source"": ""STI-SPFA"", ""date"": ""2026-06-17""}, ""primary_business_type"": {""source"": ""STI-SPFA"", ""date"": ""2026-06-17""}, ""contact_email"": {""source"": ""STI-SPFA"", ""date"": ""2026-06-17""}, ""contact_phone"": {""source"": ""STI-SPFA"", ""date"": ""2026-06-17""}, ""certifications_held"": {""source"": ""STI-SPFA"", ""date"": ""2026-06-17""}, ""materials_handled"": {""source"": ""STI-SPFA"", ""date"": ""2026-06-17""}}"
1472,Nucor Skyline (Longview)'s website,https://www.nucorskyline.com/,"Goldsboro, NC",,"[""STI/SPFA Member""]",Steel Tank / Pipe Fabricator,"[""Carbon Steel"", ""Steel""]",,,[],,,STI-SPFA,2026-06-17 04:59:28,verified,verified,"{""company_name"": {""source"": ""STI-SPFA"", ""date"": ""2026-06-17""}, ""website_url"": {""source"": ""STI-SPFA"", ""date"": ""2026-06-17""}, ""headquarters_location"": {""source"": ""STI-SPFA"", ""date"": ""2026-06-17""}, ""primary_business_type"": {""source"": ""STI-SPFA"", ""date"": ""2026-06-17""}, ""certifications_held"": {""source"": ""STI-SPFA"", ""date"": ""2026-06-17""}, ""materials_handled"": {""source"": ""STI-SPFA"", ""date"": ""2026-06-17""}}"
1474,General Industries,,"Goldsboro, NC",,"[""STI/SPFA Member""]",Steel Tank / Pipe Fabricator,"[""Carbon Steel"", ""Steel""]",,919-751-1791,[],,,STI-SPFA,2026-06-17 04:59:28,verified,verified,"{""company_name"": {""source"": ""STI-SPFA"", ""date"": ""2026-06-17""}, ""headquarters_location"": {""source"": ""STI-SPFA"", ""date"": ""2026-06-17""}, ""primary_business_type"": {""source"": ""STI-SPFA"", ""date"": ""2026-06-17""}, ""contact_phone"": {""source"": ""STI-SPFA"", ""date"": ""2026-06-17""}, ""certifications_held"": {""source"": ""STI-SPFA"", ""date"": ""2026-06-17""}, ""materials_handled"": {""source"": ""STI-SPFA"", ""date"": ""2026-06-17""}}"
1475,"Goldsboro, NC 27534-7728",https://gitank.com/,,,"[""STI/SPFA Member""]",Steel Tank / Pipe Fabricator,"[""Carbon Steel"", ""Steel""]",,919-751-1791,[],,,STI-SPFA,2026-06-17 04:59:28,incomplete,partial,"{""company_name"": {""source"": ""STI-SPFA"", ""date"": ""2026-06-17""}, ""website_url"": {""source"": ""STI-SPFA"", ""date"": ""2026-06-17""}, ""primary_business_type"": {""source"": ""STI-SPFA"", ""date"": ""2026-06-17""}, ""contact_phone"": {""source"": ""STI-SPFA"", ""date"": ""2026-06-17""}, ""certifications_held"": {""source"": ""STI-SPFA"", ""date"": ""2026-06-17""}, ""materials_handled"": {""source"": ""STI-SPFA"", ""date"": ""2026-06-17""}}"
1476,General Industries's website,https://gitank.com/,,,"[""STI/SPFA Member""]",Steel Tank / Pipe Fabricator,"[""Carbon Steel"", ""Steel""]",,586-615-4660,[],,,STI-SPFA,2026-06-17 04:59:28,incomplete,partial,"{""company_name"": {""source"": ""STI-SPFA"", ""date"": ""2026-06-17""}, ""website_url"": {""source"": ""STI-SPFA"", ""date"": ""2026-06-17""}, ""primary_business_type"": {""source"": ""STI-SPFA"", ""date"": ""2026-06-17""}, ""contact_phone"": {""source"": ""STI-SPFA"", ""date"": ""2026-06-17""}, ""certifications_held"": {""source"": ""STI-SPFA"", ""date"": ""2026-06-17""}, ""materials_handled"": {""source"": ""STI-SPFA"", ""date"": ""2026-06-17""}}"
1477,Joseph Parker,,,,"[""STI/SPFA Member""]",Steel Tank / Pipe Fabricator,"[""Carbon Steel"", ""Steel""]",,586-615-4660,[],,,STI-SPFA,2026-06-17 04:59:28,incomplete,partial,"{""company_name"": {""source"": ""STI-SPFA"", ""date"": ""2026-06-17""}, ""primary_business_type"": {""source"": ""STI-SPFA"", ""date"": ""2026-06-17""}, ""contact_phone"": {""source"": ""STI-SPFA"", ""date"": ""2026-06-17""}, ""certifications_held"": {""source"": ""STI-SPFA"", ""date"": ""2026-06-17""}, ""materials_handled"": {""source"": ""STI-SPFA"", ""date"": ""2026-06-17""}}"
1478,Joseph Turgeon,,,,"[""STI/SPFA Member""]",Steel Tank / Pipe Fabricator,"[""Carbon Steel"", ""Steel""]",,207-557-0110,[],,,STI-SPFA,2026-06-17 04:59:28,incomplete,partial,"{""company_name"": {""source"": ""STI-SPFA"", ""date"": ""2026-06-17""}, ""primary_business_type"": {""source"": ""STI-SPFA"", ""date"": ""2026-06-17""}, ""contact_phone"": {""source"": ""STI-SPFA"", ""date"": ""2026-06-17""}, ""certifications_held"": {""source"": ""STI-SPFA"", ""date"": ""2026-06-17""}, ""materials_handled"": {""source"": ""STI-SPFA"", ""date"": ""2026-06-17""}}"
1479,Office of the Maine State Fire Marshal,,,,"[""STI/SPFA Member""]",Steel Tank / Pipe Fabricator,"[""Carbon Steel"", ""Steel""]",,207-557-0110,[],,,STI-SPFA,2026-06-17 04:59:28,incomplete,partial,"{""company_name"": {""source"": ""STI-SPFA"", ""date"": ""2026-06-17""}, ""primary_business_type"": {""source"": ""STI-SPFA"", ""date"": ""2026-06-17""}, ""contact_phone"": {""source"": ""STI-SPFA"", ""date"": ""2026-06-17""}, ""certifications_held"": {""source"": ""STI-SPFA"", ""date"": ""2026-06-17""}, ""materials_handled"": {""source"": ""STI-SPFA"", ""date"": ""2026-06-17""}}"
1535,will be determined by a survey team appointed by the Membership Committee,,,,"[""TEMA Member""]",Heat Exchanger Manufacturer,"[""Carbon Steel"", ""Stainless Steel""]",,,[],,,TEMA,2026-06-17 05:14:22,incomplete,partial,"{""company_name"": {""source"": ""TEMA"", ""date"": ""2026-06-17""}, ""primary_business_type"": {""source"": ""TEMA"", ""date"": ""2026-06-17""}, ""certifications_held"": {""source"": ""TEMA"", ""date"": ""2026-06-17""}, ""materials_handled"": {""source"": ""TEMA"", ""date"": ""2026-06-17""}}"
1536,Attendance at meetings,,,,"[""TEMA Member""]",Heat Exchanger Manufacturer,"[""Carbon Steel"", ""Stainless Steel""]",,,[],,,TEMA,2026-06-17 05:14:22,incomplete,partial,"{""company_name"": {""source"": ""TEMA"", ""date"": ""2026-06-17""}, ""primary_business_type"": {""source"": ""TEMA"", ""date"": ""2026-06-17""}, ""certifications_held"": {""source"": ""TEMA"", ""date"": ""2026-06-17""}, ""materials_handled"": {""source"": ""TEMA"", ""date"": ""2026-06-17""}}"
1537,is an important aspect of TEMA® membership,,,,"[""TEMA Member""]",Heat Exchanger Manufacturer,"[""Carbon Steel"", ""Stainless Steel""]",,,[],,,TEMA,2026-06-17 05:14:22,incomplete,partial,"{""company_name"": {""source"": ""TEMA"", ""date"": ""2026-06-17""}, ""primary_business_type"": {""source"": ""TEMA"", ""date"": ""2026-06-17""}, ""certifications_held"": {""source"": ""TEMA"", ""date"": ""2026-06-17""}, ""materials_handled"": {""source"": ""TEMA"", ""date"": ""2026-06-17""}}"
1544,Using TEMA,,,,"[""TEMA Member""]",Heat Exchanger Manufacturer,"[""Carbon Steel"", ""Stainless Steel""]",,,[],,,TEMA,2026-06-17 05:14:22,incomplete,partial,"{""company_name"": {""source"": ""TEMA"", ""date"": ""2026-06-17""}, ""primary_business_type"": {""source"": ""TEMA"", ""date"": ""2026-06-17""}, ""certifications_held"": {""source"": ""TEMA"", ""date"": ""2026-06-17""}, ""materials_handled"": {""source"": ""TEMA"", ""date"": ""2026-06-17""}}"
1547,Mi-T-M,,"Peosta, IA",,[],,[],,,[],,https://www.thomasnet.com/company/mi-t-m-10025779/profile,Thomasnet:asme-code-pressure-vessels:iowa,2026-06-17 04:02:59,incomplete,partial,{}
1548,"Tetra Pak Processing Systems America, Inc",,"Rockford, IL",,[],,[],,,[],,https://www.thomasnet.com/company/tetra-pak-processing-systems-america-inc-1250624/profile,Thomasnet:asme-code-pressure-vessels:illinois,2026-06-17 04:03:15,incomplete,partial,{}
1549,Schebler Specialty Mfg,,"Bettendorf, IA",,[],,[],,,[],,https://www.thomasnet.com/company/schebler-specialty-mfg-30148509/profile,Thomasnet:asme-code-pressure-vessels:iowa,2026-06-17 04:02:59,incomplete,partial,{}
1550,The Schebler Co,,"Bettendorf, IA",,[],,[],,,[],,https://www.thomasnet.com/company/the-schebler-co-10034202/profile,Thomasnet:stainless-steel-tanks:iowa,2026-06-17 04:04:55,incomplete,partial,{}
1551,Art S Way Vessels INC,,"Dubuque, IA",,[],,[],,,[],,https://www.thomasnet.com/company/art-s-way-vessels-inc-30224111/profile,Thomasnet:asme-code-pressure-vessels:iowa,2026-06-17 04:02:59,incomplete,partial,{}
1552,Global Filter,,"Cedar Rapids, IA",,[],,[],,,[],,https://www.thomasnet.com/company/global-filter-30863441/profile,Thomasnet:asme-code-pressure-vessels:iowa,2026-06-17 04:02:59,incomplete,partial,{}
1553,Vessel Systems INC,,"Dubuque, IA",,[],,[],,,[],,https://www.thomasnet.com/company/vessel-systems-inc-10060160/profile,Thomasnet:asme-code-pressure-vessels:iowa,2026-06-17 04:02:59,incomplete,partial,{}
1554,Universal Tank Fabrication,,"Dubuque, IA",,[],,[],,,[],,https://www.thomasnet.com/company/universal-tank-fabrication-30767187/profile,Thomasnet:asme-code-pressure-vessels:iowa,2026-06-17 04:02:59,incomplete,partial,{}
1555,Winbco,,"Clinton, IA",,[],,[],,,[],,https://www.thomasnet.com/company/air-control-inc-1184580/profile,Thomasnet:asme-code-pressure-vessels:iowa,2026-06-17 04:02:59,incomplete,partial,{}
1557,Norman Equipment CO,,"Davenport, IA",,[],,[],,,[],,https://www.thomasnet.com/company/norman-equipment-co-453913/profile,Thomasnet:asme-code-pressure-vessels:iowa,2026-06-17 04:02:59,incomplete,partial,{}
1558,"Dowco Valve Company, Inc",,"DeWitt, IA",,[],,[],,,[],,https://www.thomasnet.com/company/dowco-valve-company-inc-10071434/profile,Thomasnet:asme-code-pressure-vessels:iowa,2026-06-17 04:02:59,incomplete,partial,{}
1560,SSAB Iowa Inc,,"Muscatine, IA",,[],,[],,,[],,https://www.thomasnet.com/company/ssab-iowa-inc-30999637/profile,Thomasnet:asme-code-pressure-vessels:iowa,2026-06-17 04:02:59,incomplete,partial,{}
1564,Swhift Systems INC,,"Sandpoint, ID",,[],,[],,,[],,https://www.thomasnet.com/company/swhift-systems-inc-10043360/profile,Thomasnet:asme-code-pressure-vessels:idaho,2026-06-17 04:02:59,incomplete,partial,{}
1565,Superior Steel Products INC,,"Caldwell, ID",,[],,[],,,[],,https://www.thomasnet.com/company/superior-steel-products-inc-1110436/profile,Thomasnet:asme-code-pressure-vessels:idaho,2026-06-17 04:02:59,incomplete,partial,{}
1566,Nextpath Esi,,"Pocatello, ID",,[],,[],,,[],,https://www.thomasnet.com/company/nextpath-esi-1282400/profile,Thomasnet:asme-code-pressure-vessels:idaho,2026-06-17 04:02:59,incomplete,partial,{}
1567,Rule Steel,,"Caldwell, ID",,[],,[],,,[],,https://www.thomasnet.com/company/rule-steel-1110435/profile,Thomasnet:asme-code-pressure-vessels:idaho,2026-06-17 04:02:59,incomplete,partial,{}
1568,American Fabrication,,"Idaho Falls, ID",,[],,[],,,[],,https://www.thomasnet.com/company/american-fabrication-1177164/profile,Thomasnet:asme-code-pressure-vessels:idaho,2026-06-17 04:02:59,incomplete,partial,{}
1569,"Kennedy Tank and Manufacturing Co., Inc",,"Indianapolis, IN",,[],,[],,,[],,https://www.thomasnet.com/company/kennedy-tank-and-manufacturing-co-inc-128176/profile,Thomasnet:asme-code-pressure-vessels:indiana,2026-06-17 04:02:59,incomplete,partial,{}
1570,Penway INC,,"Edinburgh, IN",,[],,[],,,[],,https://www.thomasnet.com/company/penway-inc-657393/profile,Thomasnet:asme-code-pressure-vessels:indiana,2026-06-17 04:02:59,incomplete,partial,{}
1571,"Globe Mechanical, Inc",,"New Albany, IN",,[],,[],,,[],,https://www.thomasnet.com/company/globe-mechanical-inc-122990/profile,Thomasnet:asme-code-pressure-vessels:indiana,2026-06-17 04:02:59,incomplete,partial,{}
1572,Imperial Steel Tank Company,,"Gary, IN",,[],,[],,,[],,https://www.thomasnet.com/company/imperial-steel-tank-company-452646/profile,Thomasnet:asme-code-pressure-vessels:indiana,2026-06-17 04:02:59,incomplete,partial,{}
1573,Wessels Company,,"Greenwood, IN",,[],,[],,,[],,https://www.thomasnet.com/company/wessels-company-10079886/profile,Thomasnet:asme-code-pressure-vessels:indiana,2026-06-17 04:02:59,incomplete,partial,{}
1574,"LaGrange Products, Inc",,"Fremont, IN",,[],,[],,,[],,https://www.thomasnet.com/company/lagrange-products-inc-127695/profile,Thomasnet:asme-code-pressure-vessels:indiana,2026-06-17 04:02:59,incomplete,partial,{}
1575,"Technifab Products, Inc",,"Brazil, IN",,[],,[],,,[],,https://www.thomasnet.com/company/technifab-products-inc-10056261/profile,Thomasnet:asme-code-pressure-vessels:indiana,2026-06-17 04:02:59,incomplete,partial,{}
1576,Manchester Tank Equipment CO,,"Quincy, IL",,[],,[],,,[],,https://www.thomasnet.com/company/manchester-tank-equipment-co-702545/profile,Thomasnet:asme-code-pressure-vessels:illinois,2026-06-17 04:03:15,incomplete,partial,{}
1577,"Abtrex Industries, Inc",,"South Bend, IN",,[],,[],,,[],,https://www.thomasnet.com/company/abtrex-industries-inc-166577/profile,Thomasnet:asme-code-pressure-vessels:indiana,2026-06-17 04:02:59,incomplete,partial,{}
1578,Midwest Metal Fabrication Custom Rolling INC,,"Whitestown, IN",,[],,[],,,[],,https://www.thomasnet.com/company/midwest-metal-fabrication-custom-rolling-inc-10080226/profile,Thomasnet:asme-code-pressure-vessels:indiana,2026-06-17 04:02:59,incomplete,partial,{}
1579,"Industrial Filter Manufacturers, Inc",,"Evansville, IN",,[],,[],,,[],,https://www.thomasnet.com/company/industrial-filter-manufacturers-inc-117349/profile,Thomasnet:asme-code-pressure-vessels:indiana,2026-06-17 04:02:59,incomplete,partial,{}
1580,MXD Process,,"Jeffersonville, IN",,[],,[],,,[],,https://www.thomasnet.com/company/mxd-process-30950441/profile,Thomasnet:asme-code-pressure-vessels:indiana,2026-06-17 04:02:59,incomplete,partial,{}
1583,Power Plant Service INC,,"Fort Wayne, IN",,[],,[],,,[],,https://www.thomasnet.com/company/power-plant-service-inc-127388/profile,Thomasnet:asme-code-pressure-vessels:indiana,2026-06-17 04:02:59,incomplete,partial,{}
1584,Steel Tank Fabricating Corp,,"Columbia City, IN",,[],,[],,,[],,https://www.thomasnet.com/company/steel-tank-fabricating-corp-30100019/profile,Thomasnet:asme-code-pressure-vessels:indiana,2026-06-17 04:02:59,incomplete,partial,{}
1586,Quick Tanks INC,,"Kendallville, IN",,[],,[],,,[],,https://www.thomasnet.com/company/quick-tanks-inc-957102/profile,Thomasnet:asme-code-pressure-vessels:indiana,2026-06-17 04:02:59,incomplete,partial,{}
1587,Ids Blast Finishing,,"Indianapolis, IN",,[],,[],,,[],,https://www.thomasnet.com/company/ids-blast-finishing-642293/profile,Thomasnet:asme-code-pressure-vessels:indiana,2026-06-17 04:02:59,incomplete,partial,{}
1588,Intelsius,,"Indianapolis, IN",,[],,[],,,[],,https://www.thomasnet.com/company/intelsius-30715228/profile,Thomasnet:asme-code-pressure-vessels:indiana,2026-06-17 04:02:59,incomplete,partial,{}
1589,Forecast Sales,,"Indianapolis, IN",,[],,[],,,[],,https://www.thomasnet.com/company/forecast-sales-30087597/profile,Thomasnet:asme-code-pressure-vessels:indiana,2026-06-17 04:02:59,incomplete,partial,{}
1590,Heat Exchanger Design INC,,"Indianapolis, IN",,[],,[],,,[],,https://www.thomasnet.com/company/heat-exchanger-design-inc-124894/profile,Thomasnet:asme-code-pressure-vessels:indiana,2026-06-17 04:02:59,incomplete,partial,{}
1591,Clearblue Filtration,,"Fremont, IN",,[],,[],,,[],,https://www.thomasnet.com/company/clearblue-filtration-30831766/profile,Thomasnet:asme-code-pressure-vessels:indiana,2026-06-17 04:02:59,incomplete,partial,{}
1592,Pumps Process Equipment INC,,"Indianapolis, IN",,[],,[],,,[],,https://www.thomasnet.com/company/pumps-process-equipment-inc-1148308/profile,Thomasnet:asme-code-pressure-vessels:indiana,2026-06-17 04:02:59,incomplete,partial,{}
1594,Bondtech Corp,,"Somerset, KY",,[],,[],,,[],,https://www.thomasnet.com/company/bondtech-corp-10005483/profile,Thomasnet:asme-code-pressure-vessels:kentucky,2026-06-17 04:02:59,incomplete,partial,{}
1595,Process Equipment Solutions,,"Louisville, KY",,[],,[],,,[],,https://www.thomasnet.com/company/process-equipment-solutions-30653148/profile,Thomasnet:asme-code-pressure-vessels:kentucky,2026-06-17 04:02:59,incomplete,partial,{}
1596,Sellers Manufacturing Co,,"Danville, KY",,[],,[],,,[],,https://www.thomasnet.com/company/sellers-manufacturing-co-106747/profile,Thomasnet:asme-code-pressure-vessels:kentucky,2026-06-17 04:02:59,incomplete,partial,{}
1597,Lectrodryer,,"Richmond, KY",,[],,[],,,[],,https://www.thomasnet.com/company/lectrodryer-698428/profile,Thomasnet:asme-code-pressure-vessels:kentucky,2026-06-17 04:02:59,incomplete,partial,{}
1598,Lodige Process Technology,,"Florence, KY",,[],,[],,,[],,https://www.thomasnet.com/company/lodige-process-technology-30168192/profile,Thomasnet:asme-code-pressure-vessels:kentucky,2026-06-17 04:02:59,incomplete,partial,{}
1599,"Vendome Copper & Brass Works, Inc",,"Louisville, KY",,[],,[],,,[],,https://www.thomasnet.com/company/vendome-copper-brass-works-inc-125098/profile,Thomasnet:asme-code-pressure-vessels:kentucky,2026-06-17 04:02:59,incomplete,partial,{}
1600,"Carrier Vibrating Equipment, Inc",,"Louisville, KY",,[],,[],,,[],,https://www.thomasnet.com/company/carrier-vibrating-equipment-inc-107173/profile,Thomasnet:asme-code-pressure-vessels:kentucky,2026-06-17 04:02:59,incomplete,partial,{}
1603,"Fiba Technologies, Inc",,"Paducah, KY",,[],,[],,,[],,https://www.thomasnet.com/company/amtrol-inc-1026655/profile,Thomasnet:asme-code-pressure-vessels:kentucky,2026-06-17 04:02:59,incomplete,partial,{}
1605,"Ware, Inc",,"Louisville, KY",,[],,[],,,[],,https://www.thomasnet.com/company/ware-inc-125097/profile,Thomasnet:asme-code-pressure-vessels:kentucky,2026-06-17 04:02:59,incomplete,partial,{}
1606,Hodge International,,"Somerset, KY",,[],,[],,,[],,https://www.thomasnet.com/company/hodge-international-10098219/profile,Thomasnet:asme-code-pressure-vessels:kentucky,2026-06-17 04:02:59,incomplete,partial,{}
1607,Southern Tank Mfg,,"Owensboro, KY",,[],,[],,,[],,https://www.thomasnet.com/company/southern-tank-mfg-128178/profile,Thomasnet:asme-code-pressure-vessels:kentucky,2026-06-17 04:02:59,incomplete,partial,{}
1610,Sypris Solutions,,"Louisville, KY",,[],,[],,,[],,https://www.thomasnet.com/company/akarmak-usa-30982987/profile,Thomasnet:asme-code-pressure-vessels:kentucky,2026-06-17 04:02:59,incomplete,partial,{}
1613,Tube Turns Technologies INC,,"Louisville, KY",,[],,[],,,[],,https://www.thomasnet.com/company/tube-turns-technologies-inc-66693/profile,Thomasnet:asme-code-pressure-vessels:kentucky,2026-06-17 04:02:59,incomplete,partial,{}
1656,"Tate Andale, Inc",,"Baltimore, MD",,[],,[],,,[],,https://www.thomasnet.com/company/tate-andale-inc-368373/profile,Thomasnet:asme-code-pressure-vessels:maryland,2026-06-17 04:03:13,incomplete,partial,{}
1657,Universal Air & Gas Products (aka Universal Air Products Corp.),,"Norfolk, VA",,[],,[],,,[],,https://www.thomasnet.com/company/universal-air-gas-products-aka-universal-air-products-corp-1093117/profile,Thomasnet:asme-code-pressure-vessels:maryland,2026-06-17 04:03:13,incomplete,partial,{}
1658,Tanks Direct,,"Laurel, MD",,[],,[],,,[],,https://www.thomasnet.com/company/tanks-direct-974691/profile,Thomasnet:asme-code-pressure-vessels:maryland,2026-06-17 04:03:13,incomplete,partial,{}
1659,Composites USA,,"North East, MD",,[],,[],,,[],,https://www.thomasnet.com/company/composites-usa-367897/profile,Thomasnet:asme-code-pressure-vessels:maryland,2026-06-17 04:03:13,incomplete,partial,{}
1661,Yoder Walter N Sons INC,,"Cumberland, MD",,[],,[],,,[],,https://www.thomasnet.com/company/yoder-walter-n-sons-inc-585963/profile,Thomasnet:asme-code-pressure-vessels:maryland,2026-06-17 04:03:13,incomplete,partial,{}
1666,Masterworks INC,,"Taneytown, MD",,[],,[],,,[],,https://www.thomasnet.com/company/masterworks-inc-30828653/profile,Thomasnet:asme-code-pressure-vessels:maryland,2026-06-17 04:03:13,incomplete,partial,{}
1667,Neu Ion INC,,"Baltimore, MD",,[],,[],,,[],,https://www.thomasnet.com/company/neu-ion-inc-973479/profile,Thomasnet:asme-code-pressure-vessels:maryland,2026-06-17 04:03:13,incomplete,partial,{}
1668,Edanbrook,,"Columbia, MD",,[],,[],,,[],,https://www.thomasnet.com/company/edanbrook-30984766/profile,Thomasnet:asme-code-pressure-vessels:maryland,2026-06-17 04:03:13,incomplete,partial,{}
1671,B R Instrument Corp,,"Easton, MD",,[],,[],,,[],,https://www.thomasnet.com/company/b-r-instrument-corp-619290/profile,Thomasnet:asme-code-pressure-vessels:maryland,2026-06-17 04:03:13,incomplete,partial,{}
1672,Taylor Forge Engineered Systems,,"Paola, KS",,[],,[],,,[],,https://www.thomasnet.com/company/taylor-forge-engineered-systems-1172635/profile,Thomasnet:asme-code-pressure-vessels:kansas,2026-06-17 04:03:13,incomplete,partial,{}
1674,Sauder Custom Fabrication INC,,"Emporia, KS",,[],,[],,,[],,https://www.thomasnet.com/company/sauder-custom-fabrication-inc-10034092/profile,Thomasnet:asme-code-pressure-vessels:kansas,2026-06-17 04:03:13,incomplete,partial,{}
1675,"Piping & Equipment Company, Inc",,"Wichita, KS",,[],,[],,,[],,https://www.thomasnet.com/company/piping-equipment-company-inc-1137971/profile,Thomasnet:asme-code-pressure-vessels:kansas,2026-06-17 04:03:13,incomplete,partial,{}
1676,Mcqueeny Group INC,,"Overland Park, KS",,[],,[],,,[],,https://www.thomasnet.com/company/mcqueeny-group-inc-30830163/profile,Thomasnet:asme-code-pressure-vessels:kansas,2026-06-17 04:03:13,incomplete,partial,{}
1677,Howe Corporation,,"Chicago, IL",,[],,[],,,[],,https://www.thomasnet.com/company/howe-corporation-434706/profile,Thomasnet:asme-code-pressure-vessels:illinois,2026-06-17 04:03:15,incomplete,partial,{}
1678,Gig Karaseck LLC,,"Batavia, IL",,[],,[],,,[],,https://www.thomasnet.com/company/gig-karaseck-llc-1077262/profile,Thomasnet:asme-code-pressure-vessels:illinois,2026-06-17 04:03:15,incomplete,partial,{}
1679,Rode Welding Services LLC,,"Elk Grove Village, IL",,[],,[],,,[],,https://www.thomasnet.com/company/rode-welding-services-llc-439440/profile,Thomasnet:asme-code-pressure-vessels:illinois,2026-06-17 04:03:15,incomplete,partial,{}
1683,A-1 Air Compressor Corp,,"Addison, IL",,[],,[],,,[],,https://www.thomasnet.com/company/a-1-air-compressor-corp-431251/profile,Thomasnet:asme-code-pressure-vessels:illinois,2026-06-17 04:03:15,incomplete,partial,{}
1684,"Ability Engineering Technology, Inc",,"South Holland, IL",,[],,[],,,[],,https://www.thomasnet.com/company/ability-engineering-technology-inc-30511888/profile,Thomasnet:asme-code-pressure-vessels:illinois,2026-06-17 04:03:15,incomplete,partial,{}
1685,Bce,,"Franklin Park, IL",,[],,[],,,[],,https://www.thomasnet.com/company/bce-30354504/profile,Thomasnet:asme-code-pressure-vessels:illinois,2026-06-17 04:03:15,incomplete,partial,{}
1686,Vacudyne Inc,,"Chicago Heights, IL",,[],,[],,,[],,https://www.thomasnet.com/company/vacudyne-inc-441260/profile,Thomasnet:asme-code-pressure-vessels:illinois,2026-06-17 04:03:15,incomplete,partial,{}
1688,True-Blue Welding and Fabrication LLC,,"Minooka, IL",,[],,[],,,[],,https://www.thomasnet.com/company/true-blue-welding-and-fabrication-llc-30986133/profile,Thomasnet:asme-code-pressure-vessels:illinois,2026-06-17 04:03:15,incomplete,partial,{}
1689,Helander Metal Spinning Company,,"Lombard, IL",,[],,[],,,[],,https://www.thomasnet.com/company/helander-metal-spinning-company-435715/profile,Thomasnet:stainless-steel-tanks:illinois,2026-06-17 04:04:55,incomplete,partial,{}
1690,Top Die Casting Co,,"South Beloit, IL",,[],,[],,,[],,https://www.thomasnet.com/company/top-die-casting-co-451293/profile,Thomasnet:asme-code-pressure-vessels:illinois,2026-06-17 04:03:15,incomplete,partial,{}
1691,"G & F Manufacturing Co., Inc",,"Oak Lawn, IL",,[],,[],,,[],,https://www.thomasnet.com/company/g-f-manufacturing-co-inc-453554/profile,Thomasnet:asme-code-pressure-vessels:illinois,2026-06-17 04:03:15,incomplete,partial,{}
1692,"Duraflex, Inc",,"Cary, IL",,[],,[],,,[],,https://www.thomasnet.com/company/duraflex-inc-30118341/profile,Thomasnet:asme-code-pressure-vessels:illinois,2026-06-17 04:03:15,incomplete,partial,{}
1694,Filtration Corp. of America,,"Glen Ellyn, IL",,[],,[],,,[],,https://www.thomasnet.com/company/filtration-corp-of-america-454619/profile,Thomasnet:asme-code-pressure-vessels:illinois,2026-06-17 04:03:15,incomplete,partial,{}
1696,Pro Fab INC,,"Morton, IL",,[],,[],,,[],,https://www.thomasnet.com/company/pro-fab-inc-10031317/profile,Thomasnet:asme-code-pressure-vessels:illinois,2026-06-17 04:03:15,incomplete,partial,{}
1697,Bvv,,"Naperville, IL",,[],,[],,,[],,https://www.thomasnet.com/company/bvv-30988560/profile,Thomasnet:asme-code-pressure-vessels:illinois,2026-06-17 04:03:15,incomplete,partial,{}
1698,H A Phillips CO,,"Dekalb, IL",,[],,[],,,[],,https://www.thomasnet.com/company/h-a-phillips-co-434962/profile,Thomasnet:asme-code-pressure-vessels:illinois,2026-06-17 04:03:15,incomplete,partial,{}
1699,All Service Contracting Corp,,"Decatur, IL",,[],,[],,,[],,https://www.thomasnet.com/company/all-service-contracting-corp-30720150/profile,Thomasnet:asme-code-pressure-vessels:illinois,2026-06-17 04:03:15,incomplete,partial,{}
1700,Midwest Imperial Steel Fabricators,,"Oak Lawn, IL",,[],,[],,,[],,https://www.thomasnet.com/company/midwest-imperial-steel-fabricators-30737917/profile,Thomasnet:asme-code-pressure-vessels:illinois,2026-06-17 04:03:15,incomplete,partial,{}
1701,Standard-Hayes Boiler & Tank L.L.C,,"Riverdale, IL",,[],,[],,,[],,https://www.thomasnet.com/company/standard-hayes-boiler-tank-l-l-c-452715/profile,Thomasnet:asme-code-pressure-vessels:illinois,2026-06-17 04:03:15,incomplete,partial,{}
1943,Southern Maine Industries Corp,,"Gorham, ME",,[],,[],,,[],,https://www.thomasnet.com/company/southern-maine-industries-corp-385303/profile,Thomasnet:stainless-steel-tanks:maine,2026-06-17 04:04:48,incomplete,partial,{}
1945,Anode INC,,"Slidell, LA",,[],,[],,,[],,https://www.thomasnet.com/company/anode-inc-30179359/profile,Thomasnet:stainless-steel-tanks:louisiana,2026-06-17 04:04:50,incomplete,partial,{}
1946,The Chrome Shop,,"Madisonville, LA",,[],,[],,,[],,https://www.thomasnet.com/company/the-chrome-shop-30163918/profile,Thomasnet:stainless-steel-tanks:louisiana,2026-06-17 04:04:50,incomplete,partial,{}
1947,"Technical Glass Products, Inc",,"Gonzales, LA",,[],,[],,,[],,https://www.thomasnet.com/company/technical-glass-products-inc-960266/profile,Thomasnet:stainless-steel-tanks:louisiana,2026-06-17 04:04:50,incomplete,partial,{}
1948,Begneaud Manufacturing INC,,"Scott, LA",,[],,[],,,[],,https://www.thomasnet.com/company/begneaud-manufacturing-inc-10004648/profile,Thomasnet:stainless-steel-tanks:louisiana,2026-06-17 04:04:50,incomplete,partial,{}
1949,Loading Application,,,,"[""ASME Certified""]",Pressure Equipment Manufacturer,[],,,[],,,ASME-CACONNECT,2026-06-17 05:14:31,incomplete,partial,"{""company_name"": {""source"": ""ASME-CACONNECT"", ""date"": ""2026-06-17""}, ""primary_business_type"": {""source"": ""ASME-CACONNECT"", ""date"": ""2026-06-17""}, ""certifications_held"": {""source"": ""ASME-CACONNECT"", ""date"": ""2026-06-17""}}"
1951,Central Electropolishing CO,,"Anthony, KS",,[],,[],,,[],,https://www.thomasnet.com/company/central-electropolishing-co-1184465/profile,Thomasnet:stainless-steel-tanks:kansas,2026-06-17 04:04:52,incomplete,partial,{}
1953,Ultraclean,,"Wichita, KS",,[],,[],,,[],,https://www.thomasnet.com/company/ultraclean-1306301/profile,Thomasnet:stainless-steel-tanks:kansas,2026-06-17 04:04:52,incomplete,partial,{}
1956,Advanced 360 Total Floor Care,,"Lenexa, KS",,[],,[],,,[],,https://www.thomasnet.com/company/advanced-360-total-floor-care-30881251/profile,Thomasnet:stainless-steel-tanks:kansas,2026-06-17 04:04:52,incomplete,partial,{}
1957,Tfm Services,,"Wichita, KS",,[],,[],,,[],,https://www.thomasnet.com/company/tfm-services-1201325/profile,Thomasnet:stainless-steel-tanks:kansas,2026-06-17 04:04:52,incomplete,partial,{}
1958,Kansas City Concrete Solutions,,"Overland Park, KS",,[],,[],,,[],,https://www.thomasnet.com/company/kansas-city-concrete-solutions-30843903/profile,Thomasnet:stainless-steel-tanks:kansas,2026-06-17 04:04:52,incomplete,partial,{}
1961,"Empire Hard Chrome Plating, Inc",,"Chicago, IL",,[],,[],,,[],,https://www.thomasnet.com/company/empire-hard-chrome-plating-inc-10109638/profile,Thomasnet:stainless-steel-tanks:illinois,2026-06-17 04:04:55,incomplete,partial,{}
1963,Ram,,"Rockford, IL",,[],,[],,,[],,https://www.thomasnet.com/company/ram-10030518/profile,Thomasnet:stainless-steel-tanks:illinois,2026-06-17 04:04:55,incomplete,partial,{}
1964,Custom Machine Shop INC,,"Dixon, IL",,[],,[],,,[],,https://www.thomasnet.com/company/custom-machine-shop-inc-30273924/profile,Thomasnet:stainless-steel-tanks:illinois,2026-06-17 04:04:55,incomplete,partial,{}
1966,Bel Solutions LLC,,"Carol Stream, IL",,[],,[],,,[],,https://www.thomasnet.com/company/bel-solutions-llc-30998156/profile,Thomasnet:stainless-steel-tanks:illinois,2026-06-17 04:04:55,incomplete,partial,{}
1967,"Production Materials, Inc",,"Wheeling, IL",,[],,[],,,[],,https://www.thomasnet.com/company/production-materials-inc-30347997/profile,Thomasnet:stainless-steel-tanks:illinois,2026-06-17 04:04:55,incomplete,partial,{}
1968,Gmmco,,"Chicago, IL",,[],,[],,,[],,https://www.thomasnet.com/company/gmmco-455507/profile,Thomasnet:stainless-steel-tanks:illinois,2026-06-17 04:04:55,incomplete,partial,{}
1969,Marcres Metalwerks,,"Mt Prospect, IL",,[],,[],,,[],,https://www.thomasnet.com/company/marcres-metalwerks-1301113/profile,Thomasnet:stainless-steel-tanks:illinois,2026-06-17 04:04:55,incomplete,partial,{}
1970,Midwest Abrasives,,"Rockford, IL",,[],,[],,,[],,https://www.thomasnet.com/company/midwest-abrasives-30843015/profile,Thomasnet:stainless-steel-tanks:illinois,2026-06-17 04:04:55,incomplete,partial,{}
1971,"T/J Fabricators, Inc",,"Addison, IL",,[],,[],,,[],,https://www.thomasnet.com/company/t-j-fabricators-inc-453718/profile,Thomasnet:stainless-steel-tanks:illinois,2026-06-17 04:04:55,incomplete,partial,{}
1972,Empire Metal Polishing Refinishing Corp,,"Lombard, IL",,[],,[],,,[],,https://www.thomasnet.com/company/empire-metal-polishing-refinishing-corp-20074992/profile,Thomasnet:stainless-steel-tanks:illinois,2026-06-17 04:04:55,incomplete,partial,{}
1973,Combined Metals of Chicago Bellwood Service Center,,"Bellwood, IL",,[],,[],,,[],,https://www.thomasnet.com/company/combined-metals-of-chicago-bellwood-service-center-451097/profile,Thomasnet:stainless-steel-tanks:illinois,2026-06-17 04:04:55,incomplete,partial,{}
1975,Sieber Tool Engineering,,"Carol Stream, IL",,[],,[],,,[],,https://www.thomasnet.com/company/sieber-tool-engineering-460077/profile,Thomasnet:stainless-steel-tanks:illinois,2026-06-17 04:04:55,incomplete,partial,{}
1977,Jhelsa Metal Polishing Fabricating INC,,"Chicago, IL",,[],,[],,,[],,https://www.thomasnet.com/company/jhelsa-metal-polishing-fabricating-inc-30088846/profile,Thomasnet:stainless-steel-tanks:illinois,2026-06-17 04:04:55,incomplete,partial,{}
1978,Precision Chrome INC,,"Fox Lake, IL",,[],,[],,,[],,https://www.thomasnet.com/company/precision-chrome-inc-433093/profile,Thomasnet:stainless-steel-tanks:illinois,2026-06-17 04:04:55,incomplete,partial,{}
1979,Elkhorn Electropolish,,"Elkhorn, WI",,[],,[],,,[],,https://www.thomasnet.com/company/elkhorn-electropolish-30852675/profile,Thomasnet:stainless-steel-tanks:illinois,2026-06-17 04:04:55,incomplete,partial,{}
1980,Platers Polishing CO Div Rippel Architectural Metals,,"Rockford, IL",,[],,[],,,[],,https://www.thomasnet.com/company/platers-polishing-co-div-rippel-architectural-metals-454430/profile,Thomasnet:stainless-steel-tanks:illinois,2026-06-17 04:04:55,incomplete,partial,{}
1981,Chicago Pipe Bending Coil CO,,"Chicago, IL",,[],,[],,,[],,https://www.thomasnet.com/company/chicago-pipe-bending-coil-co-434709/profile,Thomasnet:stainless-steel-tanks:illinois,2026-06-17 04:04:55,incomplete,partial,{}
1982,O Hare Precision Metals LLC,,"Arlington Heights, IL",,[],,[],,,[],,https://www.thomasnet.com/company/o-hare-precision-metals-llc-1306621/profile,Thomasnet:stainless-steel-tanks:illinois,2026-06-17 04:04:55,incomplete,partial,{}
1983,Milwaukee Plating Company,,"Milwaukee, WI",,[],,[],,,[],,https://www.thomasnet.com/company/milwaukee-plating-company-448879/profile,Thomasnet:stainless-steel-tanks:illinois,2026-06-17 04:04:55,incomplete,partial,{}
1984,Electro Coatings INC,,"Cedar Rapids, IA",,[],,[],,,[],,https://www.thomasnet.com/company/electro-coatings-inc-20107268/profile,Thomasnet:stainless-steel-tanks:iowa,2026-06-17 04:04:55,incomplete,partial,{}
1985,"DAD Mfg., Inc",,"Hiawatha, IA",,[],,[],,,[],,https://www.thomasnet.com/company/dad-mfg-inc-10063837/profile,Thomasnet:stainless-steel-tanks:iowa,2026-06-17 04:04:55,incomplete,partial,{}
1986,CTP Cryogenics,,"Marion, IA",,[],,[],,,[],,https://www.thomasnet.com/company/ctp-cryogenics-30876011/profile,Thomasnet:stainless-steel-tanks:iowa,2026-06-17 04:04:55,incomplete,partial,{}
1988,Moore-Addison,,"Addison, IL",,[],,[],,,[],,https://www.thomasnet.com/company/moore-addison-438362/profile,Thomasnet:stainless-steel-tanks:iowa,2026-06-17 04:04:55,incomplete,partial,{}
1990,"Hammond Machine Works, Inc",,"Hammond, IN",,[],,[],,,[],,https://www.thomasnet.com/company/hammond-machine-works-inc-443162/profile,Thomasnet:stainless-steel-tanks:indiana,2026-06-17 04:05:01,incomplete,partial,{}
1992,Precision Polishing Buffing INC,,"Indianapolis, IN",,[],,[],,,[],,https://www.thomasnet.com/company/precision-polishing-buffing-inc-30723485/profile,Thomasnet:stainless-steel-tanks:indiana,2026-06-17 04:05:01,incomplete,partial,{}
1993,"A.P. Machine & Tool Co., Inc",,"Terre Haute, IN",,[],,[],,,[],,https://www.thomasnet.com/company/a-p-machine-tool-co-inc-30719037/profile,Thomasnet:stainless-steel-tanks:indiana,2026-06-17 04:05:01,incomplete,partial,{}
1994,J L Dimensional Services INC,,"La Porte, IN",,[],,[],,,[],,https://www.thomasnet.com/company/j-l-dimensional-services-inc-1280486/profile,Thomasnet:stainless-steel-tanks:indiana,2026-06-17 04:05:01,incomplete,partial,{}
1995,Custom Metal Finishing in LLC,,"Cambridge City, IN",,[],,[],,,[],,https://www.thomasnet.com/company/custom-metal-finishing-in-llc-30850885/profile,Thomasnet:stainless-steel-tanks:indiana,2026-06-17 04:05:01,incomplete,partial,{}
1996,"Madison Tool & Die, Inc",,"Madison, IN",,[],,[],,,[],,https://www.thomasnet.com/company/madison-tool-die-inc-30307155/profile,Thomasnet:stainless-steel-tanks:indiana,2026-06-17 04:05:01,incomplete,partial,{}
1997,"High Performance Alloys, Inc",,"Tipton, IN",,[],,[],,,[],,https://www.thomasnet.com/company/high-performance-alloys-inc-618299/profile,Thomasnet:stainless-steel-tanks:indiana,2026-06-17 04:05:01,incomplete,partial,{}
1998,"Numerical Concepts, Inc",,"Terre Haute, IN",,[],,[],,,[],,https://www.thomasnet.com/company/numerical-concepts-inc-116167/profile,Thomasnet:stainless-steel-tanks:indiana,2026-06-17 04:05:01,incomplete,partial,{}
1999,"Franke Plating Works, Inc",,"Fort Wayne, IN",,[],,[],,,[],,https://www.thomasnet.com/company/franke-plating-works-inc-127111/profile,Thomasnet:stainless-steel-tanks:indiana,2026-06-17 04:05:01,incomplete,partial,{}
2000,Lee and Paulding INC,,"West Lafayette, IN",,[],,[],,,[],,https://www.thomasnet.com/company/lee-and-paulding-inc-30995007/profile,Thomasnet:stainless-steel-tanks:indiana,2026-06-17 04:05:01,incomplete,partial,{}
2001,Fort Wayne Anodizing Corp,,"Fort Wayne, IN",,[],,[],,,[],,https://www.thomasnet.com/company/fort-wayne-anodizing-corp-46566/profile,Thomasnet:stainless-steel-tanks:indiana,2026-06-17 04:05:01,incomplete,partial,{}
2002,Realize INC,,"Noblesville, IN",,[],,[],,,[],,https://www.thomasnet.com/company/realize-inc-10107090/profile,Thomasnet:stainless-steel-tanks:indiana,2026-06-17 04:05:01,incomplete,partial,{}
2003,"Kadet Products, Inc",,"Elwood, IN",,[],,[],,,[],,https://www.thomasnet.com/company/kadet-products-inc-956168/profile,Thomasnet:stainless-steel-tanks:indiana,2026-06-17 04:05:01,incomplete,partial,{}
2004,Danco Anodizing,,"Warsaw, IN",,[],,[],,,[],,https://www.thomasnet.com/company/danco-anodizing-30720285/profile,Thomasnet:stainless-steel-tanks:indiana,2026-06-17 04:05:01,incomplete,partial,{}
2005,Whimet INC,,"Warsaw, IN",,[],,[],,,[],,https://www.thomasnet.com/company/whimet-inc-958344/profile,Thomasnet:stainless-steel-tanks:indiana,2026-06-17 04:05:01,incomplete,partial,{}
2006,"Boyer Machine & Tool Co., Inc",,"Columbus, IN",,[],,[],,,[],,https://www.thomasnet.com/company/boyer-machine-tool-co-inc-103307/profile,Thomasnet:stainless-steel-tanks:indiana,2026-06-17 04:05:01,incomplete,partial,{}
2007,A&B Flooring,,"Orland, IN",,[],,[],,,[],,https://www.thomasnet.com/company/a-b-flooring-642392/profile,Thomasnet:stainless-steel-tanks:indiana,2026-06-17 04:05:01,incomplete,partial,{}
2008,American Anodizing Co,,"Fort Wayne, IN",,[],,[],,,[],,https://www.thomasnet.com/company/american-anodizing-co-30723114/profile,Thomasnet:stainless-steel-tanks:indiana,2026-06-17 04:05:01,incomplete,partial,{}
2009,"Meyer Plastics, Inc",,"Indianapolis, IN",,[],,[],,,[],,https://www.thomasnet.com/company/meyer-plastics-inc-122218/profile,Thomasnet:stainless-steel-tanks:indiana,2026-06-17 04:05:01,incomplete,partial,{}
2010,"Techmetals, Inc",,"Dayton, OH",,[],,[],,,[],,https://www.thomasnet.com/company/techmetals-inc-122189/profile,Thomasnet:frp-tanks:kentucky,2026-06-17 04:05:33,incomplete,partial,{}
2012,Sinclair Glass,,"Hartford City, IN",,[],,[],,,[],,https://www.thomasnet.com/company/sinclair-glass-115378/profile,Thomasnet:stainless-steel-tanks:indiana,2026-06-17 04:05:01,incomplete,partial,{}
2013,Abrasive Processing,,"Fortville, IN",,[],,[],,,[],,https://www.thomasnet.com/company/abrasive-processing-10000434/profile,Thomasnet:stainless-steel-tanks:indiana,2026-06-17 04:05:01,incomplete,partial,{}
2018,Clark Machine Corporation,,"Baltimore, MD",,[],,[],,,[],,https://www.thomasnet.com/company/clark-machine-corporation-366688/profile,Thomasnet:stainless-steel-tanks:maryland,2026-06-17 04:05:05,incomplete,partial,{}
2019,Brass Art Crafts CO,,"Annapolis, MD",,[],,[],,,[],,https://www.thomasnet.com/company/brass-art-crafts-co-1293879/profile,Thomasnet:stainless-steel-tanks:maryland,2026-06-17 04:05:05,incomplete,partial,{}
2020,"Xiamen Innovacera Advanced Materials Co., Ltd",,"Laurel, MD",,[],,[],,,[],,https://www.thomasnet.com/company/xiamen-innovacera-advanced-materials-co-ltd-30776682/profile,Thomasnet:stainless-steel-tanks:maryland,2026-06-17 04:05:05,incomplete,partial,{}
2021,Brassworks CO INC,,"Baltimore, MD",,[],,[],,,[],,https://www.thomasnet.com/company/brassworks-co-inc-1293901/profile,Thomasnet:stainless-steel-tanks:maryland,2026-06-17 04:05:05,incomplete,partial,{}
2022,Vulcan Engineering Manufacturing INC,,"Waldorf, MD",,[],,[],,,[],,https://www.thomasnet.com/company/vulcan-engineering-manufacturing-inc-30917628/profile,Thomasnet:stainless-steel-tanks:maryland,2026-06-17 04:05:05,incomplete,partial,{}
2023,Metro Plating Polishing INC,,"Kensington, MD",,[],,[],,,[],,https://www.thomasnet.com/company/metro-plating-polishing-inc-700483/profile,Thomasnet:stainless-steel-tanks:maryland,2026-06-17 04:05:05,incomplete,partial,{}
2024,Chevy Chase Plating Polishing INC,,"Rockville, MD",,[],,[],,,[],,https://www.thomasnet.com/company/chevy-chase-plating-polishing-inc-1293737/profile,Thomasnet:stainless-steel-tanks:maryland,2026-06-17 04:05:05,incomplete,partial,{}
2025,Maryland Metals Navigation,,"Baltimore, MD",,[],,[],,,[],,https://www.thomasnet.com/company/maryland-metals-navigation-973716/profile,Thomasnet:stainless-steel-tanks:maryland,2026-06-17 04:05:05,incomplete,partial,{}
2026,Precision Plastics INC,,"Beltsville, MD",,[],,[],,,[],,https://www.thomasnet.com/company/precision-plastics-inc-367313/profile,Thomasnet:stainless-steel-tanks:maryland,2026-06-17 04:05:05,incomplete,partial,{}
2027,Hydrite Chemical Co,,"Waterloo, IA",,[],,[],,,[],,https://www.thomasnet.com/company/hydrite-chemical-co-631749/profile,Thomasnet:frp-tanks:iowa,2026-06-17 04:05:21,incomplete,partial,{}
2028,Wilkens Anderson CO Waco,,"Chicago, IL",,[],,[],,,[],,https://www.thomasnet.com/company/wilkens-anderson-co-waco-976993/profile,Thomasnet:frp-tanks:illinois,2026-06-17 04:05:05,incomplete,partial,{}
2029,Scientific Solutions LLC,,"Woodstock, IL",,[],,[],,,[],,https://www.thomasnet.com/company/scientific-solutions-llc-30442168/profile,Thomasnet:frp-tanks:illinois,2026-06-17 04:05:05,incomplete,partial,{}
2030,"Producers Chemical Company, Inc",,"Batavia, IL",,[],,[],,,[],,https://www.thomasnet.com/company/producers-chemical-company-inc-431997/profile,Thomasnet:frp-tanks:illinois,2026-06-17 04:05:05,incomplete,partial,{}
2031,ChemQuest International,,"Hanover Park, IL",,[],,[],,,[],,https://www.thomasnet.com/company/chemquest-international-30970326/profile,Thomasnet:frp-tanks:illinois,2026-06-17 04:05:05,incomplete,partial,{}
2032,Sesco Enterprises INC,,"Chicago Heights, IL",,[],,[],,,[],,https://www.thomasnet.com/company/sesco-enterprises-inc-451999/profile,Thomasnet:frp-tanks:illinois,2026-06-17 04:05:05,incomplete,partial,{}
2033,Interstate Chemical CO INC,,"Rock Island, IL",,[],,[],,,[],,https://www.thomasnet.com/company/interstate-chemical-co-inc-154191/profile,Thomasnet:frp-tanks:illinois,2026-06-17 04:05:05,incomplete,partial,{}
2035,D.F. Goldsmith Chemical & Metal Corp,,"Evanston, IL",,[],,[],,,[],,https://www.thomasnet.com/company/d-f-goldsmith-chemical-metal-corp-452638/profile,Thomasnet:frp-tanks:illinois,2026-06-17 04:05:05,incomplete,partial,{}
2036,Ms Finechem,,"Bartlett, IL",,[],,[],,,[],,https://www.thomasnet.com/company/ms-finechem-30871678/profile,Thomasnet:frp-tanks:illinois,2026-06-17 04:05:05,incomplete,partial,{}
2037,"Gurtler Industries, Inc",,"South Holland, IL",,[],,[],,,[],,https://www.thomasnet.com/company/gurtler-industries-inc-712057/profile,Thomasnet:frp-tanks:illinois,2026-06-17 04:05:05,incomplete,partial,{}
2041,Rock Valley Oil Chemical CO,,"Loves Park, IL",,[],,[],,,[],,https://www.thomasnet.com/company/rock-valley-oil-chemical-co-444087/profile,Thomasnet:frp-tanks:illinois,2026-06-17 04:05:05,incomplete,partial,{}
2043,Clariant Corporation,,"West Chicago, IL",,[],,[],,,[],,https://www.thomasnet.com/company/clariant-corporation-395784/profile,Thomasnet:frp-tanks:illinois,2026-06-17 04:05:05,incomplete,partial,{}
2044,Ele Corporation,,"McCook, IL",,[],,[],,,[],,https://www.thomasnet.com/company/ele-corporation-30828528/profile,Thomasnet:frp-tanks:illinois,2026-06-17 04:05:05,incomplete,partial,{}
2046,Angus Chemical Company,,"Buffalo Grove, IL",,[],,[],,,[],,https://www.thomasnet.com/company/angus-chemical-company-711909/profile,Thomasnet:frp-tanks:illinois,2026-06-17 04:05:05,incomplete,partial,{}
2047,"TLC Ingredients, Inc",,"Crest Hill, IL",,[],,[],,,[],,https://www.thomasnet.com/company/tlc-ingredients-inc-30341586/profile,Thomasnet:frp-tanks:illinois,2026-06-17 04:05:05,incomplete,partial,{}
2048,"CF Industries, Inc",,"West Des Moines, IA",,[],,[],,,[],,https://www.thomasnet.com/company/north-american-minerals-corp-1220885/profile,Thomasnet:frp-tanks:iowa,2026-06-17 04:05:21,incomplete,partial,{}
2050,Biosynth Ag,,"Naperville, IL",,[],,[],,,[],,https://www.thomasnet.com/company/biosynth-ag-1077249/profile,Thomasnet:frp-tanks:illinois,2026-06-17 04:05:05,incomplete,partial,{}
2051,Dynalene,,"Wood Dale, IL",,[],,[],,,[],,https://www.thomasnet.com/company/dynalene-10058123/profile,Thomasnet:frp-tanks:illinois,2026-06-17 04:05:05,incomplete,partial,{}
2054,Wilbur Ellis CO,,"Caldwell, ID",,[],,[],,,[],,https://www.thomasnet.com/company/wilbur-ellis-co-831620/profile,Thomasnet:frp-tanks:idaho,2026-06-17 04:05:05,incomplete,partial,{}
2058,Brose Chemical CO,,"Twin Falls, ID",,[],,[],,,[],,https://www.thomasnet.com/company/brose-chemical-co-10082062/profile,Thomasnet:frp-tanks:idaho,2026-06-17 04:05:05,incomplete,partial,{}
2059,Fpc Technology INC,,"Boise, ID",,[],,[],,,[],,https://www.thomasnet.com/company/fpc-technology-inc-10081901/profile,Thomasnet:frp-tanks:idaho,2026-06-17 04:05:05,incomplete,partial,{}
2060,Lynn Industrial Coatings INC,,"Boise, ID",,[],,[],,,[],,https://www.thomasnet.com/company/lynn-industrial-coatings-inc-10023746/profile,Thomasnet:frp-tanks:idaho,2026-06-17 04:05:05,incomplete,partial,{}
2061,Precision Vinyl Products INC,,"Twin Falls, ID",,[],,[],,,[],,https://www.thomasnet.com/company/precision-vinyl-products-inc-10081956/profile,Thomasnet:frp-tanks:idaho,2026-06-17 04:05:05,incomplete,partial,{}
2062,Technichem Corporation,,"Boise, ID",,[],,[],,,[],,https://www.thomasnet.com/company/technichem-corporation-1113843/profile,Thomasnet:frp-tanks:idaho,2026-06-17 04:05:05,incomplete,partial,{}
2063,"Industrial Supply, Inc",,"Twin Falls, ID",,[],,[],,,[],,https://www.thomasnet.com/company/industrial-supply-inc-30185439/profile,Thomasnet:frp-tanks:idaho,2026-06-17 04:05:05,incomplete,partial,{}
2064,Zatural,,"Eden, ID",,[],,[],,,[],,https://www.thomasnet.com/company/zatural-30873472/profile,Thomasnet:frp-tanks:idaho,2026-06-17 04:05:05,incomplete,partial,{}
2065,Firefox Enterprises LLC,,"Pocatello, ID",,[],,[],,,[],,https://www.thomasnet.com/company/firefox-enterprises-llc-30933060/profile,Thomasnet:frp-tanks:idaho,2026-06-17 04:05:05,incomplete,partial,{}
2066,"Rocket Industrial, Inc",,"Boise, ID",,[],,[],,,[],,https://www.thomasnet.com/company/rocket-industrial-inc-30083581/profile,Thomasnet:frp-tanks:idaho,2026-06-17 04:05:05,incomplete,partial,{}
2067,Interstate Plastics,,"Boise, ID",,[],,[],,,[],,https://www.thomasnet.com/company/interstate-plastics-479208/profile,Thomasnet:frp-tanks:idaho,2026-06-17 04:05:05,incomplete,partial,{}
2068,Intermountain Specialty Gases,,"Nampa, ID",,[],,[],,,[],,https://www.thomasnet.com/company/intermountain-specialty-gases-1120455/profile,Thomasnet:frp-tanks:idaho,2026-06-17 04:05:05,incomplete,partial,{}
2069,Continental Steel & Tube Co,,"Fort Lauderdale, FL",,[],,[],,,[],,https://www.thomasnet.com/company/continental-steel-tube-co-1080186/profile,Thomasnet:frp-tanks:idaho,2026-06-17 04:05:05,incomplete,partial,{}
2072,"Omnipure Filter Co., Inc",,"Caldwell, ID",,[],,[],,,[],,https://www.thomasnet.com/company/omnipure-filter-co-inc-1117155/profile,Thomasnet:frp-tanks:idaho,2026-06-17 04:05:05,incomplete,partial,{}
2073,Ceramic Reinforced Technologies,,"Ketchum, ID",,[],,[],,,[],,https://www.thomasnet.com/company/ceramic-reinforced-technologies-30754688/profile,Thomasnet:frp-tanks:idaho,2026-06-17 04:05:05,incomplete,partial,{}
2074,"Praxair, Inc",,"Idaho Falls, ID",,[],,[],,,[],,https://www.thomasnet.com/company/praxair-inc-1178052/profile,Thomasnet:frp-tanks:idaho,2026-06-17 04:05:05,incomplete,partial,{}
2076,"Hess Pumice Products, Inc",,"Malad City, ID",,[],,[],,,[],,https://www.thomasnet.com/company/hess-pumice-products-inc-1177266/profile,Thomasnet:frp-tanks:idaho,2026-06-17 04:05:05,incomplete,partial,{}
2080,K C I Chemical CO,,"Kingsbury, IN",,[],,[],,,[],,https://www.thomasnet.com/company/k-c-i-chemical-co-441239/profile,Thomasnet:frp-tanks:indiana,2026-06-17 04:05:11,incomplete,partial,{}
2081,Geon CO the,,"Terre Haute, IN",,[],,[],,,[],,https://www.thomasnet.com/company/geon-co-the-1023273/profile,Thomasnet:frp-tanks:indiana,2026-06-17 04:05:11,incomplete,partial,{}
2084,Wilson Chemical Solutions,,"Rensselaer, IN",,[],,[],,,[],,https://www.thomasnet.com/company/wilson-chemical-solutions-30996429/profile,Thomasnet:frp-tanks:indiana,2026-06-17 04:05:11,incomplete,partial,{}
2085,Univertical,,"Angola, IN",,[],,[],,,[],,https://www.thomasnet.com/company/univertical-1146084/profile,Thomasnet:frp-tanks:indiana,2026-06-17 04:05:11,incomplete,partial,{}
2088,Rhodia INC,,"Hammond, IN",,[],,[],,,[],,https://www.thomasnet.com/company/rhodia-inc-434537/profile,Thomasnet:frp-tanks:indiana,2026-06-17 04:05:11,incomplete,partial,{}
2092,Water Solutions Unlimited,,"Camby, IN",,[],,[],,,[],,https://www.thomasnet.com/company/water-solutions-unlimited-30947892/profile,Thomasnet:frp-tanks:indiana,2026-06-17 04:05:11,incomplete,partial,{}
2093,"Asterion, LLC",,"Indianapolis, IN",,[],,[],,,[],,https://www.thomasnet.com/company/asterion-llc-30423028/profile,Thomasnet:frp-tanks:indiana,2026-06-17 04:05:11,incomplete,partial,{}
2094,Challenge INC,,"Indianapolis, IN",,[],,[],,,[],,https://www.thomasnet.com/company/challenge-inc-10076514/profile,Thomasnet:frp-tanks:indiana,2026-06-17 04:05:11,incomplete,partial,{}
2097,Circle Prosco INC,,"Bloomington, IN",,[],,[],,,[],,https://www.thomasnet.com/company/circle-prosco-inc-955898/profile,Thomasnet:frp-tanks:indiana,2026-06-17 04:05:11,incomplete,partial,{}
2098,Geo. Pfau's Sons Co. Inc,,"Jeffersonville, IN",,[],,[],,,[],,https://www.thomasnet.com/company/geo-pfau-s-sons-co-inc-105619/profile,Thomasnet:frp-tanks:indiana,2026-06-17 04:05:11,incomplete,partial,{}
2099,"Chemsol, Inc",,"Indianapolis, IN",,[],,[],,,[],,https://www.thomasnet.com/company/chemsol-inc-1311398/profile,Thomasnet:frp-tanks:indiana,2026-06-17 04:05:11,incomplete,partial,{}
2100,Mason Metals Co,,"Schererville, IN",,[],,[],,,[],,https://www.thomasnet.com/company/mason-metals-co-629480/profile,Thomasnet:frp-tanks:indiana,2026-06-17 04:05:11,incomplete,partial,{}
2146,Paulen Industries INC,,"Beltsville, MD",,[],,[],,,[],,https://www.thomasnet.com/company/paulen-industries-inc-10029604/profile,Thomasnet:frp-tanks:maryland,2026-06-17 04:05:15,incomplete,partial,{}
2147,Providence Chemical,,"Baltimore, MD",,[],,[],,,[],,https://www.thomasnet.com/company/providence-chemical-30967578/profile,Thomasnet:frp-tanks:maryland,2026-06-17 04:05:15,incomplete,partial,{}
2148,Quicksilver Analytics INC,,"Belcamp, MD",,[],,[],,,[],,https://www.thomasnet.com/company/quicksilver-analytics-inc-20038077/profile,Thomasnet:frp-tanks:maryland,2026-06-17 04:05:15,incomplete,partial,{}
2154,Chem Met CO,,"Clinton, MD",,[],,[],,,[],,https://www.thomasnet.com/company/chem-met-co-359402/profile,Thomasnet:frp-tanks:maryland,2026-06-17 04:05:15,incomplete,partial,{}
2155,"Colonial Metals, Inc",,"Elkton, MD",,[],,[],,,[],,https://www.thomasnet.com/company/colonial-metals-inc-358970/profile,Thomasnet:frp-tanks:maryland,2026-06-17 04:05:15,incomplete,partial,{}
2156,Coburn Chemicals INC,,"Cockeysville, MD",,[],,[],,,[],,https://www.thomasnet.com/company/coburn-chemicals-inc-370741/profile,Thomasnet:frp-tanks:maryland,2026-06-17 04:05:15,incomplete,partial,{}
2157,Dunleary INC,,"Towson, MD",,[],,[],,,[],,https://www.thomasnet.com/company/dunleary-inc-30305511/profile,Thomasnet:frp-tanks:maryland,2026-06-17 04:05:15,incomplete,partial,{}
2158,Rintech INC,,"Gaithersburg, MD",,[],,[],,,[],,https://www.thomasnet.com/company/rintech-inc-30745120/profile,Thomasnet:frp-tanks:maryland,2026-06-17 04:05:15,incomplete,partial,{}
2160,"APAC Pharmaceutical, LLC",,"Columbia, MD",,[],,[],,,[],,https://www.thomasnet.com/company/apac-pharmaceutical-llc-30753879/profile,Thomasnet:frp-tanks:maryland,2026-06-17 04:05:15,incomplete,partial,{}
2161,"Brenntag North America, Inc",,"Henderson, KY",,[],,[],,,[],,https://www.thomasnet.com/company/brenntag-north-america-inc-1029747/profile,Thomasnet:frp-tanks:kentucky,2026-06-17 04:05:33,incomplete,partial,{}
2162,Weiss Bros of Hagerstown INC,,"Hagerstown, MD",,[],,[],,,[],,https://www.thomasnet.com/company/weiss-bros-of-hagerstown-inc-358359/profile,Thomasnet:frp-tanks:maryland,2026-06-17 04:05:15,incomplete,partial,{}
2163,"USALCO, LLC",,"Baltimore, MD",,[],,[],,,[],,https://www.thomasnet.com/company/usalco-llc-973608/profile,Thomasnet:frp-tanks:maryland,2026-06-17 04:05:15,incomplete,partial,{}
2165,Chempacific Corp,,"Baltimore, MD",,[],,[],,,[],,https://www.thomasnet.com/company/chempacific-corp-30745482/profile,Thomasnet:frp-tanks:maryland,2026-06-17 04:05:15,incomplete,partial,{}
2166,ABICOR BINZEL,,"Frederick, MD",,[],,[],,,[],,https://www.thomasnet.com/company/abicor-binzel-371388/profile,Thomasnet:frp-tanks:maryland,2026-06-17 04:05:15,incomplete,partial,{}
2167,The Warner Graham Company,,"Cockeysville, MD",,[],,[],,,[],,https://www.thomasnet.com/company/the-warner-graham-company-356235/profile,Thomasnet:frp-tanks:maryland,2026-06-17 04:05:15,incomplete,partial,{}
2171,Hanwha International LLC,,"Waimanalo, HI",,[],,[],,,[],,https://www.thomasnet.com/company/hanwha-international-llc-999035/profile,Thomasnet:frp-tanks:hawaii,2026-06-17 04:05:15,incomplete,partial,{}
2173,Thermo Fisher Scientific,,"Kapolei, HI",,[],,[],,,[],,https://www.thomasnet.com/company/thermo-fisher-scientific-10098289/profile,Thomasnet:frp-tanks:hawaii,2026-06-17 04:05:15,incomplete,partial,{}
2174,Air Liquide USA Inc,,"Kapolei, HI",,[],,[],,,[],,https://www.thomasnet.com/company/air-liquide-usa-inc-50922/profile,Thomasnet:frp-tanks:hawaii,2026-06-17 04:05:15,incomplete,partial,{}
2175,Trex Enterprises Corp,,"Lihue, HI",,[],,[],,,[],,https://www.thomasnet.com/company/trex-enterprises-corp-10110919/profile,Thomasnet:frp-tanks:hawaii,2026-06-17 04:05:15,incomplete,partial,{}
2176,3d International LLC,,"Honolulu, HI",,[],,[],,,[],,https://www.thomasnet.com/company/3d-international-llc-10082237/profile,Thomasnet:frp-tanks:hawaii,2026-06-17 04:05:15,incomplete,partial,{}
2177,Grower's Secret,,"Honolulu, HI",,[],,[],,,[],,https://www.thomasnet.com/company/grower-s-secret-30871732/profile,Thomasnet:frp-tanks:hawaii,2026-06-17 04:05:15,incomplete,partial,{}
2178,Ecolab,,"Wailuku, HI",,[],,[],,,[],,https://www.thomasnet.com/company/ecolab-1215989/profile,Thomasnet:frp-tanks:hawaii,2026-06-17 04:05:15,incomplete,partial,{}
2179,Lubrco LLC,,"Honolulu, HI",,[],,[],,,[],,https://www.thomasnet.com/company/lubrco-llc-30877630/profile,Thomasnet:frp-tanks:hawaii,2026-06-17 04:05:15,incomplete,partial,{}
2180,Term Out,,"Hauula, HI",,[],,[],,,[],,https://www.thomasnet.com/company/term-out-10056923/profile,Thomasnet:frp-tanks:hawaii,2026-06-17 04:05:15,incomplete,partial,{}
2181,"Foundry Service & Supplies, Inc",,"Ontario, CA",,[],,[],,,[],,https://www.thomasnet.com/company/foundry-service-supplies-inc-1139288/profile,Thomasnet:frp-tanks:hawaii,2026-06-17 04:05:15,incomplete,partial,{}
2182,"Island Energy Services, LLC",,"Kapolei, HI",,[],,[],,,[],,https://www.thomasnet.com/company/island-energy-services-llc-30882728/profile,Thomasnet:frp-tanks:hawaii,2026-06-17 04:05:15,incomplete,partial,{}
2183,Construction Materials,,"Honolulu, HI",,[],,[],,,[],,https://www.thomasnet.com/company/construction-materials-30126399/profile,Thomasnet:frp-tanks:hawaii,2026-06-17 04:05:15,incomplete,partial,{}
2184,Sysco,,"Honolulu, HI",,[],,[],,,[],,https://www.thomasnet.com/company/sysco-368223/profile,Thomasnet:frp-tanks:hawaii,2026-06-17 04:05:15,incomplete,partial,{}
2185,Dmg Corp,,"Honolulu, HI",,[],,[],,,[],,https://www.thomasnet.com/company/dmg-corp-186044/profile,Thomasnet:frp-tanks:hawaii,2026-06-17 04:05:15,incomplete,partial,{}
2186,Tileco INC,,"Kapolei, HI",,[],,[],,,[],,https://www.thomasnet.com/company/tileco-inc-10064257/profile,Thomasnet:frp-tanks:hawaii,2026-06-17 04:05:15,incomplete,partial,{}
2187,Mid South Chemical CO,,"Ringgold, LA",,[],,[],,,[],,https://www.thomasnet.com/company/mid-south-chemical-co-1201101/profile,Thomasnet:frp-tanks:louisiana,2026-06-17 04:05:21,incomplete,partial,{}
2189,Albemarle Corp,,"Baton Rouge, LA",,[],,[],,,[],,https://www.thomasnet.com/company/albemarle-corp-30809861/profile,Thomasnet:frp-tanks:louisiana,2026-06-17 04:05:21,incomplete,partial,{}
2190,Rubicon Chemicals INC,,"Geismar, LA",,[],,[],,,[],,https://www.thomasnet.com/company/rubicon-chemicals-inc-67598/profile,Thomasnet:frp-tanks:louisiana,2026-06-17 04:05:21,incomplete,partial,{}
2191,Coastal Chemical CO,,"Ruston, LA",,[],,[],,,[],,https://www.thomasnet.com/company/coastal-chemical-co-82321/profile,Thomasnet:frp-tanks:louisiana,2026-06-17 04:05:21,incomplete,partial,{}
2192,Reagent Chemical Research INC,,"Saint Gabriel, LA",,[],,[],,,[],,https://www.thomasnet.com/company/reagent-chemical-research-inc-68268/profile,Thomasnet:frp-tanks:louisiana,2026-06-17 04:05:21,incomplete,partial,{}
2194,Rig Chem,,"Houma, LA",,[],,[],,,[],,https://www.thomasnet.com/company/rig-chem-30930173/profile,Thomasnet:frp-tanks:louisiana,2026-06-17 04:05:21,incomplete,partial,{}
2196,Triad Chemical,,"Donaldsonville, LA",,[],,[],,,[],,https://www.thomasnet.com/company/triad-chemical-10039172/profile,Thomasnet:frp-tanks:louisiana,2026-06-17 04:05:21,incomplete,partial,{}
2200,Cornerstone Chemical Company,,"Waggaman, LA",,[],,[],,,[],,https://www.thomasnet.com/company/cornerstone-chemical-company-30757922/profile,Thomasnet:frp-tanks:louisiana,2026-06-17 04:05:21,incomplete,partial,{}
2203,Texas Petrochemicals Inc,,"Shreveport, LA",,[],,[],,,[],,https://www.thomasnet.com/company/peak-sulfur-east-89441/profile,Thomasnet:frp-tanks:louisiana,2026-06-17 04:05:21,incomplete,partial,{}
2205,Energy Chemicals and Marketing LLC,,"Baton Rouge, LA",,[],,[],,,[],,https://www.thomasnet.com/company/energy-chemicals-and-marketing-llc-31000656/profile,Thomasnet:frp-tanks:louisiana,2026-06-17 04:05:21,incomplete,partial,{}
2207,Culligan of Southeast Louisiana,,"Baton Rouge, LA",,[],,[],,,[],,https://www.thomasnet.com/company/culligan-of-southeast-louisiana-30711062/profile,Thomasnet:frp-tanks:louisiana,2026-06-17 04:05:21,incomplete,partial,{}
2208,Tetra Chemicals,,"Lake Charles, LA",,[],,[],,,[],,https://www.thomasnet.com/company/tetra-chemicals-68618/profile,Thomasnet:frp-tanks:louisiana,2026-06-17 04:05:21,incomplete,partial,{}
2210,Force Chem Technologies,,"Broussard, LA",,[],,[],,,[],,https://www.thomasnet.com/company/force-chem-technologies-30725787/profile,Thomasnet:frp-tanks:louisiana,2026-06-17 04:05:21,incomplete,partial,{}
2211,Sasol North America,,"Westlake, LA",,[],,[],,,[],,https://www.thomasnet.com/company/sasol-north-america-10040660/profile,Thomasnet:frp-tanks:louisiana,2026-06-17 04:05:21,incomplete,partial,{}
2214,Fenchem,,"Grimes, IA",,[],,[],,,[],,https://www.thomasnet.com/company/fenchem-30831672/profile,Thomasnet:frp-tanks:iowa,2026-06-17 04:05:21,incomplete,partial,{}
2215,Raining Rose,,"Cedar Rapids, IA",,[],,[],,,[],,https://www.thomasnet.com/company/raining-rose-10084279/profile,Thomasnet:frp-tanks:iowa,2026-06-17 04:05:21,incomplete,partial,{}
2223,MPRC Products,,"Cedar Rapids, IA",,[],,[],,,[],,https://www.thomasnet.com/company/mprc-products-1172007/profile,Thomasnet:frp-tanks:iowa,2026-06-17 04:05:21,incomplete,partial,{}
2226,Salsbury Chemicals INC,,"Charles City, IA",,[],,[],,,[],,https://www.thomasnet.com/company/salsbury-chemicals-inc-10033936/profile,Thomasnet:frp-tanks:iowa,2026-06-17 04:05:21,incomplete,partial,{}
2227,"Tjaden Biosciences, LLC",,"Burlington, IA",,[],,[],,,[],,https://www.thomasnet.com/company/tjaden-biosciences-llc-30927540/profile,Thomasnet:frp-tanks:iowa,2026-06-17 04:05:21,incomplete,partial,{}
2228,Terra Industries INC,,"Sioux City, IA",,[],,[],,,[],,https://www.thomasnet.com/company/terra-industries-inc-10038217/profile,Thomasnet:frp-tanks:iowa,2026-06-17 04:05:21,incomplete,partial,{}
2230,Blue Wave Ultrasonics Inc,,"Davenport, IA",,[],,[],,,[],,https://www.thomasnet.com/company/blue-wave-ultrasonics-inc-1267703/profile,Thomasnet:frp-tanks:iowa,2026-06-17 04:05:21,incomplete,partial,{}
2231,"Emco Industrial Plastics, Inc",,"Cedar Grove, NJ",,[],,[],,,[],,https://www.thomasnet.com/company/emco-industrial-plastics-inc-585707/profile,Thomasnet:frp-tanks:kentucky,2026-06-17 04:05:33,incomplete,partial,{}
2233,Crop Services INC,,"Drakesville, IA",,[],,[],,,[],,https://www.thomasnet.com/company/crop-services-inc-1200822/profile,Thomasnet:frp-tanks:iowa,2026-06-17 04:05:21,incomplete,partial,{}
2234,E & R Industrial,,"Davenport, IA",,[],,[],,,[],,https://www.thomasnet.com/company/e-r-industrial-167617/profile,Thomasnet:frp-tanks:iowa,2026-06-17 04:05:21,incomplete,partial,{}
2235,Acco Unlimited Corporation,,"Johnston, IA",,[],,[],,,[],,https://www.thomasnet.com/company/acco-unlimited-corporation-30986749/profile,Thomasnet:frp-tanks:iowa,2026-06-17 04:05:21,incomplete,partial,{}
2236,Bjk Pump Gas CO,,"Newell, IA",,[],,[],,,[],,https://www.thomasnet.com/company/bjk-pump-gas-co-1212369/profile,Thomasnet:frp-tanks:iowa,2026-06-17 04:05:21,incomplete,partial,{}
2238,Spurrier Chemical Companies,,"Wichita, KS",,[],,[],,,[],,https://www.thomasnet.com/company/spurrier-chemical-companies-1063470/profile,Thomasnet:frp-tanks:kansas,2026-06-17 04:05:29,incomplete,partial,{}
2239,Natur S Way INC,,"Horton, KS",,[],,[],,,[],,https://www.thomasnet.com/company/natur-s-way-inc-10027509/profile,Thomasnet:frp-tanks:kansas,2026-06-17 04:05:29,incomplete,partial,{}
2243,Flint Hills Resources,,"Wichita, KS",,[],,[],,,[],,https://www.thomasnet.com/company/flint-hills-resources-1308636/profile,Thomasnet:frp-tanks:kansas,2026-06-17 04:05:29,incomplete,partial,{}
2246,Avitar,,"Lawrence, KS",,[],,[],,,[],,https://www.thomasnet.com/company/avitar-30779789/profile,Thomasnet:frp-tanks:kansas,2026-06-17 04:05:29,incomplete,partial,{}
2247,HOC Industries,,"Wichita, KS",,[],,[],,,[],,https://www.thomasnet.com/company/hoc-industries-1308703/profile,Thomasnet:frp-tanks:kansas,2026-06-17 04:05:29,incomplete,partial,{}
2249,D F Services LLC,,"Overland Park, KS",,[],,[],,,[],,https://www.thomasnet.com/company/d-f-services-llc-30949384/profile,Thomasnet:frp-tanks:kansas,2026-06-17 04:05:29,incomplete,partial,{}
2250,Ashland Specialty Chemical CO Drew Industrial Division,,"Kansas City, KS",,[],,[],,,[],,https://www.thomasnet.com/company/ashland-specialty-chemical-co-drew-industrial-division-1216270/profile,Thomasnet:frp-tanks:kansas,2026-06-17 04:05:29,incomplete,partial,{}
2251,Source Chem,,"Shawnee, KS",,[],,[],,,[],,https://www.thomasnet.com/company/source-chem-30992770/profile,Thomasnet:frp-tanks:kansas,2026-06-17 04:05:29,incomplete,partial,{}
2252,"MidContinental Chemical Company, Inc",,"Olathe, KS",,[],,[],,,[],,https://www.thomasnet.com/company/midcontinental-chemical-company-inc-30845641/profile,Thomasnet:frp-tanks:kansas,2026-06-17 04:05:29,incomplete,partial,{}
2256,"Dairy Farmers of America, Inc",,"Kansas City, KS",,[],,[],,,[],,https://www.thomasnet.com/company/dairy-farmers-of-america-inc-10010496/profile,Thomasnet:frp-tanks:kansas,2026-06-17 04:05:29,incomplete,partial,{}
2257,Crown/Tonka Walk-Ins,,"Andover, KS",,[],,[],,,[],,https://www.thomasnet.com/company/crown-tonka-walk-ins-10063130/profile,Thomasnet:frp-tanks:kansas,2026-06-17 04:05:29,incomplete,partial,{}
2258,Koch Agronomic Services LLC,,"Wichita, KS",,[],,[],,,[],,https://www.thomasnet.com/company/koch-agronomic-services-llc-30955787/profile,Thomasnet:frp-tanks:kansas,2026-06-17 04:05:29,incomplete,partial,{}
2259,Drexel Chemical Co,,"Leavenworth, KS",,[],,[],,,[],,https://www.thomasnet.com/company/drexel-chemical-co-868247/profile,Thomasnet:frp-tanks:kansas,2026-06-17 04:05:29,incomplete,partial,{}
2261,W. R. Grace & Co,,"Olathe, KS",,[],,[],,,[],,https://www.thomasnet.com/company/w-r-grace-co-1035906/profile,Thomasnet:frp-tanks:kansas,2026-06-17 04:05:29,incomplete,partial,{}
2305,Estron Chemical INC,,"Calvert City, KY",,[],,[],,,[],,https://www.thomasnet.com/company/estron-chemical-inc-123410/profile,Thomasnet:frp-tanks:kentucky,2026-06-17 04:05:33,incomplete,partial,{}
2306,Ulrich,,"Louisville, KY",,[],,[],,,[],,https://www.thomasnet.com/company/ulrich-122728/profile,Thomasnet:frp-tanks:kentucky,2026-06-17 04:05:33,incomplete,partial,{}
2307,Camco Chemicals,,"Florence, KY",,[],,[],,,[],,https://www.thomasnet.com/company/camco-chemicals-109005/profile,Thomasnet:frp-tanks:kentucky,2026-06-17 04:05:33,incomplete,partial,{}
2309,Future Chemicals LTD,,"Louisville, KY",,[],,[],,,[],,https://www.thomasnet.com/company/future-chemicals-ltd-31005436/profile,Thomasnet:frp-tanks:kentucky,2026-06-17 04:05:33,incomplete,partial,{}
2311,Landrum Chemical Industries,,"Louisville, KY",,[],,[],,,[],,https://www.thomasnet.com/company/landrum-chemical-industries-1244276/profile,Thomasnet:frp-tanks:kentucky,2026-06-17 04:05:33,incomplete,partial,{}
2315,Culligan International Company,,"Paducah, KY",,[],,[],,,[],,https://www.thomasnet.com/company/culligan-international-company-30486628/profile,Thomasnet:frp-tanks:kentucky,2026-06-17 04:05:33,incomplete,partial,{}
2317,Chemical Services INC,,"Louisville, KY",,[],,[],,,[],,https://www.thomasnet.com/company/chemical-services-inc-120460/profile,Thomasnet:frp-tanks:kentucky,2026-06-17 04:05:33,incomplete,partial,{}
2319,Iofina Chemical,,"Covington, KY",,[],,[],,,[],,https://www.thomasnet.com/company/iofina-chemical-30331753/profile,Thomasnet:frp-tanks:kentucky,2026-06-17 04:05:33,incomplete,partial,{}
2321,H S Chemical CO INC,,"Covington, KY",,[],,[],,,[],,https://www.thomasnet.com/company/h-s-chemical-co-inc-10070649/profile,Thomasnet:frp-tanks:kentucky,2026-06-17 04:05:33,incomplete,partial,{}
2325,Chempace Corporation,,"Toledo, OH",,[],,[],,,[],,https://www.thomasnet.com/company/chempace-corporation-40500/profile,Thomasnet:frp-tanks:kentucky,2026-06-17 04:05:33,incomplete,partial,{}
3602,"Midwest Imperial Steel Fabricators, LLC",,"Oak Lawn, IL",,"[""ASME (likely)""]",Pressure Vessel Manufacturer,"[""Carbon Steel"", ""Stainless Steel""]",,800-282-1574,[],,,IQS:pressure-vessels,2026-06-17 05:14:12,verified,verified,"{""company_name"": {""source"": ""IQS:pressure-vessels"", ""date"": ""2026-06-17""}, ""headquarters_location"": {""source"": ""IQS:pressure-vessels"", ""date"": ""2026-06-17""}, ""primary_business_type"": {""source"": ""IQS:pressure-vessels"", ""date"": ""2026-06-17""}, ""contact_phone"": {""source"": ""IQS:pressure-vessels"", ""date"": ""2026-06-17""}, ""certifications_held"": {""source"": ""IQS:pressure-vessels"", ""date"": ""2026-06-17""}, ""materials_handled"": {""source"": ""IQS:pressure-vessels"", ""date"": ""2026-06-17""}}"
3603,"Gladwin Tank Mfg., Inc",,"Gladwin, MI",,"[""ASME (likely)""]",Pressure Vessel Manufacturer,"[""Carbon Steel"", ""Stainless Steel""]",,989-426-4768,[],,,IQS:pressure-vessels,2026-06-17 05:14:12,verified,verified,"{""company_name"": {""source"": ""IQS:pressure-vessels"", ""date"": ""2026-06-17""}, ""headquarters_location"": {""source"": ""IQS:pressure-vessels"", ""date"": ""2026-06-17""}, ""primary_business_type"": {""source"": ""IQS:pressure-vessels"", ""date"": ""2026-06-17""}, ""contact_phone"": {""source"": ""IQS:pressure-vessels"", ""date"": ""2026-06-17""}, ""certifications_held"": {""source"": ""IQS:pressure-vessels"", ""date"": ""2026-06-17""}, ""materials_handled"": {""source"": ""IQS:pressure-vessels"", ""date"": ""2026-06-17""}}"
3604,Midwest Tank Company,,"Big Lake, MN",,"[""ASME (likely)""]",Pressure Vessel Manufacturer,"[""Carbon Steel"", ""Stainless Steel""]",,763-263-0747,[],,,IQS:pressure-vessels,2026-06-17 05:14:12,verified,verified,"{""company_name"": {""source"": ""IQS:pressure-vessels"", ""date"": ""2026-06-17""}, ""headquarters_location"": {""source"": ""IQS:pressure-vessels"", ""date"": ""2026-06-17""}, ""primary_business_type"": {""source"": ""IQS:pressure-vessels"", ""date"": ""2026-06-17""}, ""contact_phone"": {""source"": ""IQS:pressure-vessels"", ""date"": ""2026-06-17""}, ""certifications_held"": {""source"": ""IQS:pressure-vessels"", ""date"": ""2026-06-17""}, ""materials_handled"": {""source"": ""IQS:pressure-vessels"", ""date"": ""2026-06-17""}}"
3605,"Vector Systems, Inc",,"McKinney, TX",,"[""ASME (likely)""]",Pressure Vessel Manufacturer,"[""Carbon Steel"", ""Stainless Steel""]",,214-544-9500,[],,,IQS:pressure-vessels,2026-06-17 05:14:12,verified,verified,"{""company_name"": {""source"": ""IQS:pressure-vessels"", ""date"": ""2026-06-17""}, ""headquarters_location"": {""source"": ""IQS:pressure-vessels"", ""date"": ""2026-06-17""}, ""primary_business_type"": {""source"": ""IQS:pressure-vessels"", ""date"": ""2026-06-17""}, ""contact_phone"": {""source"": ""IQS:pressure-vessels"", ""date"": ""2026-06-17""}, ""certifications_held"": {""source"": ""IQS:pressure-vessels"", ""date"": ""2026-06-17""}, ""materials_handled"": {""source"": ""IQS:pressure-vessels"", ""date"": ""2026-06-17""}}"
3606,Harris Thermal Transfer Products,,"Newberg, OR",,"[""TEMA-style""]",Heat Exchanger Manufacturer,"[""Carbon Steel"", ""Stainless Steel""]",,800-767-9507,[],,,IQS:heat-exchangers,2026-06-17 05:14:14,verified,verified,"{""company_name"": {""source"": ""IQS:heat-exchangers"", ""date"": ""2026-06-17""}, ""headquarters_location"": {""source"": ""IQS:heat-exchangers"", ""date"": ""2026-06-17""}, ""primary_business_type"": {""source"": ""IQS:heat-exchangers"", ""date"": ""2026-06-17""}, ""contact_phone"": {""source"": ""IQS:heat-exchangers"", ""date"": ""2026-06-17""}, ""certifications_held"": {""source"": ""IQS:heat-exchangers"", ""date"": ""2026-06-17""}, ""materials_handled"": {""source"": ""IQS:heat-exchangers"", ""date"": ""2026-06-17""}}"
3607,Perry Products,,"Corporation Hainesport, NJ",,"[""TEMA-style""]",Heat Exchanger Manufacturer,"[""Carbon Steel"", ""Stainless Steel""]",,609-267-1600,[],,,IQS:heat-exchangers,2026-06-17 05:14:14,verified,verified,"{""company_name"": {""source"": ""IQS:heat-exchangers"", ""date"": ""2026-06-17""}, ""headquarters_location"": {""source"": ""IQS:heat-exchangers"", ""date"": ""2026-06-17""}, ""primary_business_type"": {""source"": ""IQS:heat-exchangers"", ""date"": ""2026-06-17""}, ""contact_phone"": {""source"": ""IQS:heat-exchangers"", ""date"": ""2026-06-17""}, ""certifications_held"": {""source"": ""IQS:heat-exchangers"", ""date"": ""2026-06-17""}, ""materials_handled"": {""source"": ""IQS:heat-exchangers"", ""date"": ""2026-06-17""}}"
3608,"Perry. Read Reviews Bitzer US, Inc",,"Flowery Branch, GA",,"[""TEMA-style""]",Heat Exchanger Manufacturer,"[""Carbon Steel"", ""Stainless Steel""]",,770-503-9226,[],,,IQS:heat-exchangers,2026-06-17 05:14:14,verified,verified,"{""company_name"": {""source"": ""IQS:heat-exchangers"", ""date"": ""2026-06-17""}, ""headquarters_location"": {""source"": ""IQS:heat-exchangers"", ""date"": ""2026-06-17""}, ""primary_business_type"": {""source"": ""IQS:heat-exchangers"", ""date"": ""2026-06-17""}, ""contact_phone"": {""source"": ""IQS:heat-exchangers"", ""date"": ""2026-06-17""}, ""certifications_held"": {""source"": ""IQS:heat-exchangers"", ""date"": ""2026-06-17""}, ""materials_handled"": {""source"": ""IQS:heat-exchangers"", ""date"": ""2026-06-17""}}"
3609,"Taylor Forge Engineered Systems, Inc",,"Paola, KS",,"[""TEMA-style""]",Heat Exchanger Manufacturer,"[""Carbon Steel"", ""Stainless Steel""]",,913-294-5331,[],,,IQS:heat-exchangers,2026-06-17 05:14:14,verified,verified,"{""company_name"": {""source"": ""IQS:heat-exchangers"", ""date"": ""2026-06-17""}, ""headquarters_location"": {""source"": ""IQS:heat-exchangers"", ""date"": ""2026-06-17""}, ""primary_business_type"": {""source"": ""IQS:heat-exchangers"", ""date"": ""2026-06-17""}, ""contact_phone"": {""source"": ""IQS:heat-exchangers"", ""date"": ""2026-06-17""}, ""certifications_held"": {""source"": ""IQS:heat-exchangers"", ""date"": ""2026-06-17""}, ""materials_handled"": {""source"": ""IQS:heat-exchangers"", ""date"": ""2026-06-17""}}"
3610,"Cannon Boiler Works, Inc",,"New Kensington, PA",,"[""TEMA-style""]",Heat Exchanger Manufacturer,"[""Carbon Steel"", ""Stainless Steel""]",,724-335-8541,[],,,IQS:heat-exchangers,2026-06-17 05:14:14,verified,verified,"{""company_name"": {""source"": ""IQS:heat-exchangers"", ""date"": ""2026-06-17""}, ""headquarters_location"": {""source"": ""IQS:heat-exchangers"", ""date"": ""2026-06-17""}, ""primary_business_type"": {""source"": ""IQS:heat-exchangers"", ""date"": ""2026-06-17""}, ""contact_phone"": {""source"": ""IQS:heat-exchangers"", ""date"": ""2026-06-17""}, ""certifications_held"": {""source"": ""IQS:heat-exchangers"", ""date"": ""2026-06-17""}, ""materials_handled"": {""source"": ""IQS:heat-exchangers"", ""date"": ""2026-06-17""}}"
3611,Geo Heat Exchangers LLC,,"St. Gabriel, LA",,"[""TEMA-style""]",Heat Exchanger Manufacturer,"[""Carbon Steel"", ""Stainless Steel""]",,225-642-8900,[],,,IQS:heat-exchangers,2026-06-17 05:14:14,verified,verified,"{""company_name"": {""source"": ""IQS:heat-exchangers"", ""date"": ""2026-06-17""}, ""headquarters_location"": {""source"": ""IQS:heat-exchangers"", ""date"": ""2026-06-17""}, ""primary_business_type"": {""source"": ""IQS:heat-exchangers"", ""date"": ""2026-06-17""}, ""contact_phone"": {""source"": ""IQS:heat-exchangers"", ""date"": ""2026-06-17""}, ""certifications_held"": {""source"": ""IQS:heat-exchangers"", ""date"": ""2026-06-17""}, ""materials_handled"": {""source"": ""IQS:heat-exchangers"", ""date"": ""2026-06-17""}}"
3612,Pack Air Inc,,"Neenah, WI",,"[""CEMA-style""]",Conveyor Equipment Manufacturer,[],,920-727-3000,[],,,IQS:conveyors,2026-06-17 05:14:14,verified,verified,"{""company_name"": {""source"": ""IQS:conveyors"", ""date"": ""2026-06-17""}, ""headquarters_location"": {""source"": ""IQS:conveyors"", ""date"": ""2026-06-17""}, ""primary_business_type"": {""source"": ""IQS:conveyors"", ""date"": ""2026-06-17""}, ""contact_phone"": {""source"": ""IQS:conveyors"", ""date"": ""2026-06-17""}, ""certifications_held"": {""source"": ""IQS:conveyors"", ""date"": ""2026-06-17""}}"
3613,Dynamic Air Inc,,"St. Paul, MN",,"[""CEMA-style""]",Conveyor Equipment Manufacturer,[],,651-484-2900,[],,,IQS:conveyors,2026-06-17 05:14:14,verified,verified,"{""company_name"": {""source"": ""IQS:conveyors"", ""date"": ""2026-06-17""}, ""headquarters_location"": {""source"": ""IQS:conveyors"", ""date"": ""2026-06-17""}, ""primary_business_type"": {""source"": ""IQS:conveyors"", ""date"": ""2026-06-17""}, ""contact_phone"": {""source"": ""IQS:conveyors"", ""date"": ""2026-06-17""}, ""certifications_held"": {""source"": ""IQS:conveyors"", ""date"": ""2026-06-17""}}"
3614,Whirl-Air-Flow Corporation,,"Princeton, MN",,"[""CEMA-style""]",Conveyor Equipment Manufacturer,[],,763-262-1200,[],,,IQS:conveyors,2026-06-17 05:14:14,verified,verified,"{""company_name"": {""source"": ""IQS:conveyors"", ""date"": ""2026-06-17""}, ""headquarters_location"": {""source"": ""IQS:conveyors"", ""date"": ""2026-06-17""}, ""primary_business_type"": {""source"": ""IQS:conveyors"", ""date"": ""2026-06-17""}, ""contact_phone"": {""source"": ""IQS:conveyors"", ""date"": ""2026-06-17""}, ""certifications_held"": {""source"": ""IQS:conveyors"", ""date"": ""2026-06-17""}}"
3615,"Vecoplan, LLC",,"Greensboro, NC",,"[""CEMA-style""]",Conveyor Equipment Manufacturer,[],,336-298-8722,[],,,IQS:conveyors,2026-06-17 05:14:14,verified,verified,"{""company_name"": {""source"": ""IQS:conveyors"", ""date"": ""2026-06-17""}, ""headquarters_location"": {""source"": ""IQS:conveyors"", ""date"": ""2026-06-17""}, ""primary_business_type"": {""source"": ""IQS:conveyors"", ""date"": ""2026-06-17""}, ""contact_phone"": {""source"": ""IQS:conveyors"", ""date"": ""2026-06-17""}, ""certifications_held"": {""source"": ""IQS:conveyors"", ""date"": ""2026-06-17""}}"
3616,Conveyor Engineering & Mfg,,"Co. Cedar Rapids, IA",,"[""CEMA-style""]",Conveyor Equipment Manufacturer,[],,319-364-5600,[],,,IQS:conveyors,2026-06-17 05:14:14,verified,verified,"{""company_name"": {""source"": ""IQS:conveyors"", ""date"": ""2026-06-17""}, ""headquarters_location"": {""source"": ""IQS:conveyors"", ""date"": ""2026-06-17""}, ""primary_business_type"": {""source"": ""IQS:conveyors"", ""date"": ""2026-06-17""}, ""contact_phone"": {""source"": ""IQS:conveyors"", ""date"": ""2026-06-17""}, ""certifications_held"": {""source"": ""IQS:conveyors"", ""date"": ""2026-06-17""}}"
3617,Akona Process Solutions,,"Monroe, NC",,"[""CEMA-style""]",Conveyor Equipment Manufacturer,[],,877-463-1866,[],,,IQS:conveyors,2026-06-17 05:14:14,verified,verified,"{""company_name"": {""source"": ""IQS:conveyors"", ""date"": ""2026-06-17""}, ""headquarters_location"": {""source"": ""IQS:conveyors"", ""date"": ""2026-06-17""}, ""primary_business_type"": {""source"": ""IQS:conveyors"", ""date"": ""2026-06-17""}, ""contact_phone"": {""source"": ""IQS:conveyors"", ""date"": ""2026-06-17""}, ""certifications_held"": {""source"": ""IQS:conveyors"", ""date"": ""2026-06-17""}}"
3618,"FEECO International, Inc",,"Green Bay, WI",,"[""CEMA-style""]",Conveyor Equipment Manufacturer,[],,800-373-9347,[],,,IQS:conveyors,2026-06-17 05:14:14,verified,verified,"{""company_name"": {""source"": ""IQS:conveyors"", ""date"": ""2026-06-17""}, ""headquarters_location"": {""source"": ""IQS:conveyors"", ""date"": ""2026-06-17""}, ""primary_business_type"": {""source"": ""IQS:conveyors"", ""date"": ""2026-06-17""}, ""contact_phone"": {""source"": ""IQS:conveyors"", ""date"": ""2026-06-17""}, ""certifications_held"": {""source"": ""IQS:conveyors"", ""date"": ""2026-06-17""}}"
3619,Northern Manufacturing,,"Co. Oak Harbor, OH",,[],Custom Metal Fabricator,[],,419-898-2821,[],,,IQS:custom-metal-fabrication,2026-06-17 05:14:14,verified,inferred,"{""company_name"": {""source"": ""IQS:custom-metal-fabrication"", ""date"": ""2026-06-17""}, ""headquarters_location"": {""source"": ""IQS:custom-metal-fabrication"", ""date"": ""2026-06-17""}, ""primary_business_type"": {""source"": ""IQS:custom-metal-fabrication"", ""date"": ""2026-06-17""}, ""contact_phone"": {""source"": ""IQS:custom-metal-fabrication"", ""date"": ""2026-06-17""}}"
3620,"Hastelloy. Read Reviews Remaly Manufacturing Company, Inc",,"Tamaqua, PA",,[],Custom Metal Fabricator,[],,888-218-2260,[],,,IQS:custom-metal-fabrication,2026-06-17 05:14:14,verified,inferred,"{""company_name"": {""source"": ""IQS:custom-metal-fabrication"", ""date"": ""2026-06-17""}, ""headquarters_location"": {""source"": ""IQS:custom-metal-fabrication"", ""date"": ""2026-06-17""}, ""primary_business_type"": {""source"": ""IQS:custom-metal-fabrication"", ""date"": ""2026-06-17""}, ""contact_phone"": {""source"": ""IQS:custom-metal-fabrication"", ""date"": ""2026-06-17""}}"
3621,Shoreline Manufacturing,,"Holland, MI",,[],Custom Metal Fabricator,[],,616-298-8016,[],,,IQS:custom-metal-fabrication,2026-06-17 05:14:14,verified,inferred,"{""company_name"": {""source"": ""IQS:custom-metal-fabrication"", ""date"": ""2026-06-17""}, ""headquarters_location"": {""source"": ""IQS:custom-metal-fabrication"", ""date"": ""2026-06-17""}, ""primary_business_type"": {""source"": ""IQS:custom-metal-fabrication"", ""date"": ""2026-06-17""}, ""contact_phone"": {""source"": ""IQS:custom-metal-fabrication"", ""date"": ""2026-06-17""}}"
3622,Roto Dynamics Inc,,"Orange, CA",,"[""API 650/620 (likely)""]",Storage Tank Fabricator,"[""Carbon Steel""]",,877-768-6585,[],,,IQS:storage-tanks,2026-06-17 05:14:14,verified,verified,"{""company_name"": {""source"": ""IQS:storage-tanks"", ""date"": ""2026-06-17""}, ""headquarters_location"": {""source"": ""IQS:storage-tanks"", ""date"": ""2026-06-17""}, ""primary_business_type"": {""source"": ""IQS:storage-tanks"", ""date"": ""2026-06-17""}, ""contact_phone"": {""source"": ""IQS:storage-tanks"", ""date"": ""2026-06-17""}, ""certifications_held"": {""source"": ""IQS:storage-tanks"", ""date"": ""2026-06-17""}, ""materials_handled"": {""source"": ""IQS:storage-tanks"", ""date"": ""2026-06-17""}}"
3623,U.S. Plastic Corp,,"Lima, OH",,"[""API 650/620 (likely)""]",Storage Tank Fabricator,"[""Carbon Steel""]",,800-809-4217,[],,,IQS:storage-tanks,2026-06-17 05:14:14,verified,verified,"{""company_name"": {""source"": ""IQS:storage-tanks"", ""date"": ""2026-06-17""}, ""headquarters_location"": {""source"": ""IQS:storage-tanks"", ""date"": ""2026-06-17""}, ""primary_business_type"": {""source"": ""IQS:storage-tanks"", ""date"": ""2026-06-17""}, ""contact_phone"": {""source"": ""IQS:storage-tanks"", ""date"": ""2026-06-17""}, ""certifications_held"": {""source"": ""IQS:storage-tanks"", ""date"": ""2026-06-17""}, ""materials_handled"": {""source"": ""IQS:storage-tanks"", ""date"": ""2026-06-17""}}"
3624,"Wagner Enterprise, Inc",,"Troy, MI",,"[""API 650/620 (likely)""]",Storage Tank Fabricator,"[""Carbon Steel""]",,248-879-9000,[],,,IQS:storage-tanks,2026-06-17 05:14:14,verified,verified,"{""company_name"": {""source"": ""IQS:storage-tanks"", ""date"": ""2026-06-17""}, ""headquarters_location"": {""source"": ""IQS:storage-tanks"", ""date"": ""2026-06-17""}, ""primary_business_type"": {""source"": ""IQS:storage-tanks"", ""date"": ""2026-06-17""}, ""contact_phone"": {""source"": ""IQS:storage-tanks"", ""date"": ""2026-06-17""}, ""certifications_held"": {""source"": ""IQS:storage-tanks"", ""date"": ""2026-06-17""}, ""materials_handled"": {""source"": ""IQS:storage-tanks"", ""date"": ""2026-06-17""}}"
3625,"All Plastics and Fiberglass, Inc",,"Mobile, AL",,"[""API 650/620 (likely)""]",Storage Tank Fabricator,"[""Carbon Steel""]",,800-226-1134,[],,,IQS:storage-tanks,2026-06-17 05:14:14,verified,verified,"{""company_name"": {""source"": ""IQS:storage-tanks"", ""date"": ""2026-06-17""}, ""headquarters_location"": {""source"": ""IQS:storage-tanks"", ""date"": ""2026-06-17""}, ""primary_business_type"": {""source"": ""IQS:storage-tanks"", ""date"": ""2026-06-17""}, ""contact_phone"": {""source"": ""IQS:storage-tanks"", ""date"": ""2026-06-17""}, ""certifications_held"": {""source"": ""IQS:storage-tanks"", ""date"": ""2026-06-17""}, ""materials_handled"": {""source"": ""IQS:storage-tanks"", ""date"": ""2026-06-17""}}"
3629,"Unilux Advanced Manufacturing, LLC",,"Schenectady, NY",,"[""ASME (likely)""]",Boiler Manufacturer,[],,518-344-7490,[],,,IQS:boilers,2026-06-17 05:14:14,verified,verified,"{""company_name"": {""source"": ""IQS:boilers"", ""date"": ""2026-06-17""}, ""headquarters_location"": {""source"": ""IQS:boilers"", ""date"": ""2026-06-17""}, ""primary_business_type"": {""source"": ""IQS:boilers"", ""date"": ""2026-06-17""}, ""contact_phone"": {""source"": ""IQS:boilers"", ""date"": ""2026-06-17""}, ""certifications_held"": {""source"": ""IQS:boilers"", ""date"": ""2026-06-17""}}"
3630,"Miura Boiler Co., Ltd",,"Rockmart, GA",,"[""ASME (likely)""]",Boiler Manufacturer,[],,678-685-0929,[],,,IQS:boilers,2026-06-17 05:14:14,verified,verified,"{""company_name"": {""source"": ""IQS:boilers"", ""date"": ""2026-06-17""}, ""headquarters_location"": {""source"": ""IQS:boilers"", ""date"": ""2026-06-17""}, ""primary_business_type"": {""source"": ""IQS:boilers"", ""date"": ""2026-06-17""}, ""contact_phone"": {""source"": ""IQS:boilers"", ""date"": ""2026-06-17""}, ""certifications_held"": {""source"": ""IQS:boilers"", ""date"": ""2026-06-17""}}"
3631,Indeck Power Equipment,,"Company Wheeling, IL",,"[""ASME (likely)""]",Boiler Manufacturer,[],,847-541-8300,[],,,IQS:boilers,2026-06-17 05:14:14,verified,verified,"{""company_name"": {""source"": ""IQS:boilers"", ""date"": ""2026-06-17""}, ""headquarters_location"": {""source"": ""IQS:boilers"", ""date"": ""2026-06-17""}, ""primary_business_type"": {""source"": ""IQS:boilers"", ""date"": ""2026-06-17""}, ""contact_phone"": {""source"": ""IQS:boilers"", ""date"": ""2026-06-17""}, ""certifications_held"": {""source"": ""IQS:boilers"", ""date"": ""2026-06-17""}}"
3632,Nationwide Boiler Inc,,"Fremont, CA",,"[""ASME (likely)""]",Boiler Manufacturer,[],,800-227-1966,[],,,IQS:boilers,2026-06-17 05:14:14,verified,verified,"{""company_name"": {""source"": ""IQS:boilers"", ""date"": ""2026-06-17""}, ""headquarters_location"": {""source"": ""IQS:boilers"", ""date"": ""2026-06-17""}, ""primary_business_type"": {""source"": ""IQS:boilers"", ""date"": ""2026-06-17""}, ""contact_phone"": {""source"": ""IQS:boilers"", ""date"": ""2026-06-17""}, ""certifications_held"": {""source"": ""IQS:boilers"", ""date"": ""2026-06-17""}}"
7294,"Mid America Pipe Fabricating & Supply, LLC",,"Scammon, KS",,"[""STI/SPFA Member""]",Steel Tank / Pipe Fabricator,"[""Carbon Steel"", ""Steel""]",,620-827-6121,[],,,STI-SPFA,2026-06-17 05:14:54,verified,verified,"{""company_name"": {""source"": ""STI-SPFA"", ""date"": ""2026-06-17""}, ""headquarters_location"": {""source"": ""STI-SPFA"", ""date"": ""2026-06-17""}, ""primary_business_type"": {""source"": ""STI-SPFA"", ""date"": ""2026-06-17""}, ""contact_phone"": {""source"": ""STI-SPFA"", ""date"": ""2026-06-17""}, ""certifications_held"": {""source"": ""STI-SPFA"", ""date"": ""2026-06-17""}, ""materials_handled"": {""source"": ""STI-SPFA"", ""date"": ""2026-06-17""}}"
7295,"Scammon, KS 66773",https://www.midamericapipe.com/,,,"[""STI/SPFA Member""]",Steel Tank / Pipe Fabricator,"[""Carbon Steel"", ""Steel""]",,620-827-6121,[],,,STI-SPFA,2026-06-17 05:14:54,incomplete,partial,"{""company_name"": {""source"": ""STI-SPFA"", ""date"": ""2026-06-17""}, ""website_url"": {""source"": ""STI-SPFA"", ""date"": ""2026-06-17""}, ""primary_business_type"": {""source"": ""STI-SPFA"", ""date"": ""2026-06-17""}, ""contact_phone"": {""source"": ""STI-SPFA"", ""date"": ""2026-06-17""}, ""certifications_held"": {""source"": ""STI-SPFA"", ""date"": ""2026-06-17""}, ""materials_handled"": {""source"": ""STI-SPFA"", ""date"": ""2026-06-17""}}"
7296,"Mid America Pipe Fabricating & Supply, LLC's website",https://www.midamericapipe.com/,"Cleveland, MS",,"[""STI/SPFA Member""]",Steel Tank / Pipe Fabricator,"[""Carbon Steel"", ""Steel""]",,,[],,,STI-SPFA,2026-06-17 05:14:54,verified,verified,"{""company_name"": {""source"": ""STI-SPFA"", ""date"": ""2026-06-17""}, ""website_url"": {""source"": ""STI-SPFA"", ""date"": ""2026-06-17""}, ""headquarters_location"": {""source"": ""STI-SPFA"", ""date"": ""2026-06-17""}, ""primary_business_type"": {""source"": ""STI-SPFA"", ""date"": ""2026-06-17""}, ""certifications_held"": {""source"": ""STI-SPFA"", ""date"": ""2026-06-17""}, ""materials_handled"": {""source"": ""STI-SPFA"", ""date"": ""2026-06-17""}}"
7298,"LT Corporation, Inc",,"Cleveland, MS",,"[""STI/SPFA Member""]",Steel Tank / Pipe Fabricator,"[""Carbon Steel"", ""Steel""]",,662-843-4046,[],,,STI-SPFA,2026-06-17 05:14:54,verified,verified,"{""company_name"": {""source"": ""STI-SPFA"", ""date"": ""2026-06-17""}, ""headquarters_location"": {""source"": ""STI-SPFA"", ""date"": ""2026-06-17""}, ""primary_business_type"": {""source"": ""STI-SPFA"", ""date"": ""2026-06-17""}, ""contact_phone"": {""source"": ""STI-SPFA"", ""date"": ""2026-06-17""}, ""certifications_held"": {""source"": ""STI-SPFA"", ""date"": ""2026-06-17""}, ""materials_handled"": {""source"": ""STI-SPFA"", ""date"": ""2026-06-17""}}"
7299,2914 U.S. 61,https://ltcorp-inc.com/,"Cleveland, MS",,"[""STI/SPFA Member""]",Steel Tank / Pipe Fabricator,"[""Carbon Steel"", ""Steel""]",,662-843-4046,[],,,STI-SPFA,2026-06-17 05:14:54,verified,verified,"{""company_name"": {""source"": ""STI-SPFA"", ""date"": ""2026-06-17""}, ""website_url"": {""source"": ""STI-SPFA"", ""date"": ""2026-06-17""}, ""headquarters_location"": {""source"": ""STI-SPFA"", ""date"": ""2026-06-17""}, ""primary_business_type"": {""source"": ""STI-SPFA"", ""date"": ""2026-06-17""}, ""contact_phone"": {""source"": ""STI-SPFA"", ""date"": ""2026-06-17""}, ""certifications_held"": {""source"": ""STI-SPFA"", ""date"": ""2026-06-17""}, ""materials_handled"": {""source"": ""STI-SPFA"", ""date"": ""2026-06-17""}}"
7300,"Cleveland, MS 38732",https://ltcorp-inc.com/,,,"[""STI/SPFA Member""]",Steel Tank / Pipe Fabricator,"[""Carbon Steel"", ""Steel""]",,662-843-4046,[],,,STI-SPFA,2026-06-17 05:14:54,incomplete,partial,"{""company_name"": {""source"": ""STI-SPFA"", ""date"": ""2026-06-17""}, ""website_url"": {""source"": ""STI-SPFA"", ""date"": ""2026-06-17""}, ""primary_business_type"": {""source"": ""STI-SPFA"", ""date"": ""2026-06-17""}, ""contact_phone"": {""source"": ""STI-SPFA"", ""date"": ""2026-06-17""}, ""certifications_held"": {""source"": ""STI-SPFA"", ""date"": ""2026-06-17""}, ""materials_handled"": {""source"": ""STI-SPFA"", ""date"": ""2026-06-17""}}"
7301,"LT Corporation, Inc.'s website",https://ltcorp-inc.com/,,,"[""STI/SPFA Member""]",Steel Tank / Pipe Fabricator,"[""Carbon Steel"", ""Steel""]",,,[],,,STI-SPFA,2026-06-17 05:14:54,incomplete,partial,"{""company_name"": {""source"": ""STI-SPFA"", ""date"": ""2026-06-17""}, ""website_url"": {""source"": ""STI-SPFA"", ""date"": ""2026-06-17""}, ""primary_business_type"": {""source"": ""STI-SPFA"", ""date"": ""2026-06-17""}, ""certifications_held"": {""source"": ""STI-SPFA"", ""date"": ""2026-06-17""}, ""materials_handled"": {""source"": ""STI-SPFA"", ""date"": ""2026-06-17""}}"
7303,Shannon Oelkers,https://www.integrity-env.com/,,,"[""STI/SPFA Member""]",Steel Tank / Pipe Fabricator,"[""Carbon Steel"", ""Steel""]",,907-854-7347,[],,,STI-SPFA,2026-06-17 05:14:54,incomplete,partial,"{""company_name"": {""source"": ""STI-SPFA"", ""date"": ""2026-06-17""}, ""website_url"": {""source"": ""STI-SPFA"", ""date"": ""2026-06-17""}, ""primary_business_type"": {""source"": ""STI-SPFA"", ""date"": ""2026-06-17""}, ""contact_phone"": {""source"": ""STI-SPFA"", ""date"": ""2026-06-17""}, ""certifications_held"": {""source"": ""STI-SPFA"", ""date"": ""2026-06-17""}, ""materials_handled"": {""source"": ""STI-SPFA"", ""date"": ""2026-06-17""}}"
7304,"Owner, Principal Consultant, Integrity Environmental LLC",https://www.integrity-env.com/,,,"[""STI/SPFA Member""]",Steel Tank / Pipe Fabricator,"[""Carbon Steel"", ""Steel""]",,907-854-7347,[],,,STI-SPFA,2026-06-17 05:14:54,incomplete,partial,"{""company_name"": {""source"": ""STI-SPFA"", ""date"": ""2026-06-17""}, ""website_url"": {""source"": ""STI-SPFA"", ""date"": ""2026-06-17""}, ""primary_business_type"": {""source"": ""STI-SPFA"", ""date"": ""2026-06-17""}, ""contact_phone"": {""source"": ""STI-SPFA"", ""date"": ""2026-06-17""}, ""certifications_held"": {""source"": ""STI-SPFA"", ""date"": ""2026-06-17""}, ""materials_handled"": {""source"": ""STI-SPFA"", ""date"": ""2026-06-17""}}"
7305,Shannon Oelkers's website,https://www.integrity-env.com/,"Fall River, WI",,"[""STI/SPFA Member""]",Steel Tank / Pipe Fabricator,"[""Carbon Steel"", ""Steel""]",,,[],,,STI-SPFA,2026-06-17 05:14:54,verified,verified,"{""company_name"": {""source"": ""STI-SPFA"", ""date"": ""2026-06-17""}, ""website_url"": {""source"": ""STI-SPFA"", ""date"": ""2026-06-17""}, ""headquarters_location"": {""source"": ""STI-SPFA"", ""date"": ""2026-06-17""}, ""primary_business_type"": {""source"": ""STI-SPFA"", ""date"": ""2026-06-17""}, ""certifications_held"": {""source"": ""STI-SPFA"", ""date"": ""2026-06-17""}, ""materials_handled"": {""source"": ""STI-SPFA"", ""date"": ""2026-06-17""}}"
7307,EK Machine Co. Inc. Power Products,,"Fall River, WI",,"[""STI/SPFA Member""]",Steel Tank / Pipe Fabricator,"[""Carbon Steel"", ""Steel""]",,920-484-3700,[],,,STI-SPFA,2026-06-17 05:14:54,verified,verified,"{""company_name"": {""source"": ""STI-SPFA"", ""date"": ""2026-06-17""}, ""headquarters_location"": {""source"": ""STI-SPFA"", ""date"": ""2026-06-17""}, ""primary_business_type"": {""source"": ""STI-SPFA"", ""date"": ""2026-06-17""}, ""contact_phone"": {""source"": ""STI-SPFA"", ""date"": ""2026-06-17""}, ""certifications_held"": {""source"": ""STI-SPFA"", ""date"": ""2026-06-17""}, ""materials_handled"": {""source"": ""STI-SPFA"", ""date"": ""2026-06-17""}}"
7308,"Fall River, WI 53932",https://www.ekpowerproducts.com/,,,"[""STI/SPFA Member""]",Steel Tank / Pipe Fabricator,"[""Carbon Steel"", ""Steel""]",,920-484-3700,[],,,STI-SPFA,2026-06-17 05:14:54,incomplete,partial,"{""company_name"": {""source"": ""STI-SPFA"", ""date"": ""2026-06-17""}, ""website_url"": {""source"": ""STI-SPFA"", ""date"": ""2026-06-17""}, ""primary_business_type"": {""source"": ""STI-SPFA"", ""date"": ""2026-06-17""}, ""contact_phone"": {""source"": ""STI-SPFA"", ""date"": ""2026-06-17""}, ""certifications_held"": {""source"": ""STI-SPFA"", ""date"": ""2026-06-17""}, ""materials_handled"": {""source"": ""STI-SPFA"", ""date"": ""2026-06-17""}}"
7309,EK Machine Co. Inc. Power Products's website,https://www.ekpowerproducts.com/,"Kawartha Lakes, ON",,"[""STI/SPFA Member""]",Steel Tank / Pipe Fabricator,"[""Carbon Steel"", ""Steel""]",,,[],,,STI-SPFA,2026-06-17 05:14:54,verified,verified,"{""company_name"": {""source"": ""STI-SPFA"", ""date"": ""2026-06-17""}, ""website_url"": {""source"": ""STI-SPFA"", ""date"": ""2026-06-17""}, ""headquarters_location"": {""source"": ""STI-SPFA"", ""date"": ""2026-06-17""}, ""primary_business_type"": {""source"": ""STI-SPFA"", ""date"": ""2026-06-17""}, ""certifications_held"": {""source"": ""STI-SPFA"", ""date"": ""2026-06-17""}, ""materials_handled"": {""source"": ""STI-SPFA"", ""date"": ""2026-06-17""}}"
7311,26 Fallingbrook Crescent,http://netprofitxl.com/,"Kawartha Lakes, ON",,"[""STI/SPFA Member""]",Steel Tank / Pipe Fabricator,"[""Carbon Steel"", ""Steel""]",,416-527-4760,[],,,STI-SPFA,2026-06-17 05:14:54,verified,verified,"{""company_name"": {""source"": ""STI-SPFA"", ""date"": ""2026-06-17""}, ""website_url"": {""source"": ""STI-SPFA"", ""date"": ""2026-06-17""}, ""headquarters_location"": {""source"": ""STI-SPFA"", ""date"": ""2026-06-17""}, ""primary_business_type"": {""source"": ""STI-SPFA"", ""date"": ""2026-06-17""}, ""contact_phone"": {""source"": ""STI-SPFA"", ""date"": ""2026-06-17""}, ""certifications_held"": {""source"": ""STI-SPFA"", ""date"": ""2026-06-17""}, ""materials_handled"": {""source"": ""STI-SPFA"", ""date"": ""2026-06-17""}}"
7312,"Kawartha Lakes, ON K9V 0B3",http://netprofitxl.com/,,,"[""STI/SPFA Member""]",Steel Tank / Pipe Fabricator,"[""Carbon Steel"", ""Steel""]",,416-527-4760,[],,,STI-SPFA,2026-06-17 05:14:54,incomplete,partial,"{""company_name"": {""source"": ""STI-SPFA"", ""date"": ""2026-06-17""}, ""website_url"": {""source"": ""STI-SPFA"", ""date"": ""2026-06-17""}, ""primary_business_type"": {""source"": ""STI-SPFA"", ""date"": ""2026-06-17""}, ""contact_phone"": {""source"": ""STI-SPFA"", ""date"": ""2026-06-17""}, ""certifications_held"": {""source"": ""STI-SPFA"", ""date"": ""2026-06-17""}, ""materials_handled"": {""source"": ""STI-SPFA"", ""date"": ""2026-06-17""}}"
7313,NetProfitXL's website,http://netprofitxl.com/,"Pedricktown, NJ",,"[""STI/SPFA Member""]",Steel Tank / Pipe Fabricator,"[""Carbon Steel"", ""Steel""]",,,[],,,STI-SPFA,2026-06-17 05:14:54,verified,verified,"{""company_name"": {""source"": ""STI-SPFA"", ""date"": ""2026-06-17""}, ""website_url"": {""source"": ""STI-SPFA"", ""date"": ""2026-06-17""}, ""headquarters_location"": {""source"": ""STI-SPFA"", ""date"": ""2026-06-17""}, ""primary_business_type"": {""source"": ""STI-SPFA"", ""date"": ""2026-06-17""}, ""certifications_held"": {""source"": ""STI-SPFA"", ""date"": ""2026-06-17""}, ""materials_handled"": {""source"": ""STI-SPFA"", ""date"": ""2026-06-17""}}"
7318,David Chrien,,,,"[""STI/SPFA Member""]",Steel Tank / Pipe Fabricator,"[""Carbon Steel"", ""Steel""]",,216-431-6100,[],,,STI-SPFA,2026-06-17 05:14:54,incomplete,partial,"{""company_name"": {""source"": ""STI-SPFA"", ""date"": ""2026-06-17""}, ""primary_business_type"": {""source"": ""STI-SPFA"", ""date"": ""2026-06-17""}, ""contact_phone"": {""source"": ""STI-SPFA"", ""date"": ""2026-06-17""}, ""certifications_held"": {""source"": ""STI-SPFA"", ""date"": ""2026-06-17""}, ""materials_handled"": {""source"": ""STI-SPFA"", ""date"": ""2026-06-17""}}"
7319,Service Station Equipment Co,,,,"[""STI/SPFA Member""]",Steel Tank / Pipe Fabricator,"[""Carbon Steel"", ""Steel""]",,216-431-6100,[],,,STI-SPFA,2026-06-17 05:14:54,incomplete,partial,"{""company_name"": {""source"": ""STI-SPFA"", ""date"": ""2026-06-17""}, ""primary_business_type"": {""source"": ""STI-SPFA"", ""date"": ""2026-06-17""}, ""contact_phone"": {""source"": ""STI-SPFA"", ""date"": ""2026-06-17""}, ""certifications_held"": {""source"": ""STI-SPFA"", ""date"": ""2026-06-17""}, ""materials_handled"": {""source"": ""STI-SPFA"", ""date"": ""2026-06-17""}}"
7320,TF Warren Group,,"Spring, TX",,"[""STI/SPFA Member""]",Steel Tank / Pipe Fabricator,"[""Carbon Steel"", ""Steel""]",,832-299-3200,[],,,STI-SPFA,2026-06-17 05:14:54,verified,verified,"{""company_name"": {""source"": ""STI-SPFA"", ""date"": ""2026-06-17""}, ""headquarters_location"": {""source"": ""STI-SPFA"", ""date"": ""2026-06-17""}, ""primary_business_type"": {""source"": ""STI-SPFA"", ""date"": ""2026-06-17""}, ""contact_phone"": {""source"": ""STI-SPFA"", ""date"": ""2026-06-17""}, ""certifications_held"": {""source"": ""STI-SPFA"", ""date"": ""2026-06-17""}, ""materials_handled"": {""source"": ""STI-SPFA"", ""date"": ""2026-06-17""}}"
7321,"Spring, TX 77386-2467",https://www.tfwarren.com/,,,"[""STI/SPFA Member""]",Steel Tank / Pipe Fabricator,"[""Carbon Steel"", ""Steel""]",,832-299-3200,[],,,STI-SPFA,2026-06-17 05:14:54,incomplete,partial,"{""company_name"": {""source"": ""STI-SPFA"", ""date"": ""2026-06-17""}, ""website_url"": {""source"": ""STI-SPFA"", ""date"": ""2026-06-17""}, ""primary_business_type"": {""source"": ""STI-SPFA"", ""date"": ""2026-06-17""}, ""contact_phone"": {""source"": ""STI-SPFA"", ""date"": ""2026-06-17""}, ""certifications_held"": {""source"": ""STI-SPFA"", ""date"": ""2026-06-17""}, ""materials_handled"": {""source"": ""STI-SPFA"", ""date"": ""2026-06-17""}}"
7322,TF Warren Group's website,https://www.tfwarren.com/,"Downers Grove, IL",,"[""STI/SPFA Member""]",Steel Tank / Pipe Fabricator,"[""Carbon Steel"", ""Steel""]",,,[],,,STI-SPFA,2026-06-17 05:14:54,verified,verified,"{""company_name"": {""source"": ""STI-SPFA"", ""date"": ""2026-06-17""}, ""website_url"": {""source"": ""STI-SPFA"", ""date"": ""2026-06-17""}, ""headquarters_location"": {""source"": ""STI-SPFA"", ""date"": ""2026-06-17""}, ""primary_business_type"": {""source"": ""STI-SPFA"", ""date"": ""2026-06-17""}, ""certifications_held"": {""source"": ""STI-SPFA"", ""date"": ""2026-06-17""}, ""materials_handled"": {""source"": ""STI-SPFA"", ""date"": ""2026-06-17""}}"
7323,"Earthsafe Systems, Inc",,"Downers Grove, IL",,"[""STI/SPFA Member""]",Steel Tank / Pipe Fabricator,"[""Carbon Steel"", ""Steel""]",,312-226-7600,[],,,STI-SPFA,2026-06-17 05:14:54,verified,verified,"{""company_name"": {""source"": ""STI-SPFA"", ""date"": ""2026-06-17""}, ""headquarters_location"": {""source"": ""STI-SPFA"", ""date"": ""2026-06-17""}, ""primary_business_type"": {""source"": ""STI-SPFA"", ""date"": ""2026-06-17""}, ""contact_phone"": {""source"": ""STI-SPFA"", ""date"": ""2026-06-17""}, ""certifications_held"": {""source"": ""STI-SPFA"", ""date"": ""2026-06-17""}, ""materials_handled"": {""source"": ""STI-SPFA"", ""date"": ""2026-06-17""}}"
7324,"Downers Grove, IL 60515-4021",http://www.earthsafe.com/,,,"[""STI/SPFA Member""]",Steel Tank / Pipe Fabricator,"[""Carbon Steel"", ""Steel""]",,312-226-7600,[],,,STI-SPFA,2026-06-17 05:14:54,incomplete,partial,"{""company_name"": {""source"": ""STI-SPFA"", ""date"": ""2026-06-17""}, ""website_url"": {""source"": ""STI-SPFA"", ""date"": ""2026-06-17""}, ""primary_business_type"": {""source"": ""STI-SPFA"", ""date"": ""2026-06-17""}, ""contact_phone"": {""source"": ""STI-SPFA"", ""date"": ""2026-06-17""}, ""certifications_held"": {""source"": ""STI-SPFA"", ""date"": ""2026-06-17""}, ""materials_handled"": {""source"": ""STI-SPFA"", ""date"": ""2026-06-17""}}"
7325,"Earthsafe Systems, Inc.'s website",http://www.earthsafe.com/,"Charlotte, NC",,"[""STI/SPFA Member""]",Steel Tank / Pipe Fabricator,"[""Carbon Steel"", ""Steel""]",,,[],,,STI-SPFA,2026-06-17 05:14:54,verified,verified,"{""company_name"": {""source"": ""STI-SPFA"", ""date"": ""2026-06-17""}, ""website_url"": {""source"": ""STI-SPFA"", ""date"": ""2026-06-17""}, ""headquarters_location"": {""source"": ""STI-SPFA"", ""date"": ""2026-06-17""}, ""primary_business_type"": {""source"": ""STI-SPFA"", ""date"": ""2026-06-17""}, ""certifications_held"": {""source"": ""STI-SPFA"", ""date"": ""2026-06-17""}, ""materials_handled"": {""source"": ""STI-SPFA"", ""date"": ""2026-06-17""}}"
7326,USI Insurance Services,,"Charlotte, NC",,"[""STI/SPFA Member""]",Steel Tank / Pipe Fabricator,"[""Carbon Steel"", ""Steel""]",,704-901-8644,[],,,STI-SPFA,2026-06-17 05:14:54,verified,verified,"{""company_name"": {""source"": ""STI-SPFA"", ""date"": ""2026-06-17""}, ""headquarters_location"": {""source"": ""STI-SPFA"", ""date"": ""2026-06-17""}, ""primary_business_type"": {""source"": ""STI-SPFA"", ""date"": ""2026-06-17""}, ""contact_phone"": {""source"": ""STI-SPFA"", ""date"": ""2026-06-17""}, ""certifications_held"": {""source"": ""STI-SPFA"", ""date"": ""2026-06-17""}, ""materials_handled"": {""source"": ""STI-SPFA"", ""date"": ""2026-06-17""}}"
7327,"Charlotte, NC 28210-3277",https://www.usi.com/,,,"[""STI/SPFA Member""]",Steel Tank / Pipe Fabricator,"[""Carbon Steel"", ""Steel""]",,704-901-8644,[],,,STI-SPFA,2026-06-17 05:14:54,incomplete,partial,"{""company_name"": {""source"": ""STI-SPFA"", ""date"": ""2026-06-17""}, ""website_url"": {""source"": ""STI-SPFA"", ""date"": ""2026-06-17""}, ""primary_business_type"": {""source"": ""STI-SPFA"", ""date"": ""2026-06-17""}, ""contact_phone"": {""source"": ""STI-SPFA"", ""date"": ""2026-06-17""}, ""certifications_held"": {""source"": ""STI-SPFA"", ""date"": ""2026-06-17""}, ""materials_handled"": {""source"": ""STI-SPFA"", ""date"": ""2026-06-17""}}"
7328,USI Insurance Services's website,https://www.usi.com/,"Sparks, NV",,"[""STI/SPFA Member""]",Steel Tank / Pipe Fabricator,"[""Carbon Steel"", ""Steel""]",,,[],,,STI-SPFA,2026-06-17 05:14:54,verified,verified,"{""company_name"": {""source"": ""STI-SPFA"", ""date"": ""2026-06-17""}, ""website_url"": {""source"": ""STI-SPFA"", ""date"": ""2026-06-17""}, ""headquarters_location"": {""source"": ""STI-SPFA"", ""date"": ""2026-06-17""}, ""primary_business_type"": {""source"": ""STI-SPFA"", ""date"": ""2026-06-17""}, ""certifications_held"": {""source"": ""STI-SPFA"", ""date"": ""2026-06-17""}, ""materials_handled"": {""source"": ""STI-SPFA"", ""date"": ""2026-06-17""}}"
7329,Resource Development Company,,"Sparks, NV",,"[""STI/SPFA Member""]",Steel Tank / Pipe Fabricator,"[""Carbon Steel"", ""Steel""]",,,[],,,STI-SPFA,2026-06-17 05:14:54,incomplete,partial,"{""company_name"": {""source"": ""STI-SPFA"", ""date"": ""2026-06-17""}, ""headquarters_location"": {""source"": ""STI-SPFA"", ""date"": ""2026-06-17""}, ""primary_business_type"": {""source"": ""STI-SPFA"", ""date"": ""2026-06-17""}, ""certifications_held"": {""source"": ""STI-SPFA"", ""date"": ""2026-06-17""}, ""materials_handled"": {""source"": ""STI-SPFA"", ""date"": ""2026-06-17""}}"
7330,"Sparks, NV 89431",https://www.resourcedevelopmentco.com/,,,"[""STI/SPFA Member""]",Steel Tank / Pipe Fabricator,"[""Carbon Steel"", ""Steel""]",,775-356-8004,[],,,STI-SPFA,2026-06-17 05:14:54,incomplete,partial,"{""company_name"": {""source"": ""STI-SPFA"", ""date"": ""2026-06-17""}, ""website_url"": {""source"": ""STI-SPFA"", ""date"": ""2026-06-17""}, ""primary_business_type"": {""source"": ""STI-SPFA"", ""date"": ""2026-06-17""}, ""contact_phone"": {""source"": ""STI-SPFA"", ""date"": ""2026-06-17""}, ""certifications_held"": {""source"": ""STI-SPFA"", ""date"": ""2026-06-17""}, ""materials_handled"": {""source"": ""STI-SPFA"", ""date"": ""2026-06-17""}}"
7332,Resource Development Company's website,https://www.resourcedevelopmentco.com/,"Buffalo, NY",,"[""STI/SPFA Member""]",Steel Tank / Pipe Fabricator,"[""Carbon Steel"", ""Steel""]",,,[],,,STI-SPFA,2026-06-17 05:14:54,verified,verified,"{""company_name"": {""source"": ""STI-SPFA"", ""date"": ""2026-06-17""}, ""website_url"": {""source"": ""STI-SPFA"", ""date"": ""2026-06-17""}, ""headquarters_location"": {""source"": ""STI-SPFA"", ""date"": ""2026-06-17""}, ""primary_business_type"": {""source"": ""STI-SPFA"", ""date"": ""2026-06-17""}, ""certifications_held"": {""source"": ""STI-SPFA"", ""date"": ""2026-06-17""}, ""materials_handled"": {""source"": ""STI-SPFA"", ""date"": ""2026-06-17""}}"
7333,Lancaster Tank,,"Buffalo, NY",,"[""STI/SPFA Member""]",Steel Tank / Pipe Fabricator,"[""Carbon Steel"", ""Steel""]",,800-735-2013,[],,,STI-SPFA,2026-06-17 05:14:54,verified,verified,"{""company_name"": {""source"": ""STI-SPFA"", ""date"": ""2026-06-17""}, ""headquarters_location"": {""source"": ""STI-SPFA"", ""date"": ""2026-06-17""}, ""primary_business_type"": {""source"": ""STI-SPFA"", ""date"": ""2026-06-17""}, ""contact_phone"": {""source"": ""STI-SPFA"", ""date"": ""2026-06-17""}, ""certifications_held"": {""source"": ""STI-SPFA"", ""date"": ""2026-06-17""}, ""materials_handled"": {""source"": ""STI-SPFA"", ""date"": ""2026-06-17""}}"
7334,"Buffalo, NY 14206-2939",https://www.lancastertanks.com/,,,"[""STI/SPFA Member""]",Steel Tank / Pipe Fabricator,"[""Carbon Steel"", ""Steel""]",,800-735-2013,[],,,STI-SPFA,2026-06-17 05:14:54,incomplete,partial,"{""company_name"": {""source"": ""STI-SPFA"", ""date"": ""2026-06-17""}, ""website_url"": {""source"": ""STI-SPFA"", ""date"": ""2026-06-17""}, ""primary_business_type"": {""source"": ""STI-SPFA"", ""date"": ""2026-06-17""}, ""contact_phone"": {""source"": ""STI-SPFA"", ""date"": ""2026-06-17""}, ""certifications_held"": {""source"": ""STI-SPFA"", ""date"": ""2026-06-17""}, ""materials_handled"": {""source"": ""STI-SPFA"", ""date"": ""2026-06-17""}}"
7335,Lancaster Tank's website,https://www.lancastertanks.com/,"Columbus, OH",,"[""STI/SPFA Member""]",Steel Tank / Pipe Fabricator,"[""Carbon Steel"", ""Steel""]",,,[],,,STI-SPFA,2026-06-17 05:14:54,verified,verified,"{""company_name"": {""source"": ""STI-SPFA"", ""date"": ""2026-06-17""}, ""website_url"": {""source"": ""STI-SPFA"", ""date"": ""2026-06-17""}, ""headquarters_location"": {""source"": ""STI-SPFA"", ""date"": ""2026-06-17""}, ""primary_business_type"": {""source"": ""STI-SPFA"", ""date"": ""2026-06-17""}, ""certifications_held"": {""source"": ""STI-SPFA"", ""date"": ""2026-06-17""}, ""materials_handled"": {""source"": ""STI-SPFA"", ""date"": ""2026-06-17""}}"
7336,"Com-Fab, Inc",,"Columbus, OH",,"[""STI/SPFA Member""]",Steel Tank / Pipe Fabricator,"[""Carbon Steel"", ""Steel""]",,614-272-8462,[],,,STI-SPFA,2026-06-17 05:14:54,verified,verified,"{""company_name"": {""source"": ""STI-SPFA"", ""date"": ""2026-06-17""}, ""headquarters_location"": {""source"": ""STI-SPFA"", ""date"": ""2026-06-17""}, ""primary_business_type"": {""source"": ""STI-SPFA"", ""date"": ""2026-06-17""}, ""contact_phone"": {""source"": ""STI-SPFA"", ""date"": ""2026-06-17""}, ""certifications_held"": {""source"": ""STI-SPFA"", ""date"": ""2026-06-17""}, ""materials_handled"": {""source"": ""STI-SPFA"", ""date"": ""2026-06-17""}}"
7337,"Columbus, OH 43204-2026",http://www.comfab-inc.com/index.html,,,"[""STI/SPFA Member""]",Steel Tank / Pipe Fabricator,"[""Carbon Steel"", ""Steel""]",,614-272-8462,[],,,STI-SPFA,2026-06-17 05:14:54,incomplete,partial,"{""company_name"": {""source"": ""STI-SPFA"", ""date"": ""2026-06-17""}, ""website_url"": {""source"": ""STI-SPFA"", ""date"": ""2026-06-17""}, ""primary_business_type"": {""source"": ""STI-SPFA"", ""date"": ""2026-06-17""}, ""contact_phone"": {""source"": ""STI-SPFA"", ""date"": ""2026-06-17""}, ""certifications_held"": {""source"": ""STI-SPFA"", ""date"": ""2026-06-17""}, ""materials_handled"": {""source"": ""STI-SPFA"", ""date"": ""2026-06-17""}}"
7338,"Com-Fab, Inc.'s website",http://www.comfab-inc.com/index.html,"North Kansas City, MO",,"[""STI/SPFA Member""]",Steel Tank / Pipe Fabricator,"[""Carbon Steel"", ""Steel""]",,,[],,,STI-SPFA,2026-06-17 05:14:54,verified,verified,"{""company_name"": {""source"": ""STI-SPFA"", ""date"": ""2026-06-17""}, ""website_url"": {""source"": ""STI-SPFA"", ""date"": ""2026-06-17""}, ""headquarters_location"": {""source"": ""STI-SPFA"", ""date"": ""2026-06-17""}, ""primary_business_type"": {""source"": ""STI-SPFA"", ""date"": ""2026-06-17""}, ""certifications_held"": {""source"": ""STI-SPFA"", ""date"": ""2026-06-17""}, ""materials_handled"": {""source"": ""STI-SPFA"", ""date"": ""2026-06-17""}}"
7339,"Tnemec Co., Inc",,"North Kansas City, MO",,"[""STI/SPFA Member""]",Steel Tank / Pipe Fabricator,"[""Carbon Steel"", ""Steel""]",,,[],,,STI-SPFA,2026-06-17 05:14:54,incomplete,partial,"{""company_name"": {""source"": ""STI-SPFA"", ""date"": ""2026-06-17""}, ""headquarters_location"": {""source"": ""STI-SPFA"", ""date"": ""2026-06-17""}, ""primary_business_type"": {""source"": ""STI-SPFA"", ""date"": ""2026-06-17""}, ""certifications_held"": {""source"": ""STI-SPFA"", ""date"": ""2026-06-17""}, ""materials_handled"": {""source"": ""STI-SPFA"", ""date"": ""2026-06-17""}}"
7340,"North Kansas City, MO 64116-3013",https://www.tnemec.com/,,,"[""STI/SPFA Member""]",Steel Tank / Pipe Fabricator,"[""Carbon Steel"", ""Steel""]",,800-863-6321,[],,,STI-SPFA,2026-06-17 05:14:54,incomplete,partial,"{""company_name"": {""source"": ""STI-SPFA"", ""date"": ""2026-06-17""}, ""website_url"": {""source"": ""STI-SPFA"", ""date"": ""2026-06-17""}, ""primary_business_type"": {""source"": ""STI-SPFA"", ""date"": ""2026-06-17""}, ""contact_phone"": {""source"": ""STI-SPFA"", ""date"": ""2026-06-17""}, ""certifications_held"": {""source"": ""STI-SPFA"", ""date"": ""2026-06-17""}, ""materials_handled"": {""source"": ""STI-SPFA"", ""date"": ""2026-06-17""}}"
7341,"Tnemec Co., Inc.'s website",https://www.tnemec.com/,,,"[""STI/SPFA Member""]",Steel Tank / Pipe Fabricator,"[""Carbon Steel"", ""Steel""]",,(506)8861718,[],,,STI-SPFA,2026-06-17 05:14:54,incomplete,partial,"{""company_name"": {""source"": ""STI-SPFA"", ""date"": ""2026-06-17""}, ""website_url"": {""source"": ""STI-SPFA"", ""date"": ""2026-06-17""}, ""primary_business_type"": {""source"": ""STI-SPFA"", ""date"": ""2026-06-17""}, ""contact_phone"": {""source"": ""STI-SPFA"", ""date"": ""2026-06-17""}, ""certifications_held"": {""source"": ""STI-SPFA"", ""date"": ""2026-06-17""}, ""materials_handled"": {""source"": ""STI-SPFA"", ""date"": ""2026-06-17""}}"
7342,Daniel Barrenechea,,,,"[""STI/SPFA Member""]",Steel Tank / Pipe Fabricator,"[""Carbon Steel"", ""Steel""]",,(506)8861718,[],,,STI-SPFA,2026-06-17 05:14:54,incomplete,partial,"{""company_name"": {""source"": ""STI-SPFA"", ""date"": ""2026-06-17""}, ""primary_business_type"": {""source"": ""STI-SPFA"", ""date"": ""2026-06-17""}, ""contact_phone"": {""source"": ""STI-SPFA"", ""date"": ""2026-06-17""}, ""certifications_held"": {""source"": ""STI-SPFA"", ""date"": ""2026-06-17""}, ""materials_handled"": {""source"": ""STI-SPFA"", ""date"": ""2026-06-17""}}"
